tree
version=v4
num_class=1
num_tree_per_iteration=1
label_index=0
max_feature_idx=37
objective=regression_l1
feature_names=Column_0 Column_1 Column_2 Column_3 Column_4 Column_5 Column_6 Column_7 Column_8 Column_9 Column_10 Column_11 Column_12 Column_13 Column_14 Column_15 Column_16 Column_17 Column_18 Column_19 Column_20 Column_21 Column_22 Column_23 Column_24 Column_25 Column_26 Column_27 Column_28 Column_29 Column_30 Column_31 Column_32 Column_33 Column_34 Column_35 Column_36 Column_37
feature_infos=[1:7] [0:12.199999809265137] [0:18.399999618530273] [0:9.1999998092651367] [0:9.8000001907348633] [0:8.3000001907348633] [0:1] [0.02857142873108387:11.971428871154785] [0.092857144773006439:9.9214286804199219] [0.15000000596046448:9.2178573608398438] [0.082784637808799744:6.3598713874816895] [0:1] [0:1] [-0.97492790222167969:0.97492790222167969] [-0.90096884965896606:1] [55:68] [1.1287000179290771:1.7733999490737915] [21.680000305175781:23.940000534057617] [67.05999755859375:75.599998474121094] [1.2000000476837158:1.9199999570846558] [0.41899999976158142:1] [0:1] [0:1] none none [0.45581352710723877:0.66375440359115601] [0.0026951399631798267:0.080621019005775452] [0.36949124932289124:0.66311311721801758] [0.014186088927090168:0.60748022794723511] [0.32767966389656067:0.87196558713912964] [0.00060735549777746201:0.26483410596847534] [0.24990837275981903:1.2908620834350586] [0.00026571803027763963:0.19806297123432159] [0.24990837275981903:1.5354659557342529] [0.00011387915583327413:0.049868226051330566] [0.18951895833015442:1.7498493194580078] [3.7959718611091375e-05:0.014733794145286083] [0.058782145380973816:10.676931381225586]
tree_sizes=1129 1146 1237 1236 1230 1232 1235 1245 1234 1236 1240 1148 1153 1153 1600 1228 1142 1591 1596 1595 1511 1605 1597 1588 1601 1595 1532 1515 1586 1587 1595 1610 1507 1509 1502 1421 1323 1429 1430 1514 1327 1336 1124 1341 1526 1124 1128 1110 1126 1526 1131 1511 1129 1340 1496 1343 1342 1125 1230 1521 1423 1340 1527 1127 1611 1519 1512 1620 1516 781 1345 1250 1123 1128 1609 1129 1130 1320 1518 1234 1510 1118 1517 1313 1425 860 1249 1220 1219 782 1417 1148 1224 1239 1048 1516 690 606 859 1604 1510 1526 775 775 953 1426 778 954 1596 1531 1332 952 958 1512 1524 1413 1503 1224 1420 1601 1224 1224 1530 1231 1223 703 706 1513 1227 1334 1306 1254 1342 1353 1335 1333 1507 1597 1232 1606 1519 866 1406 1520 1244 1411 593 605 1615 701

Tree=0
num_leaves=11
num_cat=0
split_feature=36 34 7 31 33 37 35 17 26 1
split_gain=95.4033 66.9339 85.8658 49.7024 50.851 42.8011 36.5649 28.6702 5.38152 5.12962
threshold=0.014050519093871118 0.006203702650964261 0.98428571224212658 0.88245674967765819 1.5071119666099551 1.835976302623749 0.43603140115737921 22.505000114440922 0.03760181367397309 0.5900000035762788
decision_type=2 2 2 2 2 2 2 2 2 2
left_child=1 2 6 4 -3 -5 -1 -4 -2 -10
right_child=8 3 7 5 -6 -7 -8 -9 9 -11
leaf_value=0.0046498461905866862 -0.0037017737235873933 0.0036154487740714101 0.0064249191526323558 0.0034287313930690287 0.013377252304926514 -0.0095749712642282242 0.0027933222521096465 0.013747565681114793 -0.0030487682577222579 -0.00071877642534673176
leaf_weight=2035 84 12680 287 304 210 334 1025 629 79 54
leaf_count=2035 84 12680 287 304 210 334 1025 629 79 54
internal_value=0.00382259 0.00406768 0.00748959 0.00306194 0.0034665 -0.00511158 0.00507749 0.0155475 -0.015947 -0.0121924
internal_weight=17721 17504 3976 13528 12890 638 3060 916 217 133
internal_count=17721 17504 3976 13528 12890 638 3060 916 217 133
is_linear=0
shrinkage=1


Tree=1
num_leaves=11
num_cat=0
split_feature=36 34 7 31 33 37 35 17 26 1
split_gain=92.7372 64.2115 81.9359 45.413 46.9749 40.9424 35.3386 28.2851 4.61808 5.12962
threshold=0.014050519093871118 0.006203702650964261 0.98428571224212658 0.88245674967765819 1.5071119666099551 1.835976302623749 0.43603140115737921 22.505000114440922 0.03760181367397309 0.5900000035762788
decision_type=2 2 2 2 2 2 2 2 2 2
left_child=1 2 6 4 -3 -5 -1 -4 -2 -10
right_child=8 3 7 5 -6 -7 -8 -9 9 -11
leaf_value=0.00080244009392336016 -0.0072986312228254966 -0.00020092540009645742 0.0025242608671076595 -0.00038204125966876746 0.009268024024832993 -0.012995632837247103 -0.00099838812639936798 0.0096272279997356228 -0.0066652159209363154 -0.0044051238435320553
leaf_weight=2035 84 12680 287 304 210 334 1025 629 79 54
leaf_count=2035 84 12680 287 304 210 334 1025 629 79 54
internal_value=-1.69291e-06 0.000239945 0.00359155 -0.000745121 -0.000358417 -0.00855799 0.00123529 0.0114629 -0.0194931 -0.016015
internal_weight=17721 17504 3976 13528 12890 638 3060 916 217 133
internal_count=17721 17504 3976 13528 12890 638 3060 916 217 133
is_linear=0
shrinkage=0.03


Tree=2
num_leaves=12
num_cat=0
split_feature=36 34 7 20 2 35 35 17 15 18 4
split_gain=82.4811 59.053 73.0909 44.2715 52.3995 44.6503 34.8083 25.0407 6.37058 3.76506 1.84821
threshold=0.014050519093871118 0.0061440516728907832 0.98428571224212658 0.85050001740455639 0.80500000715255748 1.0132819116115572 0.43603140115737921 22.505000114440922 57.500000000000007 67.360000610351577 0.3900000005960465
decision_type=2 2 2 2 2 2 2 2 2 2 2
left_child=1 2 6 5 -5 -3 -1 -4 -2 -10 -11
right_child=8 3 7 4 -6 -7 -8 -9 9 10 -12
leaf_value=0.00082771394904423501 -0.0027132032537525519 -0.0008149289867560146 0.0024485330410944296 -0.00042932045335869766 0.0013975208773422637 -0.0073295851345164705 -0.00096843648260738703 0.0094396958424942563 -0.0073273245679317048 -0.0081574199602855359 -0.0068654018366402017
leaf_weight=1929 52 2538 287 6275 4162 673 1025 615 50 59 56
leaf_count=1929 52 2538 287 6275 4162 673 1025 615 50 59 56
internal_value=-5.07872e-06 0.000222806 0.00350104 -0.0007034 0.000244323 -0.00378387 0.00121869 0.0109756 -0.0183871 -0.0212727 -0.0242609
internal_weight=17721 17504 3856 13648 10437 3211 2954 902 217 165 115
internal_count=17721 17504 3856 13648 10437 3211 2954 902 217 165 115
is_linear=0
shrinkage=0.03


Tree=3
num_leaves=12
num_cat=0
split_feature=36 34 7 31 33 37 35 17 15 18 4
split_gain=79.7792 56.8224 69.7521 44.6352 43.0916 39.9814 34.1781 26.0921 7.64992 3.76506 1.84821
threshold=0.014050519093871118 0.0061440516728907832 0.98428571224212658 0.88245674967765819 1.5071119666099551 1.835976302623749 0.43603140115737921 22.505000114440922 57.500000000000007 67.360000610351577 0.3900000005960465
decision_type=2 2 2 2 2 2 2 2 2 2 2
left_child=1 2 6 4 -3 -5 -1 -4 -2 -10 -11
right_child=8 3 7 5 -6 -7 -8 -9 9 10 -12
leaf_value=0.00080288253057290797 -0.0026318071561399754 -0.00017141657966433354 0.0023750770498615968 -0.00030155825291751305 0.0089480576777677349 -0.012419885367298525 -0.00093938338812916543 0.0091565049672194289 -0.0071075048308937528 -0.0079126973614769697 -0.0066594397815409948
leaf_weight=1929 52 12800 287 304 210 334 1025 615 50 59 56
leaf_count=1929 52 12800 287 304 210 334 1025 615 50 59 56
internal_value=-3.21652e-05 0.000191956 0.00340768 -0.000716589 -0.000336664 -0.00846395 0.00117806 0.0107095 -0.0181106 -0.0212727 -0.0242609
internal_weight=17721 17504 3856 13648 13010 638 2954 902 217 165 115
internal_count=17721 17504 3856 13648 13010 638 2954 902 217 165 115
is_linear=0
shrinkage=0.03


Tree=4
num_leaves=12
num_cat=0
split_feature=36 34 7 31 2 37 35 17 15 1 4
split_gain=77.387 55.7279 63.2582 41.5412 41.3033 37.1669 32.4309 30.1003 7.23411 3.87631 0.495934
threshold=0.014050519093871118 0.0061440516728907832 1.0049999952316286 0.88245674967765819 0.71999999880790722 1.835976302623749 0.34140628576278692 22.505000114440922 57.500000000000007 0.48999999463558203 0.3900000005960465
decision_type=2 2 2 2 2 2 2 2 2 2 2
left_child=1 2 6 4 -3 -5 -1 -4 -2 10 -10
right_child=8 3 7 5 -6 -7 -8 -9 9 -11 -12
leaf_value=0.0029156482743565339 -0.0025528529414557762 -0.00057162643628418444 0.0019136246822300945 -0.00029251150532998762 0.00061444180879631851 -0.012047288806279571 0.00012720606464244733 0.010407142298871868 -0.0077100045557525953 -0.0060868231374251562 -0.007060389876401508
leaf_weight=272 52 6642 254 304 6368 334 2756 574 51 59 55
leaf_count=272 52 6642 254 304 6368 334 2756 574 51 59 55
internal_value=-2.87794e-05 0.000191956 0.00337656 -0.000707796 -0.000341276 -0.00818182 0.00136724 0.0107246 -0.0178341 -0.0209091 -0.0243396
internal_weight=17721 17504 3856 13648 13010 638 3028 828 217 165 106
internal_count=17721 17504 3856 13648 13010 638 3028 828 217 165 106
is_linear=0
shrinkage=0.03


Tree=5
num_leaves=12
num_cat=0
split_feature=36 34 7 20 2 35 35 17 15 1 16
split_gain=75.0891 52.8044 62.1077 39.2715 46.5655 37.2292 31.382 29.0942 6.82992 3.4324 0.388378
threshold=0.014050519093871118 0.0061440516728907832 1.0049999952316286 0.85050001740455639 0.5900000035762788 1.0132819116115572 0.34140628576278692 22.505000114440922 57.500000000000007 0.48999999463558203 1.1423000097274782
decision_type=2 2 2 2 2 2 2 2 2 2 2
left_child=1 2 6 5 -5 -3 -1 -4 -2 10 -10
right_child=8 3 7 4 -6 -7 -8 -9 9 -11 -12
leaf_value=0.0028281788261258381 -0.0024762673532121027 -0.0007791200083810437 0.0018562159417631916 -0.00062205749188748004 0.0006602114755919873 -0.0066313074108707631 0.00012338988270317391 0.010094928029905711 -0.0086429149045997109 -0.0059042184433024019 -0.0062746052543184152
leaf_weight=272 52 2538 254 3634 6803 673 2756 574 54 59 52
leaf_count=272 52 2538 254 3634 6803 673 2756 574 54 59 52
internal_value=-1.8622e-05 0.000198812 0.00329876 -0.000677022 0.000215579 -0.00357832 0.00130779 0.0105797 -0.0175576 -0.0205455 -0.0237736
internal_weight=17721 17504 3856 13648 10437 3211 3028 828 217 165 106
internal_count=17721 17504 3856 13648 10437 3211 3028 828 217 165 106
is_linear=0
shrinkage=0.03


Tree=6
num_leaves=12
num_cat=0
split_feature=36 34 7 20 32 35 35 17 15 1 18
split_gain=70.4849 50.7053 60.7051 37.943 45.3435 30.2246 28.7813 28.1052 6.0564 2.62554 0.943396
threshold=0.014050519093871118 0.0061440516728907832 1.0049999952316286 0.83149999380111705 0.022409791126847271 0.34140628576278692 1.0132819116115572 22.505000114440922 57.500000000000007 0.48999999463558203 67.74499893188478
decision_type=2 2 2 2 2 2 2 2 2 2 2
left_child=1 2 5 6 -5 -1 -3 -4 -2 10 -10
right_child=8 3 7 4 -6 -7 -8 -9 9 -11 -12
leaf_value=0.0027433334613420628 -0.0024019793326157395 -0.00082830516595172468 0.0018005294635102958 -0.0016411503698611299 0.00036886725863780463 0.0001196881862220787 -0.0059629713291372149 0.0097920801890085396 -0.0082280909367716728 -0.005727091890003329 -0.0060309075079227649
leaf_weight=272 52 2284 254 1555 9178 2756 631 574 53 59 53
leaf_count=272 52 2284 254 1555 9178 2756 631 574 53 59 53
internal_value=-1.18503e-05 0.000198812 0.00323651 -0.000659437 0.000164912 0.00126816 -0.00369468 0.0104348 -0.0170046 -0.0198182 -0.0226415
internal_weight=17721 17504 3856 13648 10733 3028 2915 828 217 165 106
internal_count=17721 17504 3856 13648 10733 3028 2915 828 217 165 106
is_linear=0
shrinkage=0.03


Tree=7
num_leaves=12
num_cat=0
split_feature=36 34 7 20 32 35 35 11 15 1 16
split_gain=68.1269 49.3629 60.5594 37.3153 46.7883 31.4924 27.9171 22.1835 5.68706 2.26258 0.686395
threshold=0.014050519093871118 0.006203702650964261 0.98428571224212658 0.83149999380111705 0.022409791126847271 0.43603140115737921 1.0132819116115572 0.78571429848670971 57.500000000000007 0.48999999463558203 1.1423000097274782
decision_type=2 2 2 2 2 2 2 2 2 2 2
left_child=1 2 5 6 -5 -1 -3 -4 -2 10 -10
right_child=8 3 7 4 -6 -7 -8 -9 9 -11 -12
leaf_value=0.00071834047271011404 -0.0023299199526372674 -0.00080600848096719065 0.0048804693870370145 -0.0018486216153438904 0.00035780124087867051 -0.00092231041049232142 -0.0057840821892630994 0.015059242939216351 -0.0081367847293585694 -0.0055552791333032293 -0.0059054398714511788
leaf_weight=2035 52 2283 711 1436 9178 1025 631 205 54 59 52
leaf_count=2035 52 2283 711 1436 9178 1025 631 205 54 59 52
internal_value=-2.20078e-05 0.000185101 0.00312374 -0.000678593 0.000146976 0.00109804 -0.00368566 0.00989083 -0.0167281 -0.0194545 -0.0220755
internal_weight=17721 17504 3976 13528 10614 3060 2914 916 217 165 106
internal_count=17721 17504 3976 13528 10614 3060 2914 916 217 165 106
is_linear=0
shrinkage=0.03


Tree=8
num_leaves=12
num_cat=0
split_feature=36 34 7 33 36 35 17 11 26 15 37
split_gain=63.9854 47.0835 56.2534 35.7471 37.3497 28.9658 25.7075 11.8317 6.20092 5.47109 3.7458
threshold=0.014050519093871118 0.0061440516728907832 1.0049999952316286 0.34798131883144384 0.012477901764214041 0.34140628576278692 22.505000114440922 0.21428572386503222 0.035432687029242523 60.500000000000007 0.62919467687606823
decision_type=2 2 2 2 2 2 2 2 2 2 2
left_child=1 2 5 7 -5 -1 -4 -3 -2 -10 -11
right_child=8 3 6 4 -6 -7 -8 -9 9 10 -12
leaf_value=0.0026394832433204976 -0.0059038380424222695 -0.0012334461844612911 0.0016000994979938766 -0.00048481418071295027 0.0016590238663369895 0.00010745132740383461 0.0093519037017271728 0.0025916805791670557 -0.0019740301200366363 -0.0041720311223236552 -0.0091786211533099651
leaf_weight=272 62 64 254 12190 1047 2756 574 347 50 55 50
leaf_count=272 62 64 254 12190 1047 2756 574 347 50 55 50
internal_value=1.52362e-05 0.000215951 0.00314315 -0.000611079 -0.00088162 0.00124835 0.0100725 0.00810219 -0.0161751 -0.0129677 -0.0168571
internal_weight=17721 17504 3856 13648 13237 3028 828 411 217 155 105
internal_count=17721 17504 3856 13648 13237 3028 828 411 217 155 105
is_linear=0
shrinkage=0.03


Tree=9
num_leaves=12
num_cat=0
split_feature=36 11 33 7 0 19 7 9 26 15 25
split_gain=59.7408 46.5988 53.5824 45.4922 24.6778 26.5581 14.8207 14.1309 7.08571 4.48307 4.81167
threshold=0.014050519093871118 0.21428572386503222 0.3461094349622727 0.4435714334249497 2.5000000000000004 1.7800000309944155 0.98428571224212658 0.60482141375541698 0.035432687029242523 60.500000000000007 0.58715346455574047
decision_type=2 2 2 2 2 2 2 2 2 2 2
left_child=1 4 7 -4 6 -6 -1 -3 -2 -10 -11
right_child=8 2 3 -5 5 -7 -8 -9 9 10 -12
leaf_value=-0.0016186283160377251 -0.0057267229011496012 0.0019411566160036019 -0.00080813138234931542 0.00057108704083096661 -5.5968749467944652e-05 -0.0042209670424515067 -0.00059900663776210985 0.0052803028722584293 -0.0019148092164355372 -0.0050062540405998515 -0.0066570172054699478
leaf_weight=1206 62 653 1755 8977 4060 177 611 65 50 52 53
leaf_count=1206 62 653 1755 8977 4060 177 611 65 50 52 53
internal_value=2.20078e-05 0.000215951 0.00134148 0.00081066 -0.00191278 -0.000658485 -0.00483764 0.00927577 -0.0156221 -0.0121935 -0.0157143
internal_weight=17721 17504 11450 10732 6054 4237 1817 718 217 155 105
internal_count=17721 17504 11450 10732 6054 4237 1817 718 217 155 105
is_linear=0
shrinkage=0.03


Tree=10
num_leaves=12
num_cat=0
split_feature=36 11 33 34 0 36 7 9 26 15 25
split_gain=59.7408 45.3062 51.5569 41.972 24.0689 26.0189 15.0722 14.4872 7.08571 4.48307 4.81167
threshold=0.014050519093871118 0.21428572386503222 0.3461094349622727 0.0061440516728907832 2.5000000000000004 0.012477901764214041 0.98428571224212658 0.60482141375541698 0.035432687029242523 60.500000000000007 0.58715346455574047
decision_type=2 2 2 2 2 2 2 2 2 2 2
left_child=1 4 7 -4 6 -6 -1 -3 -2 -10 -11
right_child=8 2 3 -5 5 -7 -8 -9 9 10 -12
leaf_value=-0.0015700694665565934 -0.0055549212141151128 0.0018829219175234941 0.0012298648768141326 -7.3324160104672024e-05 -0.00055636787292095025 0.0022679935140026974 -0.00058103643862924658 0.0051218937860906758 -0.0018573649399424715 -0.0048560664193818565 -0.0064573066893058488
leaf_weight=1206 62 653 2370 8362 3896 341 611 65 50 52 53
leaf_count=1206 62 653 2370 8362 3896 341 611 65 50 52 53
internal_value=2.20078e-05 0.000215951 0.00132576 0.000805069 -0.00188305 -0.000644324 -0.0047716 0.00910864 -0.0156221 -0.0121935 -0.0157143
internal_weight=17721 17504 11450 10732 6054 4237 1817 718 217 155 105
internal_count=17721 17504 11450 10732 6054 4237 1817 718 217 155 105
is_linear=0
shrinkage=0.03


Tree=11
num_leaves=11
num_cat=0
split_feature=36 11 33 7 0 36 7 32 26 0
split_gain=57.5969 41.9327 45.7798 42.1631 23.5767 25.6493 14.3043 12.4526 7.55023 4.03893
threshold=0.014050519093871118 0.21428572386503222 0.3461094349622727 0.4435714334249497 2.5000000000000004 0.012477901764214041 0.98428571224212658 0.0040454213740304121 0.035432687029242523 3.5000000000000004
decision_type=2 2 2 2 2 2 2 2 2 2
left_child=1 4 7 -4 6 -6 -1 -3 -2 -10
right_child=8 2 3 -5 5 -7 -8 -9 9 -11
leaf_value=-0.0015229673825598955 -0.00538827357769166 0.00449252029298443 -0.00078348384531013121 0.00055615415440917783 -0.00053967683673332163 0.0021999537085826163 -0.00056360534547036923 0.0016502014885944822 -0.0024016099960674992 -0.0059017872545024811
leaf_weight=1206 62 92 1755 8977 3896 341 611 626 85 70
leaf_count=1206 62 92 1755 8977 3896 341 611 626 85 70
internal_value=1.52362e-05 0.000205667 0.00127336 0.000782706 -0.00181368 -0.00058768 -0.00467254 0.00860724 -0.0153456 -0.0118065
internal_weight=17721 17504 11450 10732 6054 4237 1817 718 217 155
internal_count=17721 17504 11450 10732 6054 4237 1817 718 217 155
is_linear=0
shrinkage=0.03


Tree=12
num_leaves=11
num_cat=0
split_feature=36 34 7 31 33 37 35 26 26 0
split_gain=55.4424 39.6408 58.938 35.8125 37.227 34.5988 28.4001 23.4608 6.41659 4.03893
threshold=0.014050519093871118 0.006203702650964261 0.98428571224212658 0.88245674967765819 1.5071119666099551 1.9408659338951113 0.43603140115737921 0.034657223150134094 0.035432687029242523 3.5000000000000004
decision_type=2 2 2 2 2 2 2 2 2 2
left_child=1 2 6 4 -3 -5 -1 -4 -2 -10
right_child=8 3 7 5 -6 -7 -8 -9 9 -11
leaf_value=0.00060081058406713528 -0.0052266253703609098 -0.00014764632028956373 -0.0022887840739773241 -0.00051358011087386632 0.0086355921656987508 -0.012307014957945089 -0.00087948796833486572 0.0072836965809007538 -0.0023295616961854742 -0.005724733636867407
leaf_weight=2035 62 12680 130 328 210 310 1025 786 85 70
leaf_count=2035 62 12680 130 328 210 310 1025 786 85 70
internal_value=1.69291e-06 0.000188528 0.00282193 -0.000585452 -0.000242048 -0.00752351 0.000823529 0.00949782 -0.0150691 -0.0118065
internal_weight=17721 17504 3976 13528 12890 638 3060 916 217 155
internal_count=17721 17504 3976 13528 12890 638 3060 916 217 155
is_linear=0
shrinkage=0.03


Tree=13
num_leaves=11
num_cat=0
split_feature=36 12 34 13 15 33 7 10 26 0
split_gain=53.549 39.2386 43.8506 36.4235 57.661 35.2598 31.4507 21.0061 5.37512 4.03893
threshold=0.014050519093871118 0.51785713434219371 0.006203702650964261 1.0000000180025095e-35 64.500000000000014 0.99235436320304882 0.9407142996788026 0.51728367805480968 0.035432687029242523 3.5000000000000004
decision_type=2 2 2 2 2 2 2 2 2 2
left_child=1 3 7 4 -1 -4 -5 -3 -2 -10
right_child=8 2 5 6 -6 -7 -8 -9 9 -11
leaf_value=0.00095409300856132118 -0.005069826609250083 0.0014634921024402094 0.00075718372378338189 -0.001002391792374963 -0.00086905664538870395 -0.0068775361397198868 0.00055203761749951312 0.012523283291278128 -0.0022596748452999101 -0.0055529916277613847
leaf_weight=4989 62 839 1983 3927 3224 367 1794 381 85 70
leaf_count=4989 62 839 1983 3927 3224 367 1794 381 85 70
internal_value=1.8622e-05 0.000202239 0.0030084 -0.000516722 0.000763424 0.000612766 -0.00235448 0.00762295 -0.0147926 -0.0118065
internal_weight=17721 17504 3570 13934 8213 2350 5721 1220 217 155
internal_count=17721 17504 3570 13934 8213 2350 5721 1220 217 155
is_linear=0
shrinkage=0.03


Tree=14
num_leaves=16
num_cat=0
split_feature=20 31 33 9 36 10 8 26 35 34 30 13 15 17 4
split_gain=52.3288 73.8453 51.3563 58.1502 50.7806 37.6859 46.3936 28.4747 24.2853 21.6529 20.5358 10.364 10.6007 7.73281 1.11051
threshold=0.83750000596046459 0.73488351702690136 1.5273656249046328 1.293035686016083 0.01181360660120845 0.98881101608276378 1.0364285707473757 0.051552008837461478 0.41551262140274053 0.0058403739240020522 0.024649415165185932 -0.60785761475563038 62.500000000000007 22.739999771118168 1.5500000119209292
decision_type=2 2 2 2 2 2 2 2 2 2 2 2 2 2 2
left_child=4 5 3 -3 7 6 -2 9 -7 -1 -9 14 -13 -4 -6
right_child=1 2 13 -5 11 8 -8 10 -10 -11 -12 12 -14 -15 -16
leaf_value=0.0028613230404584493 -0.00013996090310350044 0.0013169524466821242 -0.02825283900416229 0.012282426554792527 -0.0094399463333645576 -0.0081459745752572536 0.0022632456198809331 0.0052140891768034537 -0.0038034030802152697 -0.0018096819481457722 5.2343895475504806e-05 -0.0047976300326240525 -0.0029225086092240994 -0.0060526980165812325 -0.010130435556410232
leaf_weight=205 9408 1158 50 657 66 55 2043 192 476 1955 958 211 140 97 50
leaf_count=205 9408 1158 50 657 66 55 2043 192 476 1955 958 211 140 97 50
internal_value=-5.07872e-06 0.000843373 0.00623853 0.00761983 -0.00313741 -4.00601e-05 0.000322243 -0.00183082 -0.00785311 -0.00386111 0.00198261 -0.0123983 -0.00982906 -0.0108163 -0.0201724
internal_weight=17721 13944 1962 1815 3777 11982 11451 3310 531 2160 1150 467 351 147 116
internal_count=17721 13944 1962 1815 3777 11982 11451 3310 531 2160 1150 467 351 147 116
is_linear=0
shrinkage=0.03


Tree=15
num_leaves=12
num_cat=0
split_feature=36 11 33 7 20 0 32 26 37 8 4
split_gain=49.6722 38.9636 42.4583 38.0479 22.2739 21.8215 12.6914 6.20092 4.79898 2.40374 2.30992
threshold=0.014050519093871118 0.21428572386503222 0.34483075141906744 0.4435714334249497 0.59450000524520885 2.5000000000000004 0.0040454213740304121 0.035432687029242523 0.68030673265457164 0.42785714566707617 0.48999999463558203
decision_type=2 2 2 2 2 2 2 2 2 2 2
left_child=1 4 6 -4 10 -6 -3 -2 9 -9 -1
right_child=7 2 3 -5 5 -7 -8 8 -10 -11 -12
leaf_value=0.007184687724008194 -0.0048031151334892511 0.0043719909203324431 -0.00073434839256272854 0.00051110391351447875 -0.0013464763703364079 -0.000316010078591222 0.0016841546053487555 -0.0035231951287042046 -0.0056536320444764377 -0.0016582670936569808 0.0036678143468042725
leaf_weight=56 62 92 1790 8991 1792 4156 577 50 52 53 50
leaf_count=56 62 92 1790 8991 1792 4156 577 50 52 53 50
internal_value=2.53936e-05 0.000202239 0.00123144 0.000776366 -0.0017443 -0.00198722 0.00856502 -0.0142396 -0.0110323 -0.00728155 0.0118868
internal_weight=17721 17504 11450 10781 6054 5948 669 217 155 103 106
internal_count=17721 17504 11450 10781 6054 5948 669 217 155 103 106
is_linear=0
shrinkage=0.03


Tree=16
num_leaves=11
num_cat=0
split_feature=36 19 0 15 15 25 5 3 26 0
split_gain=47.9041 38.6846 42.0154 53.3328 27.5005 27.2812 13.8435 8.05153 6.63594 4.51244
threshold=0.014050519093871118 1.7800000309944155 2.5000000000000004 64.500000000000014 62.500000000000007 0.62458553910255443 0.48999999463558203 1.4700000286102297 0.035432687029242523 3.5000000000000004
decision_type=2 2 2 2 2 2 2 2 2 2
left_child=1 2 5 -4 7 -1 -6 -3 -2 -10
right_child=8 4 3 -5 6 -7 -8 -9 9 -11
leaf_value=-0.00094195159580686848 -0.0046590216794845738 0.00033454537702967463 0.0010416902765309969 -0.00035524374371234761 -0.0016082932700558895 0.00049870578153788508 -0.0066211174737941681 -0.0045490374660697329 -0.0019419789739513634 -0.0050197955108729668
leaf_weight=3587 62 261 7125 4808 81 1351 209 82 85 70
leaf_count=3587 62 261 7125 4808 81 1351 209 82 85 70
internal_value=4.57085e-05 0.000219378 0.000492561 0.00145563 -0.00706161 -0.00183475 -0.0138621 -0.00131195 -0.0139631 -0.0106452
internal_weight=17721 17504 16871 11933 633 4938 290 343 217 155
internal_count=17721 17504 16871 11933 633 4938 290 343 217 155
is_linear=0
shrinkage=0.03


Tree=17
num_leaves=16
num_cat=0
split_feature=20 7 35 33 36 35 34 8 35 20 37 8 13 15 17
split_gain=46.541 72.1307 46.9563 47.1703 46.4673 43.7866 44.5875 35.4428 28.5618 31.1972 18.2911 17.4554 10.3552 10.3235 1.0026
threshold=0.83049997687339794 0.93214285373687755 1.6935814023017886 1.5273656249046328 0.01181360660120845 0.42890904843807226 0.013123217038810255 0.33107143640518194 0.41963517665863043 0.59450000524520885 3.5449351072311406 0.67249998450279247 -0.60785761475563038 62.500000000000007 22.575000762939457
decision_type=2 2 2 2 2 2 2 2 2 2 2 2 2 2 2
left_child=4 5 3 -3 8 6 -2 -7 11 -10 -4 -1 14 -14 -6
right_child=1 2 10 -5 12 7 -8 -9 9 -11 -12 -13 13 -15 -16
leaf_value=0.00022230964853289746 0.00071331798345781767 0.0028457628160422702 0.001487588694859706 -0.015626094951263995 -0.008868501670439722 -0.0050378405705753465 -0.0010326575592238623 -0.00065577799646836027 0.011709720317381517 -0.001865967505393475 -0.018327844728111435 0.0065470336147057887 -0.004664646833519517 -0.0026988520483934176 -0.009709431785622712
leaf_weight=607 3571 3980 66 158 54 121 1094 5044 113 2183 134 183 211 140 62
leaf_count=607 3571 3980 66 158 54 121 1094 5044 113 2183 134 183 211 140 62
internal_value=5.07872e-06 0.000774986 0.00399723 0.00468342 -0.00306502 -0.000646999 0.00145981 -0.00254985 -0.0017304 -0.00342334 -0.0102 0.00318987 -0.0118844 -0.00931624 -0.0196552
internal_weight=17721 14168 4338 4138 3553 9830 4665 5165 3086 2296 200 790 467 351 116
internal_count=17721 14168 4338 4138 3553 9830 4665 5165 3086 2296 200 790 467 351 116
is_linear=0
shrinkage=0.03


Tree=18
num_leaves=16
num_cat=0
split_feature=20 31 33 9 36 10 8 26 35 30 34 13 15 17 17
split_gain=46.2189 70.9959 48.2111 56.3907 46.279 37.6859 42.4893 26.8417 24.2853 20.2972 19.3157 10.7004 11.1828 6.50777 1.0026
threshold=0.83750000596046459 0.73488351702690136 1.5273656249046328 1.293035686016083 0.01181360660120845 0.98881101608276378 1.0364285707473757 0.051552008837461478 0.41551262140274053 0.024649415165185932 0.0058403739240020522 -0.60785761475563038 62.500000000000007 22.739999771118168 22.575000762939457
decision_type=2 2 2 2 2 2 2 2 2 2 2 2 2 2 2
left_child=4 5 3 -3 7 6 -2 10 -7 -9 -1 14 -13 -4 -6
right_child=1 2 13 -5 11 8 -8 9 -10 -11 -12 12 -14 -15 -16
leaf_value=0.002781739490257481 -0.00013171122865222298 0.0012540047546018744 -0.026892075758672796 0.01179828658281591 -0.0086024466203265294 -0.0078039482271751726 0.0021150508707462826 0.0051551339085308236 -0.0036853506281554122 0.00010140247736754765 -0.0017328606682267841 -0.004524707428513932 -0.0026178864869416149 -0.0053894087970771032 -0.009418148832054031
leaf_weight=205 9408 1158 50 657 54 55 2043 192 476 958 1955 211 140 97 62
leaf_count=205 9408 1158 50 657 54 55 2043 192 476 958 1955 211 140 97 62
internal_value=2.87794e-05 0.000826162 0.00611621 0.00745455 -0.00291501 -4.00601e-05 0.000322243 -0.00166767 -0.00785311 0.00203478 -0.00363889 -0.0117559 -0.0091453 -0.0104082 -0.0196552
internal_weight=17721 13944 1962 1815 3777 11982 11451 3310 531 1150 2160 467 351 147 116
internal_count=17721 13944 1962 1815 3777 11982 11451 3310 531 1150 2160 467 351 147 116
is_linear=0
shrinkage=0.03


Tree=19
num_leaves=16
num_cat=0
split_feature=20 2 36 35 11 37 7 10 35 20 37 36 13 15 17
split_gain=43.3773 65.339 45.9324 42.0727 37.4149 36.7981 28.0459 26.8206 26.6628 28.1036 18.0553 13.1137 11.0513 10.6088 1.0026
threshold=0.83750000596046459 0.80500000715255748 0.01181360660120845 1.6935814023017886 0.78571429848670971 0.2754227370023728 0.4435714334249497 0.32501055300235754 0.41963517665863043 0.59450000524520885 3.5449351072311406 0.0066998905967921027 -0.60785761475563038 62.500000000000007 22.575000762939457
decision_type=2 2 2 2 2 2 2 2 2 2 2 2 2 2 2
left_child=2 5 8 4 -3 7 -7 -2 11 -10 -5 -1 14 -14 -4
right_child=1 3 12 10 -6 6 -8 -9 9 -11 -12 -13 13 -15 -16
leaf_value=0.0002720616750743748 0.0015393922302787653 0.0014808967259562374 -0.0083443732217167322 0.0014665155303750519 0.0078145700785190956 -0.00094730152232658401 -6.1833680178321167e-05 -0.0014844382806725967 0.011410414527906875 -0.0016913994480110659 -0.017658239338095089 0.0043862650831316043 -0.0043889662056585139 -0.0025393498923333667 -0.0091356043670924106
leaf_weight=741 498 4753 54 66 337 2122 5925 110 113 2320 133 136 211 140 62
leaf_count=741 498 4753 54 66 337 2122 5925 110 113 2320 133 136 211 140 62
internal_value=3.21652e-05 0.000804647 -0.0028197 0.00343165 0.00396071 -0.000800693 -0.00133839 0.00631579 -0.00157704 -0.00319359 -0.0101005 0.00290764 -0.0116274 -0.00897436 -0.0196552
internal_weight=17721 13944 3777 5289 5090 8655 8047 608 3310 2433 199 877 467 351 116
internal_count=17721 13944 3777 5289 5090 8655 8047 608 3310 2433 199 877 467 351 116
is_linear=0
shrinkage=0.03


Tree=20
num_leaves=15
num_cat=0
split_feature=30 20 31 36 9 33 3 11 35 36 35 33 13 17
split_gain=42.7796 48.075 53.8644 40.4687 36.7666 64.7698 39.2022 34.173 32.9271 28.8424 19.9601 18.6601 11.0513 8.01656
threshold=0.072953157126903548 0.81949999928474437 0.74055987596511852 0.012477901764214041 1.1503571271896365 1.5273656249046328 2.5499999523162846 0.78571429848670971 0.34140628576278692 0.01181360660120845 0.90027335286140453 0.42384046316146856 -0.60785761475563038 22.739999771118168
decision_type=2 2 2 2 2 2 2 2 2 2 2 2 2 2
left_child=4 9 3 -3 6 10 8 -4 -1 11 -6 -2 -11 -7
right_child=1 2 7 -5 5 13 -8 -9 -10 12 -12 -13 -14 -15
leaf_value=0.0017672298326038708 0.00074290675245231247 -0.00055263317020746939 0.0018385881593794373 0.0015057777157003946 0.0032488489428434725 -0.027433863370083078 -0.00752529663193974 0.028999391147302257 0.00010397826693517118 -0.0082953463277115336 0.0088077528174111113 -0.0018226311175760955 -0.0035150331190758341 -0.005373870807373146
leaf_weight=607 329 6351 603 1047 544 55 67 126 5392 116 464 1561 351 108
leaf_count=607 329 6351 603 1047 544 55 67 126 5392 116 464 1561 351 108
internal_value=4.57085e-05 -0.00117894 -8.49022e-05 -0.000851582 0.00181981 0.00668659 0.000880317 0.00769547 0.00113519 -0.00495121 0.00952381 -0.00330159 -0.0116274 -0.0108589
internal_weight=17721 10484 8127 7398 7237 1171 6066 729 5999 2357 1008 1890 467 163
internal_count=17721 10484 8127 7398 7237 1171 6066 729 5999 2357 1008 1890 467 163
is_linear=0
shrinkage=0.03


Tree=21
num_leaves=16
num_cat=0
split_feature=12 20 36 2 34 35 10 33 20 9 35 9 37 13 13
split_gain=41.357 38.7117 40.2722 38.5018 36.4432 35.1161 32.5268 27.3653 27.0014 21.8612 23.9117 20.1129 17.491 14.557 10.1222
threshold=0.51785713434219371 0.85649999976158153 0.01181360660120845 0.97500002384185802 0.006203702650964261 1.5273656249046328 1.0251879096031191 0.99235436320304882 0.75049999356269848 1.5435714125633242 0.36464338004589086 1.0583928823471072 5.0703568458557138 1.0000000180025095e-35 -0.60785761475563038
decision_type=2 2 2 2 2 2 2 2 2 2 2 2 2 2 2
left_child=1 2 8 6 9 -5 -3 11 -1 10 -2 -6 -11 -9 -4
right_child=4 3 14 5 7 -7 -8 13 -10 12 -12 -13 -14 -15 -16
leaf_value=0.00014550528167824454 0.0040826705476155467 -0.00023494384303174556 -0.0085368941189192457 0.0019433998649370497 1.5784336210385795e-05 -0.0088637902341722613 -0.0059411233348285524 -0.011021963504655863 -0.0016265660317430083 0.024781902792968848 0.0011509767922759015 0.0036343613848360962 0.0040466231244706708 -0.00028199621635431881 -0.0034571546352374426
leaf_weight=1530 58 7560 111 2877 1360 298 94 197 1342 170 916 623 76 170 339
leaf_count=1530 58 7560 111 2877 1360 298 94 197 1342 170 916 623 76 170 339
internal_value=3.89369e-05 -0.000688997 -0.00352197 0.000180072 0.00292437 0.00295748 -0.000972041 0.000740426 -0.00221448 0.00713115 0.00511294 0.00213313 0.015122 -0.00678474 -0.0118667
internal_weight=17721 14151 3322 10829 3570 3175 7654 2350 2872 1220 974 1983 246 367 450
internal_count=17721 14151 3322 10829 3570 3175 7654 2350 2872 1220 974 1983 246 367 450
is_linear=0
shrinkage=0.03


Tree=22
num_leaves=16
num_cat=0
split_feature=30 20 31 36 28 10 7 11 20 31 36 10 33 15 15
split_gain=40.0043 44.4637 45.885 38.789 35.0585 36.7222 57.8373 32.7738 32.6341 60.7521 26.6549 20.2535 17.2737 9.63134 6.8462
threshold=0.072953157126903548 0.81949999928474437 0.74055987596511852 0.012477901764214041 0.069897400215268149 2.9779762029647832 1.1742857098579409 0.78571429848670971 0.78550001978874218 0.40399101376533514 0.01181360660120845 0.84621003270149242 0.42384046316146856 66.500000000000014 59.500000000000007
decision_type=2 2 2 2 2 2 2 2 2 2 2 2 2 2 2
left_child=4 10 3 -3 8 6 -6 -4 11 -10 12 -1 -2 -12 -7
right_child=1 2 7 -5 5 14 -8 -9 9 -11 13 -13 -14 -15 -16
leaf_value=0.00068605895450366829 0.00071625439142839571 -0.00053145548543108532 0.0017332785260523208 0.0014622847400342402 0.00050513925472290492 -0.0053814026970488366 0.0058130469116048945 0.027746796300281276 0.0004132893163756896 -0.0046352514703239525 -0.0045925602113578547 0.015738659330907925 -0.0017505266325695816 0.00054415215593147162 -0.022632241568084965
leaf_weight=528 329 6351 603 1047 4380 52 856 126 649 612 417 97 1561 50 63
leaf_count=528 329 6351 603 1047 4380 52 856 126 649 612 417 97 1561 50 63
internal_value=-1.18503e-05 -0.00119611 -0.000143965 -0.000851582 0.00170374 0.00294338 0.00331169 0.00703704 -0.00181336 -0.00459159 -0.00482393 0.003792 -0.0032381 -0.011242 -0.0138261
internal_weight=17721 10484 8127 7398 7237 5351 5236 729 1886 1261 2357 625 1890 467 115
internal_count=17721 10484 8127 7398 7237 5351 5236 729 1886 1261 2357 625 1890 467 115
is_linear=0
shrinkage=0.03


Tree=23
num_leaves=16
num_cat=0
split_feature=20 31 33 9 36 10 3 35 20 35 36 13 15 5 26
split_gain=38.919 52.9186 41.1152 43.3111 39.0037 33.3154 33.9795 24.751 23.5527 20.0377 12.8773 9.006 8.97753 5.61637 1.90438
threshold=0.83750000596046459 0.73488351702690136 1.5273656249046328 1.293035686016083 0.01181360660120845 0.98881101608276378 1.2200000286102297 0.40399101376533514 0.59450000524520885 0.41551262140274053 0.0066998905967921027 -0.60785761475563038 62.500000000000007 1.7500000000000002 0.03899818845093251
decision_type=2 2 2 2 2 2 2 2 2 2 2 2 2 2 2
left_child=4 5 3 -3 7 6 -2 10 -9 -7 -1 14 -13 -4 -6
right_child=1 2 13 -5 11 9 -8 8 -10 -11 -12 12 -14 -15 -16
leaf_value=0.0003014908050465345 -8.3541104016077522e-05 0.001140705685272973 -0.0041030800985172138 0.010967121372585806 -0.0086339370345309419 -0.0069822464888269721 0.0021392338183176315 0.010919998446566525 -0.0013894910297508195 -0.0033054922616025397 0.0042065371378708881 -0.0037178464639509253 -0.0021162269565932318 -0.018038833174851741 -0.0065992648182475319
leaf_weight=642 9918 1158 57 657 54 55 1533 113 2419 476 136 211 140 90 62
leaf_count=642 9918 1158 57 657 54 55 1533 113 2419 476 136 211 140 90 62
internal_value=-3.89369e-05 0.000692771 0.00525994 0.00649587 -0.00274027 -5.50826e-05 0.000285565 -0.00159517 -0.00303318 -0.00740113 0.00308483 -0.0108565 -0.00846154 -0.01 -0.0181034
internal_weight=17721 13944 1962 1815 3777 11982 11451 3310 2532 531 778 467 351 147 116
internal_count=17721 13944 1962 1815 3777 11982 11451 3310 2532 531 778 467 351 147 116
is_linear=0
shrinkage=0.03


Tree=24
num_leaves=16
num_cat=0
split_feature=19 30 20 7 28 15 3 10 10 33 30 34 30 5 34
split_gain=37.3656 33.452 35.0384 46.4897 29.1583 29.0362 28.7865 28.0078 23.7431 20.1839 6.70953 6.0577 9.64386 5.68889 3.74455
threshold=1.7800000309944155 0.072953157126903548 0.81949999928474437 0.87500000000000011 0.069897400215268149 60.500000000000007 2.5499999523162846 2.9779762029647832 0.3005946427583695 0.42384046316146856 0.096192639321088805 0.018220664933323864 0.11780798807740213 0.48999999463558203 0.006203702650964261
decision_type=2 2 2 2 2 2 2 2 2 2 2 2 2 2 2
left_child=1 4 9 -4 6 11 -1 -6 13 -3 -10 14 -13 -7 -2
right_child=5 2 3 -5 7 8 -8 -9 10 -11 -12 12 -14 -15 -16
leaf_value=-0.00023441401774027817 0.00049942314703258514 0.00064348749003870665 -0.00046827921872650305 0.0014868195644252831 0.00099486577604967932 0.00070131599535889978 -0.0069580042346314404 -0.014112163401192916 -0.0066988242094162482 -0.0021759649158281272 -0.0088437286826019233 0.0052748479962703215 -0.0012340206693378989 -0.0032515449413485901 -0.0013316494068226835
leaf_weight=1740 56 320 4743 3076 5090 64 66 103 125 1940 108 50 51 80 109
leaf_count=1740 56 320 4743 3076 5090 64 66 103 125 1940 108 50 51 80 109
internal_value=-3.89369e-05 0.000228364 -0.000878063 7.28993e-05 0.00182169 -0.00713841 -0.00146179 0.0029636 -0.0124934 -0.00416814 -0.018412 0.000451128 0.00623762 -0.00291667 -0.00309091
internal_weight=17721 17078 10079 7819 6999 643 1806 5193 377 2260 233 266 101 144 165
internal_count=17721 17078 10079 7819 6999 643 1806 5193 377 2260 233 266 101 144 165
is_linear=0
shrinkage=0.03


Tree=25
num_leaves=16
num_cat=0
split_feature=20 2 11 35 35 34 35 33 32 20 10 36 32 4 15
split_gain=34.816 47.9118 37.2539 55.8298 36.3633 38.2662 33.8289 31.8676 29.4906 23.6365 19.1858 12.8119 17.3903 7.08867 4.81928
threshold=0.83750000596046459 0.84499999880790722 0.78571429848670971 1.5273656249046328 0.42890904843807226 0.01350281434133649 0.41963517665863043 0.56767863035202037 0.0083131787832826393 0.59450000524520885 0.23217140138149264 0.0066998905967921027 0.074143465608358397 1.2699999809265139 64.500000000000014
decision_type=2 2 2 2 2 2 2 2 2 2 2 2 2 2 2
left_child=6 4 3 -3 5 -2 11 -4 -6 13 -11 12 -1 -8 -13
right_child=1 2 7 -5 8 -7 9 -9 -10 10 -12 14 -14 -15 -16
leaf_value=0.001510036129171952 0.00059215302289929281 0.0015839644724044983 -0.0025946268201307065 -0.0068054809410424749 -0.0034808898022724039 -0.0013082511427771545 0.014203377347706167 0.01010483524553322 -0.00054672110593267681 -0.0030692221951835121 -0.001737731087594222 0.0060159501933332634 -0.00088211793004673448 0.00089827204316901533 0.0019438830675735307
leaf_weight=502 3383 4320 57 628 350 820 61 280 4106 344 2443 83 239 52 53
leaf_count=502 3383 4320 57 628 350 820 61 280 4106 344 2443 83 239 52 53
internal_value=-4.23227e-05 0.000649742 0.00290066 0.00224333 -0.000724102 0.00127766 -0.0025973 0.0125519 -0.00261221 -0.00415862 -0.00470398 0.00256556 0.00101215 0.00929204 0.0110294
internal_weight=17721 13944 5285 4948 8659 4203 3777 337 4456 2900 2787 877 741 113 136
internal_count=17721 13944 5285 4948 8659 4203 3777 337 4456 2900 2787 877 741 113 136
is_linear=0
shrinkage=0.03


Tree=26
num_leaves=15
num_cat=0
split_feature=11 33 7 20 13 34 36 36 34 8 16 3 35 35
split_gain=33.8625 39.8303 33.9706 36.6413 19.4795 19.0667 17.6648 21.604 11.3143 13.2281 10.603 16.1421 11.1283 10.2514
threshold=0.21428572386503222 0.34483075141906744 0.4435714334249497 0.83250001072883617 1.0000000180025095e-35 0.01350281434133649 0.012477901764214041 0.012025096453726293 0.00073479171260260056 0.38500000536441809 1.1301500201225283 0.68999999761581432 0.40399101376533514 0.51640444993972789
decision_type=2 2 2 2 2 2 2 2 2 2 2 2 2 2
left_child=4 8 5 -4 6 -3 7 -1 -2 -10 12 -12 -6 -8
right_child=1 2 3 -5 10 -7 13 -9 9 -11 11 -13 -14 -15
leaf_value=-0.00019685821589399008 0.0063391887066381212 -0.00017030704094756532 -0.00087845326129792998 0.00074234582491998111 0.00098029067652239863 -0.0016292212183342566 0.0043657016936859191 -0.0048314682076429699 -0.00011928578911620944 0.0023112785798924348 -0.0014624802613922917 -0.00035343800116506216 -0.0031943164095696091 0.00095412062130832123
leaf_weight=3073 58 1165 2062 6998 54 700 65 191 154 457 827 1321 357 239
leaf_count=3073 58 1165 2062 6998 54 700 65 191 154 457 827 1321 357 239
internal_value=-3.21652e-05 0.000921166 0.000486041 0.00124503 -0.00183614 -0.00320107 -0.000403587 -0.00104779 0.00802691 0.00682488 -0.00383353 -0.00298883 -0.00824818 0.00651316
internal_weight=17721 11594 10925 9060 6127 1865 3568 3264 669 611 2559 2148 411 304
internal_count=17721 11594 10925 9060 6127 1865 3568 3264 669 611 2559 2148 411 304
is_linear=0
shrinkage=0.03


Tree=27
num_leaves=15
num_cat=0
split_feature=30 15 14 33 28 10 7 3 37 20 7 20 36 15
split_gain=34.1525 38.9148 54.4288 43.6062 31.9885 33.5746 47.3046 28.2669 20.9695 19.3988 15.5094 11.6043 6.80118 5.98823
threshold=0.072953157126903548 64.500000000000014 0.81174489855766307 1.4416679143905642 0.069897400215268149 2.9779762029647832 1.1742857098579409 2.5499999523162846 0.37828484177589422 0.78550001978874218 0.43142856657505041 0.75549998879432689 0.0049673004541546115 59.500000000000007
decision_type=2 2 2 2 2 2 2 2 2 2 2 2 2 2
left_child=4 2 3 -2 7 6 -6 9 12 -1 -10 -4 -3 -7
right_child=1 8 11 -5 5 13 -8 -9 10 -11 -12 -13 -14 -15
leaf_value=0.0022031654627981249 -0.00033735269436551129 -0.00022819998049151478 -0.00045696164706051951 0.029481486068094392 0.00043747763089854632 -0.0044601926108207195 0.0054233553167151363 -0.0066967134424079679 -0.0029872451966064086 -0.00099636684205909741 -0.0017298559680724791 0.0035291939276745122 0.0013138350575115235 -0.020806850370277401
leaf_weight=621 6838 85 100 118 4380 52 856 76 239 1189 2387 561 156 63
leaf_count=621 6838 85 100 118 4380 52 856 76 239 1189 2387 561 156 63
internal_value=-3.89369e-05 -0.00113316 -1.18157e-05 -0.00079356 0.00154622 0.00273033 0.00308251 -0.00181336 -0.00411231 -0.00106077 -0.00488957 0.00821483 0.00435685 -0.0133043
internal_weight=17721 10484 7617 6956 7237 5351 5236 1886 2867 1810 2626 661 241 115
internal_count=17721 10484 7617 6956 7237 5351 5236 1886 2867 1810 2626 661 241 115
is_linear=0
shrinkage=0.03


Tree=28
num_leaves=16
num_cat=0
split_feature=19 0 15 30 14 15 25 10 2 1 34 28 35 6 37
split_gain=32.9162 32.7368 45.3268 36.7992 27.2405 27.2214 24.7545 22.6651 15.2965 14.8522 6.6125 6.32621 5.89187 7.93167 4.85714
threshold=1.7800000309944155 2.5000000000000004 64.500000000000014 0.072953157126903548 0.81174489855766307 60.500000000000007 0.62458553910255443 0.3005946427583695 0.40500000119209295 4.6499998569488534 0.01147468062117696 0.13970532640814784 0.57084041833877575 1.0000000180025095e-35 0.51444745063781749
decision_type=2 2 2 2 2 2 2 2 2 2 2 2 2 2 2
left_child=1 6 4 -4 -3 12 9 10 -8 -1 -7 -9 14 -14 -2
right_child=5 2 3 -5 -6 7 8 11 -10 -11 -12 -13 13 -15 -16
leaf_value=-0.0009504791359930964 9.4191824452157362e-05 0.00060211668143843257 0.00068897632462393353 -0.0012803799568421987 0.00252862547057209 0.00052265710524376102 -0.00071802493978696867 -0.0061658713798450294 0.001232233047213398 0.017711942830175759 -0.0027703163140611687 -0.0075521644260309918 -0.00038481249156668466 0.0049021820820381928 -0.0036027474992024223
leaf_weight=3586 63 6133 2117 2753 1061 64 390 65 981 57 80 168 97 50 56
leaf_count=3586 63 6133 2117 2753 1061 64 390 65 981 57 80 168 97 50 56
internal_value=-8.46453e-06 0.000242417 0.00108919 -0.00114579 0.00260217 -0.00667185 -0.00179497 -0.0118568 0.00164114 -0.00308811 -0.0025 -0.0176395 0.000676692 0.00469388 -0.00428571
internal_weight=17721 17078 12064 4870 7194 643 5014 377 1371 3643 144 233 266 147 119
internal_count=17721 17078 12064 4870 7194 643 5014 377 1371 3643 144 233 266 147 119
is_linear=0
shrinkage=0.03


Tree=29
num_leaves=16
num_cat=0
split_feature=19 0 15 30 15 14 25 10 1 2 34 34 30 28 34
split_gain=32.4496 30.8011 41.3908 34.1352 25.576 25.5376 22.7334 21.9006 14.7236 13.6101 6.6125 6.0577 9.64386 5.92287 3.74455
threshold=1.7800000309944155 2.5000000000000004 64.500000000000014 0.072953157126903548 60.500000000000007 0.81174489855766307 0.62458553910255443 0.3005946427583695 4.6499998569488534 0.40500000119209295 0.01147468062117696 0.018220664933323864 0.11780798807740213 0.13970532640814784 0.006203702650964261
decision_type=2 2 2 2 2 2 2 2 2 2 2 2 2 2 2
left_child=1 6 5 -4 11 -3 8 10 -1 -8 -6 14 -13 -9 -2
right_child=4 2 3 -5 7 -7 9 13 -10 -11 -12 12 -14 -15 -16
leaf_value=-0.00092196476191330366 0.00045513464610772651 0.0005840531809952796 0.00066830703488521563 -0.0012419685581369327 0.0005069773920864482 0.0024527667064549274 -0.00069648419159335959 -0.0059808952384496784 0.017180584545270484 0.0011952660557969959 -0.0026872068246393335 0.0047551166195770479 -0.00091745136404345446 -0.0073255994932500627 -0.0012086192360277418
leaf_weight=3586 56 6133 2117 2753 64 1061 390 65 57 981 80 50 51 168 109
leaf_count=3586 56 6133 2117 2753 64 1061 390 65 57 981 80 50 51 168 109
internal_value=-5.58659e-05 0.000193231 0.00101459 -0.00112115 -0.00667185 0.00246038 -0.00178301 -0.0116976 -0.00302223 0.00150985 -0.0025 0.000451128 0.00623762 -0.017382 -0.00309091
internal_weight=17721 17078 12064 4870 643 7194 5014 377 3643 1371 144 266 101 233 165
internal_count=17721 17078 12064 4870 643 7194 5014 377 3643 1371 144 266 101 233 165
is_linear=0
shrinkage=0.03


Tree=30
num_leaves=16
num_cat=0
split_feature=11 33 7 20 13 35 9 37 29 16 3 35 36 20 3
split_gain=32.1463 38.2986 31.0574 35.2735 17.8036 18.5857 18.4725 17.6145 15.2949 10.4653 15.1184 10.8737 10.4303 13.9618 8.03398
threshold=0.21428572386503222 0.34483075141906744 0.4435714334249497 0.83250001072883617 1.0000000180025095e-35 1.0900219082832339 1.366071403026581 0.2754227370023728 0.6951735019683839 1.1301500201225283 0.68999999761581432 0.40399101376533514 0.0011035432689823212 0.90749999880790722 0.3900000005960465
decision_type=2 2 2 2 2 2 2 2 2 2 2 2 2 2 2
left_child=4 12 7 -4 5 6 -1 -3 -7 11 -11 -6 14 -14 -2
right_child=1 2 3 -5 9 8 -8 -9 -10 10 -12 -13 13 -15 -16
leaf_value=-0.00026140236689020901 0.0066243221409378415 0.00099873984253277923 -0.00082330683178886423 0.00070723010630702426 0.0010085695898334357 0.003775857408487899 0.0049658001096917715 -0.0010950462585834818 -0.010230658191126533 -0.0013817571493013807 -0.00031261696208950267 -0.003070430547842451 -0.00098841128738690618 0.0019481840225886841 0.0013941574350916103
leaf_weight=2912 70 288 2062 6998 54 54 416 1577 186 827 1321 357 100 425 74
leaf_count=2912 70 288 2062 6998 54 54 416 1577 186 827 1321 357 100 425 74
internal_value=-4.90943e-05 0.000879765 0.000453089 0.00117881 -0.00180676 -0.00043722 0.000144231 -0.00307239 -0.0085 -0.0037163 -0.00287709 -0.00810219 0.00784753 0.00588571 0.015
internal_weight=17721 11594 10925 9060 6127 3568 3328 1865 240 2559 2148 411 669 525 144
internal_count=17721 11594 10925 9060 6127 3568 3328 1865 240 2559 2148 411 669 525 144
is_linear=0
shrinkage=0.03


Tree=31
num_leaves=16
num_cat=0
split_feature=12 20 7 35 35 35 20 34 33 11 26 36 13 32 30
split_gain=31.3706 29.7969 30.5324 37.6438 32.0919 30.3952 29.1758 27.4602 26.0184 21.6086 20.6174 18.6323 13.2263 11.8069 11.0291
threshold=0.51785713434219371 0.85150000452995311 0.93214285373687755 0.49351923167705541 1.5273656249046328 0.41963517665863043 0.59450000524520885 0.0037851262604817752 0.99235436320304882 0.78571429848670971 0.030451830476522449 0.0066998905967921027 1.0000000180025095e-35 0.025012743659317497 0.049754345789551742
decision_type=2 2 2 2 2 2 2 2 2 2 2 2 2 2 2
left_child=1 5 3 -3 -4 11 -7 9 10 14 -9 -1 -10 -11 -2
right_child=7 2 4 -5 -6 6 -8 8 12 13 -12 -13 -14 -15 -16
leaf_value=-4.0676569412284672e-06 0.0029605682661470612 0.0001053861536307224 0.0018953148126822851 -0.0012392055212065206 -0.0083094414949596331 0.010904562054823911 -0.0022921151415009494 -0.0019316273091921771 -0.010648225961399884 0.0037617443098690588 0.0011427194811772401 0.0046357505951257561 1.4784594817616692e-05 0.03281042369915551 0.00011363529711789083
leaf_weight=682 121 5587 2661 2405 309 96 2285 263 197 86 2414 126 170 96 223
leaf_count=682 121 5587 2661 2405 309 96 2285 263 197 86 2414 126 170 96 223
internal_value=-5.92517e-05 -0.000693237 4.92611e-05 -0.000915916 0.00264646 -0.00324553 -0.0049517 0.00245378 0.00136005 0.00878327 0.002387 0.00178218 -0.00613079 0.0171429 0.00436047
internal_weight=17721 14151 10962 7992 2970 3189 2381 3570 3044 526 2677 808 367 182 344
internal_count=17721 14151 10962 7992 2970 3189 2381 3570 3044 526 2677 808 367 182 344
is_linear=0
shrinkage=0.03


Tree=32
num_leaves=15
num_cat=0
split_feature=19 0 15 30 17 15 37 25 37 4 8 35 6 37
split_gain=30.4513 30.3001 39.1184 30.2852 25.0705 24.2533 20.7121 20.5373 14.1038 13.9063 8.33749 5.36842 6.69031 4.85714
threshold=1.7800000309944155 2.5000000000000004 64.500000000000014 0.072953157126903548 23.095000267028812 60.500000000000007 0.49188494682312017 0.62458553910255443 0.3142459243535996 2.8500000238418584 1.6964285969734194 0.57084041833877575 1.0000000180025095e-35 0.51444745063781749
decision_type=2 2 2 2 2 2 2 2 2 2 2 2 2 2
left_child=1 7 4 -4 -3 11 -7 8 -1 -9 -8 13 -13 -2
right_child=5 2 3 -5 -6 6 10 9 -10 -11 -12 12 -14 -15
leaf_value=0.00036205451893632501 9.7493496949508437e-05 0.0014866718769309872 0.00063718948170722774 -0.0012201087409588419 0.00033488234223059136 0.00027167186355492496 -0.0045093913275728861 0.00013090902806558912 -0.0010028232845572663 0.0074648389477252192 -0.025398149630975003 -0.00027343319655247483 0.0046795977983025002 -0.003455218055662851
leaf_weight=358 63 3057 2117 2753 4137 88 239 1258 3285 113 50 97 50 56
leaf_count=358 63 3057 2117 2753 4137 88 239 1258 3285 113 50 97 50 56
internal_value=-7.61808e-05 0.000165125 0.000979775 -0.00109651 0.00238532 -0.00648523 -0.0113793 -0.00179497 -0.00297282 0.00133479 -0.0152595 0.000451128 0.00428571 -0.00428571
internal_weight=17721 17078 12064 4870 7194 643 377 5014 3643 1371 289 266 147 119
internal_count=17721 17078 12064 4870 7194 643 377 5014 3643 1371 289 266 147 119
is_linear=0
shrinkage=0.03


Tree=33
num_leaves=15
num_cat=0
split_feature=19 0 15 30 14 15 25 37 4 37 8 34 30 34
split_gain=29.6345 28.5839 37.9139 27.5291 24.2535 22.0746 19.7596 19.6903 13.9063 13.696 7.20422 5.31073 8.43594 3.74455
threshold=1.7800000309944155 2.5000000000000004 64.500000000000014 0.072953157126903548 0.81174489855766307 60.500000000000007 0.62458553910255443 0.49188494682312017 2.8500000238418584 0.3142459243535996 1.6964285969734194 0.018220664933323864 0.11780798807740213 0.006203702650964261
decision_type=2 2 2 2 2 2 2 2 2 2 2 2 2 2
left_child=1 6 4 -4 -3 11 9 -7 -8 -1 -9 13 -13 -2
right_child=5 2 3 -5 -6 7 8 10 -10 -11 -12 12 -14 -15
leaf_value=0.00035119288336823529 0.00044125374208186532 0.00052794724473936893 0.0006180737972560109 -0.0011835054787300767 0.0023887202768838318 0.00026352170764827728 0.00012698175722362145 -0.0043741095877456995 0.0072408937792934622 -0.00097273858602054829 -0.024636205142045755 0.0044410166444793136 -0.00074125304480936345 -0.0010527448548300392
leaf_weight=358 56 6133 2117 2753 1061 88 1258 239 113 3285 50 50 51 109
leaf_count=358 56 6133 2117 2753 1061 88 1258 239 113 3285 50 50 51 109
internal_value=-6.94092e-05 0.000168638 0.000959881 -0.00108419 0.00234362 -0.00639191 -0.00173514 -0.011061 0.00133479 -0.00289047 -0.0148443 0.000225564 0.00564356 -0.00309091
internal_weight=17721 17078 12064 4870 7194 643 5014 377 1371 3643 289 266 101 165
internal_count=17721 17078 12064 4870 7194 643 5014 377 1371 3643 289 266 101 165
is_linear=0
shrinkage=0.03


Tree=34
num_leaves=15
num_cat=0
split_feature=19 7 35 20 35 35 34 13 15 37 8 34 30 34
split_gain=30.7416 28.828 54.6543 43.435 38.8525 32.0946 25.0595 22.0616 21.2011 19.6903 7.20422 4.6129 7.30881 3.74455
threshold=1.7800000309944155 0.93214285373687755 0.42890904843807226 0.86849999427795421 1.6935814023017886 1.0132819116115572 0.013123217038810255 1.0000000180025095e-35 60.500000000000007 0.49188494682312017 1.6964285969734194 0.018220664933323864 0.11780798807740213 0.006203702650964261
decision_type=2 2 2 2 2 2 2 2 2 2 2 2 2 2
left_child=1 2 6 5 -5 -3 -1 -4 11 -10 -11 13 -13 -2
right_child=8 3 7 4 -6 -7 -8 -9 9 10 -12 12 -14 -15
leaf_value=0.00064401063669703655 0.00042801612981940932 0.0005891932504660741 -0.00033467446481522822 0.002629274670778961 -0.0091396245422261033 -0.0045022583429657195 -0.00042487548335859828 -0.0013851618464281207 0.00025561605641882888 -0.0042428863001133278 -0.023897118987784384 0.0043077861451449343 -0.00071901545346508258 -0.0010211625091851382
leaf_weight=3860 56 1258 3578 3636 192 698 1386 2470 88 239 50 50 51 109
leaf_count=3860 56 1258 3578 3636 192 698 1386 2470 88 239 50 50 51 109
internal_value=-4.57085e-05 0.000196744 -0.00068532 0.00191909 0.00377743 -0.00171779 0.00155547 -0.00262897 -0.00648523 -0.011061 -0.0148443 0 0.0050495 -0.00309091
internal_weight=17721 17078 11294 5784 3828 1956 5246 6048 643 377 289 266 101 165
internal_count=17721 17078 11294 5784 3828 1956 5246 6048 643 377 289 266 101 165
is_linear=0
shrinkage=0.03


Tree=35
num_leaves=14
num_cat=0
split_feature=19 2 35 34 31 11 34 35 15 37 8 2 20
split_gain=30.8063 26.5577 42.5291 39.6382 31.9427 24.3308 22.3749 19.8597 19.752 19.1891 5.88962 4.09108 5.53637
threshold=1.7800000309944155 0.84499999880790722 0.42890904843807226 0.0067107360810041436 0.88245674967765819 0.78571429848670971 0.013123217038810255 0.82815513014793407 60.500000000000007 0.49188494682312017 1.6964285969734194 1.4950000047683718 0.99950000643730175
decision_type=2 2 2 2 2 2 2 2 2 2 2 2 2
left_child=1 2 6 5 -5 -3 -1 -4 11 -10 -11 12 -2
right_child=8 3 7 4 -6 -7 -8 -9 9 10 -12 -13 -14
leaf_value=0.00055275105371209931 0.00035690149046839514 0.002472703429325717 -0.00091244447888854416 0.00062885316626634451 -0.0039137255579462073 0.0090147389482349953 -0.00049302683997231103 0.0032341718812316914 0.00024794757472626402 -0.0041155997111099281 -0.023180205418150846 0.0027657500746730351 -0.0016485182360318896
leaf_weight=3470 91 1146 5043 5077 511 212 1314 305 88 239 50 70 105
leaf_count=3470 91 1146 5043 5077 511 212 1314 305 88 239 50 70 105
internal_value=-3.89369e-05 0.000203771 -0.00077576 0.00163259 0.00051539 0.00622975 0.00127926 -0.00261406 -0.00648523 -0.0109019 -0.0146367 -0.000225564 -0.00244898
internal_weight=17721 17078 10132 6946 5588 1358 4784 5348 643 377 289 266 196
internal_count=17721 17078 10132 6946 5588 1358 4784 5348 643 377 289 266 196
is_linear=0
shrinkage=0.03


Tree=36
num_leaves=13
num_cat=0
split_feature=19 12 35 26 20 7 35 15 37 8 2 20
split_gain=28.0342 26.29 24.5701 25.9086 22.786 33.1501 27.1726 18.0248 17.7242 6.69922 4.09108 5.53637
threshold=1.7800000309944155 0.51785713434219371 1.6935814023017886 0.030451830476522449 0.85150000452995311 0.93214285373687755 0.41963517665863043 60.500000000000007 0.49188494682312017 1.6964285969734194 1.4950000047683718 0.99950000643730175
decision_type=2 2 2 2 2 2 2 2 2 2 2 2
left_child=1 4 3 -3 6 -6 -1 10 -9 -10 11 -2
right_child=7 2 -4 -5 5 -7 -8 8 9 -11 -12 -13
leaf_value=0.00078906491016037005 0.00034619444575434329 -0.0018899772348481697 -0.011027828619727655 0.0013962040111696471 -0.00020163801800562796 0.0016250807309464359 -0.0018248785349760553 0.00024050914748447613 -0.0039921317197766301 -0.022484799255606328 0.0026827775724328445 -0.001599062688950933
leaf_weight=764 91 316 69 3087 7716 2835 2291 88 239 50 70 105
leaf_count=764 91 316 69 3087 7716 2835 2291 88 239 50 70 105
internal_value=-5.58659e-05 0.000175665 0.00250576 0.00286512 -0.000418933 0.000241683 -0.00270049 -0.00620529 -0.0104244 -0.0140138 -0.000225564 -0.00244898
internal_weight=17721 17078 3472 3403 13606 10551 3055 643 377 289 266 196
internal_count=17721 17078 3472 3403 13606 10551 3055 643 377 289 266 196
is_linear=0
shrinkage=0.03


Tree=37
num_leaves=14
num_cat=0
split_feature=26 35 7 20 30 35 26 35 2 10 3 3 14
split_gain=25.8476 36.534 31.2924 43.0429 40.4951 31.6699 31.8748 25.7535 20.8863 18.2049 15.3456 16.7954 10.6149
threshold=0.034657223150134094 0.49226060509681707 0.93214285373687755 0.86849999427795421 0.11780798807740213 0.28965483605861669 0.037919048219919212 1.0132819116115572 0.78999999165534984 1.6788038015365603 1.3499999642372134 0.60500001907348644 0.81174489855766307
decision_type=2 2 2 2 2 2 2 2 2 2 2 2 2
left_child=1 10 5 7 -5 -2 -7 -4 12 -10 11 -1 -3
right_child=2 8 3 4 -6 6 -8 -9 9 -11 -12 -13 -14
leaf_value=0.00016064554846593795 0.0044710433233328241 -0.0023812527340236257 0.00060988448039295403 0.0042788245599496419 0.00056154630159335078 0.00072426551184598886 -0.00038878184889137 -0.0043147626332861793 -0.00060704988310002065 -0.017249726666862281 -0.0056405876338471968 0.0027361497530335554 -5.6197022185900379e-05
leaf_weight=843 95 677 1076 1737 1470 1752 7673 544 1373 91 57 221 112
leaf_count=843 95 677 1076 1737 1470 1752 7673 544 1373 91 57 221 112
internal_value=-5.58659e-05 -0.00241849 0.000499756 0.00246737 0.00448082 -0.000497899 -0.000671618 -0.00151852 -0.00462051 -0.0025 0.00200714 0.00281955 -0.00855513
internal_weight=17721 3374 14347 4827 3207 9520 9425 1620 2253 1464 1121 1064 789
internal_count=17721 3374 14347 4827 3207 9520 9425 1620 2253 1464 1121 1064 789
is_linear=0
shrinkage=0.03


Tree=38
num_leaves=14
num_cat=0
split_feature=26 35 7 20 34 35 26 35 2 10 3 3 14
split_gain=26.1636 33.3648 29.3468 40.9273 38.479 29.2798 30.0392 24.007 20.9272 16.6231 14.9153 14.2156 10.4271
threshold=0.034657223150134094 0.49226060509681707 0.93214285373687755 0.86849999427795421 0.0063175817485898742 0.28965483605861669 0.037919048219919212 1.0132819116115572 0.78999999165534984 1.6788038015365603 1.3499999642372134 0.60500001907348644 0.81174489855766307
decision_type=2 2 2 2 2 2 2 2 2 2 2 2 2
left_child=1 10 5 7 -5 -2 -7 -4 12 -10 11 -1 -3
right_child=2 8 3 4 -6 6 -8 -9 9 -11 -12 -13 -14
leaf_value=0.00015582618201195981 0.0043369120236328397 -0.0023098151520029165 0.00059158794598116534 0.0071357046837698486 0.0016457028920709377 0.0007025375464906091 -0.00037711839342462883 -0.0041853197542875932 -0.00058883838660702 -0.016732234866856415 -0.0054713700048317814 0.0026540652604425488 -5.4511111520323372e-05
leaf_weight=843 95 677 1076 655 2552 1752 7673 544 1373 91 57 221 112
leaf_count=843 95 677 1076 655 2552 1752 7673 544 1373 91 57 221 112
internal_value=-5.92517e-05 -0.00243628 0.000499756 0.00240522 0.00436857 -0.000466387 -0.000633422 -0.00148148 -0.00454061 -0.00241803 0.00179304 0.00259398 -0.00847909
internal_weight=17721 3374 14347 4827 3207 9520 9425 1620 2253 1464 1121 1064 789
internal_count=17721 3374 14347 4827 3207 9520 9425 1620 2253 1464 1121 1064 789
is_linear=0
shrinkage=0.03


Tree=39
num_leaves=15
num_cat=0
split_feature=19 2 35 20 11 14 34 33 15 5 3 33 8 34
split_gain=26.9472 24.9498 36.7017 35.9636 32.4257 26.8033 20.0802 19.8403 18.8772 10.4625 6.52936 6.46258 5.66551 4.09424
threshold=1.7800000309944155 0.84499999880790722 0.42890904843807226 0.81549999117851268 0.78571429848670971 -0.56174489110708226 0.013123217038810255 0.60426822304725658 62.500000000000007 0.5900000035762788 1.4700000286102297 0.65283098816871654 0.61571428179740917 0.021051376126706604
decision_type=2 2 2 2 2 2 2 2 2 2 2 2 2 2
left_child=1 2 6 5 -5 -3 -1 -4 10 12 11 -2 -10 -11
right_child=8 3 7 4 -6 -7 -8 -9 9 13 -12 -13 -14 -15
leaf_value=0.0005104449723740324 -0.00034315751043352609 0.0023209420415861814 -0.0010457869184345031 0.0010664369531203136 0.0064830404350132162 -0.0024257984067897306 -0.00047009422895858034 5.8629062561165779e-05 0.00066687209461039276 -0.0063860098948067346 -0.0027773332891806997 0.0031719158553467509 -0.0034590013637519294 -0.0040898515274109442
leaf_weight=3470 207 465 3694 4882 336 1263 1314 1654 53 114 82 59 51 77
leaf_count=3470 207 465 3694 4882 336 1263 1314 1654 53 114 82 59 51 77
internal_value=-8.29524e-05 0.000144045 -0.000805369 0.00152894 0.00277118 -0.00222222 0.00110368 -0.00251309 -0.00611198 -0.0116949 -0.00137931 0.000902256 -0.00403846 -0.0158639
internal_weight=17721 17078 10132 6946 5218 1728 4784 5348 643 295 348 266 104 191
internal_count=17721 17078 10132 6946 5218 1728 4784 5348 643 295 348 266 104 191
is_linear=0
shrinkage=0.03


Tree=40
num_leaves=13
num_cat=0
split_feature=11 33 1 37 17 20 27 20 33 25 28 6
split_gain=25.8235 30.7494 26.7513 27.9195 18.2669 15.9269 16.7211 24.8446 12.4164 9.69523 9.82713 6.30022
threshold=0.21428572386503222 0.34483075141906744 4.9500000476837167 4.376631736755372 22.505000114440922 0.57150000333786022 0.56038483977317821 0.69400000572204601 0.41231869161129003 0.59616154432296764 0.13970532640814784 1.0000000180025095e-35
decision_type=2 2 2 2 2 2 2 2 2 2 2 2
left_child=5 9 3 -3 -4 -1 8 -8 -7 11 -11 -2
right_child=1 2 4 -5 -6 6 7 -9 -10 10 -12 -13
leaf_value=0.0051952654408567783 -0.00062180718504429818 0.0001049022595108606 5.2384376561845669e-05 -0.017591989810866595 0.034070721967342461 -0.00021671775661626688 -0.0038579491377848008 -0.00012038658373615129 -0.00187429857908085 0.0033978668670460303 0.0013077268109323256 0.0013406308552648923
leaf_weight=79 82 10557 80 164 124 429 335 4475 809 196 302 89
leaf_count=79 82 10557 80 164 124 429 335 4475 809 196 302 89
internal_value=-3.5551e-05 0.000796964 0.000414645 0.000209868 0.0111765 -0.0016109 -0.00178571 -0.000985447 -0.00489499 0.00704036 0.00915663 0.000877193
internal_weight=17721 11594 10925 10721 204 6127 6048 4810 1238 669 498 171
internal_count=17721 11594 10925 10721 204 6127 6048 4810 1238 669 498 171
is_linear=0
shrinkage=0.03


Tree=41
num_leaves=13
num_cat=0
split_feature=12 20 36 30 35 20 35 5 34 36 32 17
split_gain=25.0863 22.4632 26.0964 31.1543 22.1646 26.6655 21.4553 24.7895 19.6572 18.0428 17.1046 9.14267
threshold=0.51785713434219371 0.8555000126361848 0.012477901764214041 0.11780798807740213 0.41963517665863043 0.59450000524520885 1.6935814023017886 3.9500000476837163 0.029375399462878708 0.0066998905967921027 0.041142912581563003 22.505000114440922
decision_type=2 2 2 2 2 2 2 2 2 2 2 2
left_child=1 4 3 -3 9 -6 7 10 -4 -1 -2 -9
right_child=6 2 8 -5 5 -7 -8 11 -10 -11 -12 -13
leaf_value=-5.0059685736821957e-05 0.0016780918724291502 0.0002269382827308802 0.00095569979542058916 -0.00075586007172782368 0.010413260003880268 -0.0019799291115635389 -0.009749370248566069 0.0053461818345728425 0.0036135112700195105 0.0044172255799702111 -3.8447102561236962e-05 0.034245855014000584
leaf_weight=698 1696 6298 868 3601 96 2315 69 52 149 126 1660 93
leaf_count=698 1696 6298 868 3601 96 2315 69 52 149 126 1660 93
internal_value=-2.87794e-05 -0.000595718 5.49652e-05 -0.000415193 -0.00279134 -0.00424305 0.00221849 0.00254499 0.00463127 0.00145631 0.00202026 0.0146897
internal_weight=17721 14151 10916 9899 3235 2411 3570 3501 1017 824 3356 145
internal_count=17721 14151 10916 9899 3235 2411 3570 3501 1017 824 3356 145
is_linear=0
shrinkage=0.03


Tree=42
num_leaves=11
num_cat=0
split_feature=1 2 37 0 15 25 35 26 37 2
split_gain=24.8003 30.7259 30.072 23.5432 38.1549 17.8941 11.5048 5.23487 5.3171 3.17647
threshold=4.9500000476837167 7.4500000476837167 4.6871931552886972 2.5000000000000004 64.500000000000014 0.63555103540420543 1.6160821318626406 0.040196631103754051 4.6871931552886972 6.1499998569488534
decision_type=2 2 2 2 2 2 2 2 2 2
left_child=2 7 3 5 -5 -1 9 -2 -9 -4
right_child=1 -3 6 4 -6 -7 -8 8 -10 -11
leaf_value=-0.00075551378756418919 0.016130015335463516 -0.010585252466858841 -0.00072304827790406793 0.00069029019599203714 -0.00046964797565193523 0.00035191044761725059 -0.022326429593443598 0.02502198922327235 0.022878708574656594 -0.024471944708823041
leaf_weight=4039 53 78 51 7286 4903 1062 58 61 79 51
leaf_count=4039 53 78 51 7286 4903 1062 58 61 79 51
internal_value=-3.89369e-05 0.00896679 -0.000178797 -5.89936e-05 0.00065715 -0.00177024 -0.013125 0.0153886 0.0184286 -0.00705882
internal_weight=17721 271 17450 17290 12189 5101 160 193 140 102
internal_count=17721 271 17450 17290 12189 5101 160 193 140 102
is_linear=0
shrinkage=0.03


Tree=43
num_leaves=13
num_cat=0
split_feature=11 33 9 36 7 20 27 20 33 13 7 25
split_gain=23.8264 29.3556 28.1819 39.7341 15.9835 15.7874 16.3211 21.8662 11.8398 9.22551 9.29292 8.15194
threshold=0.21428572386503222 0.34483075141906744 1.1589285731315615 0.007147272815927864 0.4435714334249497 0.57150000333786022 0.56038483977317821 0.69400000572204601 0.41231869161129003 1.0000000180025095e-35 0.39071428775787359 0.59616154432296764
decision_type=2 2 2 2 2 2 2 2 2 2 2 2
left_child=5 9 4 -4 -3 -1 8 -8 -7 11 -11 -2
right_child=1 2 3 -5 -6 6 7 -9 -10 10 -12 -13
leaf_value=0.0050549987074727382 0.00083448437247909415 -0.0007727658217337852 0.004248314246277805 -0.00010255557498387483 5.9361169177304764e-05 -0.00017345098249638616 -0.0037912295964877907 -0.00012168202331135818 -0.0018094844875714607 -0.0015228850494591179 0.0016434058804474521 0.0034978615191502355
leaf_weight=79 105 1860 1230 1489 6346 429 335 4475 809 74 195 295
leaf_count=79 105 1860 1230 1489 6346 429 335 4475 809 74 195 295
internal_value=-3.89369e-05 0.000760738 0.000387185 0.0030342 -0.000489885 -0.00155215 -0.00172619 -0.000935551 -0.00479806 0.00686099 0.00256506 0.00975
internal_weight=17721 11594 10925 2719 8206 6127 6048 4810 1238 669 269 400
internal_count=17721 11594 10925 2719 8206 6127 6048 4810 1238 669 269 400
is_linear=0
shrinkage=0.03


Tree=44
num_leaves=15
num_cat=0
split_feature=26 3 34 34 35 26 35 2 17 16 17 3 35 14
split_gain=24.2965 28.6205 44.8249 40.709 27.7202 25.5592 22.6122 19.2274 16.3431 15.0615 13.7459 12.3974 11.2556 10.6234
threshold=0.034657223150134094 1.1749999523162844 0.0062579307705163964 0.017437067814171318 0.49226060509681707 0.037919048219919212 0.34099149703979498 0.78999999165534984 22.505000114440922 1.1300500035285952 22.125000000000004 1.3499999642372134 0.48226188123226171 0.81174489855766307
decision_type=2 2 2 2 2 2 2 2 2 2 2 2 2 2
left_child=4 5 8 -4 11 10 -7 13 -3 -9 -2 12 -1 -6
right_child=1 2 3 -5 7 6 -8 9 -10 -11 -12 -13 -14 -15
leaf_value=0.00019004952801463437 -0.00052700963078242981 0.00093100244508226174 -0.00076421530783684082 0.0032056729865223431 -0.0021447824838458597 0.00076627483347200111 -0.00043583906271478208 -0.0032093862726920966 0.0082034467401426812 -3.344782929736222e-05 0.0011438089880543159 -0.0052129795437270525 0.0032600917721153752 0.00011685099498294422
leaf_weight=932 515 170 1838 1258 677 843 7783 488 459 976 1481 57 132 112
leaf_count=932 515 170 1838 1258 677 843 7783 488 459 976 1481 57 132 112
internal_value=-3.89369e-05 0.000499756 0.00276242 0.00127907 -0.00232958 -0.00029373 -0.00100162 -0.00424767 0.0100636 -0.00221311 0.00276553 0.00152542 0.00225564 -0.00802281
internal_weight=17721 14347 3725 3096 3374 10622 8626 2253 629 1464 1996 1121 1064 789
internal_count=17721 14347 3725 3096 3374 10622 8626 2253 629 1464 1996 1121 1064 789
is_linear=0
shrinkage=0.03


Tree=45
num_leaves=11
num_cat=0
split_feature=1 2 37 0 15 25 35 34 13 2
split_gain=23.505 29.8756 26.7791 21.6972 34.5013 17.0538 8.83585 5.9061 4.4 3.17647
threshold=4.9500000476837167 7.4500000476837167 4.6871931552886972 2.5000000000000004 64.500000000000014 0.63555103540420543 1.6160821318626406 0.011756666935980322 1.0000000180025095e-35 6.1499998569488534
decision_type=2 2 2 2 2 2 2 2 2 2
left_child=2 7 3 5 -5 -1 9 8 -2 -4
right_child=1 -3 6 4 -6 -7 -8 -9 -10 -11
leaf_value=-0.00071722322084809297 0.021603364191470881 -0.010300953194058932 -0.00067607893865329733 0.00064893940897949606 -0.00045517626930819278 0.00033478312105209707 -0.02164159509133376 0.011253259823818904 0.039293931180044844 -0.023711209447623904
leaf_weight=4039 55 78 51 7286 4903 1062 58 83 55 51
leaf_count=4039 55 78 51 7286 4903 1062 58 83 55 51
internal_value=-2.20078e-05 0.00874539 -0.000158166 -4.51128e-05 0.000642382 -0.0016879 -0.012375 0.0150777 0.0196364 -0.00705882
internal_weight=17721 271 17450 17290 12189 5101 160 193 110 102
internal_count=17721 271 17450 17290 12189 5101 160 193 110 102
is_linear=0
shrinkage=0.03


Tree=46
num_leaves=11
num_cat=0
split_feature=1 2 37 2 37 20 35 34 13 2
split_gain=24.5956 27.823 26.8545 20.8695 31.7367 28.4513 8.83585 5.9061 4.4 3.17647
threshold=4.9500000476837167 7.4500000476837167 4.6871931552886972 0.5900000035762788 0.32136431336402899 0.85050001740455639 1.6160821318626406 0.011756666935980322 1.0000000180025095e-35 6.1499998569488534
decision_type=2 2 2 2 2 2 2 2 2 2
left_child=2 7 3 4 -1 -5 9 8 -2 -4
right_child=1 -3 6 5 -6 -7 -8 -9 -10 -11
leaf_value=0.00042416094159919708 0.020955263265726755 -0.0099919245982371639 -0.00065579657049369866 -0.00069562215860264232 -0.00067381844198223398 0.00056538764858452993 -0.020992347238593747 0.010915662029104337 0.038115113244643499 -0.022999873164195186
leaf_weight=1267 55 78 51 2908 4949 8166 58 83 55 51
leaf_count=1267 55 78 51 2908 4949 8166 58 83 55 51
internal_value=-1.69291e-06 0.00896679 -0.000140974 -2.77617e-05 -0.00141892 0.000753115 -0.012375 0.0150777 0.0196364 -0.00705882
internal_weight=17721 271 17450 17290 6216 11074 160 193 110 102
internal_count=17721 271 17450 17290 6216 11074 160 193 110 102
is_linear=0
shrinkage=0.03


Tree=47
num_leaves=11
num_cat=0
split_feature=1 37 2 19 2 8 35 3 37 3
split_gain=23.4687 25.1895 24.2968 21.2907 23.768 14.0244 9.55889 6.27935 5.85326 3.33183
threshold=4.9500000476837167 4.6871931552886972 7.4500000476837167 1.7800000309944155 0.84499999880790722 1.9489285945892336 1.6160821318626406 5.2500000000000009 4.376631736755372 3.6499999761581425
decision_type=2 2 2 2 2 2 2 2 2 2
left_child=1 3 7 4 -1 -5 9 8 -2 -3
right_child=2 6 -4 5 -6 -7 -8 -9 -10 -11
leaf_value=-0.0001792238610227409 0.014886123895491271 -0.0010521280399529681 -0.0096921668602900479 -0.0011635281894893342 0.00073066909009840062 -0.019078795704951402 -0.020362576821435937 0.031284102519025268 0.0018290690056694181 -0.018652285864986091
leaf_weight=10114 69 52 78 571 6541 64 58 71 53 50
leaf_count=10114 69 52 78 571 6541 64 58 71 53 50
internal_value=-1.52362e-05 -0.000151289 0.00874539 -4.16426e-05 0.000163915 -0.00543307 -0.012 0.014456 0.0103279 -0.00647059
internal_weight=17721 17450 271 17290 16655 635 160 193 122 102
internal_count=17721 17450 271 17290 16655 635 160 193 122 102
is_linear=0
shrinkage=0.03


Tree=48
num_leaves=11
num_cat=0
split_feature=1 37 3 35 35 2 35 1 34 13
split_gain=22.2798 22.5648 21.251 34.1922 32.2879 21.0094 17.2392 13.5741 6.30817 6.14545
threshold=4.9500000476837167 3.92517101764679 1.1749999523162844 0.49351923167705541 0.34099149703979498 7.4500000476837167 1.6935814023017886 3.1499999761581425 0.011756666935980322 1.0000000180025095e-35
decision_type=2 2 2 2 2 2 2 2 2 2
left_child=1 2 3 -1 -4 8 7 -3 9 -2
right_child=5 6 4 -5 -6 -7 -8 -9 -10 -11
leaf_value=0.00015072768114346682 0.020271733297584874 -0.021358245379017579 -0.0054125676061118552 -0.00091075037633767412 0.0010830050287883584 -0.0094014018544813487 -0.019533893230490221 0.0001821885453146716 0.010141608451366468 0.036525076130439461
leaf_weight=7825 55 89 71 5199 4033 78 69 164 83 55
leaf_count=7825 55 89 71 5199 4033 78 69 164 83 55
internal_value=-1.18503e-05 -0.000144413 3.50304e-06 -0.000589681 0.00188596 0.00852399 -0.00801242 -0.00438735 0.0138342 0.0185455
internal_weight=17721 17450 17128 13024 4104 271 322 253 193 110
internal_count=17721 17450 17128 13024 4104 271 322 253 193 110
is_linear=0
shrinkage=0.03


Tree=49
num_leaves=15
num_cat=0
split_feature=26 3 34 34 35 26 33 2 31 20 10 10 3 3
split_gain=21.3213 26.2128 42.3355 38.6919 25.7144 24.2254 21.5835 16.6133 15.409 14.4229 12.8495 12.495 9.98962 9.12383
threshold=0.034657223150134094 1.1749999523162844 0.0062579307705163964 0.017437067814171318 0.49226060509681707 0.037919048219919212 0.3386287540197373 0.78999999165534984 0.88245674967765819 0.88150000572204601 0.28724916279315954 0.60086899995803844 0.3900000005960465 0.60500001907348644
decision_type=2 2 2 2 2 2 2 2 2 2 2 2 2 2
left_child=4 5 9 -4 11 10 -7 12 -9 -3 -2 13 -6 -1
right_child=1 2 3 -5 7 6 -8 8 -10 -11 -12 -13 -14 -15
leaf_value=0.00012524525265049093 0.0011581008034954965 0.00051585465656124314 -0.00079670201320811 0.0030292287042256701 -0.0037421358819874017 0.0012975659376151518 -0.0003481265480461835 -0.00026035097184553874 -0.0043047607590307076 0.0096788844441932555 -3.7543868992792475e-05 -0.0044759085906670697 -0.0016480392615074503 0.0024730947548975597
leaf_weight=836 1150 153 1838 1258 104 396 8230 1226 238 476 846 57 685 228
leaf_count=836 1150 153 1838 1258 104 396 8230 1226 238 476 846 57 685 228
internal_value=1.18503e-05 0.000516484 0.00268188 0.00124031 -0.00213397 -0.000242892 -0.000932066 -0.00398136 -0.00209016 0.00977742 0.00273547 0.00157895 -0.00749049 0.00231203
internal_weight=17721 14347 3725 3096 3374 10622 8626 2253 1464 629 1996 1121 789 1064
internal_count=17721 14347 3725 3096 3374 10622 8626 2253 1464 629 1996 1121 789 1064
is_linear=0
shrinkage=0.03


Tree=50
num_leaves=11
num_cat=0
split_feature=1 37 13 15 2 3 35 1 34 13
split_gain=21.0358 22.7031 21.4406 47.8811 20.3073 19.8846 17.2392 13.5741 5.69564 5.23636
threshold=4.9500000476837167 3.92517101764679 1.0000000180025095e-35 64.500000000000014 7.4500000476837167 1.1749999523162844 1.6935814023017886 3.1499999761581425 0.011756666935980322 1.0000000180025095e-35
decision_type=2 2 2 2 2 2 2 2 2 2
left_child=1 2 3 -1 8 -4 7 -3 9 -2
right_child=4 6 5 -5 -6 -7 -8 -9 -10 -11
leaf_value=0.00080472047909205236 0.019373214765331527 -0.020693596957250808 -0.00052471233474492849 -0.00057044702621744908 -0.0091528476992121695 0.0007402441023914158 -0.018940065904420145 0.00016544371786701907 0.0098478039942668603 0.035443592329810772
leaf_weight=6136 55 89 5259 3874 78 1859 69 164 83 55
leaf_count=6136 55 89 5259 3874 78 1859 69 164 83 55
internal_value=8.46453e-06 -0.000120344 2.80243e-05 0.000923077 0.00830258 -0.00123068 -0.00801242 -0.00438735 0.0135233 0.018
internal_weight=17721 17450 17128 10010 271 7118 322 253 193 110
internal_count=17721 17450 17128 10010 271 7118 322 253 193 110
is_linear=0
shrinkage=0.03


Tree=51
num_leaves=15
num_cat=0
split_feature=26 7 20 31 37 35 35 35 2 16 10 10 35 9
split_gain=20.753 24.1111 34.6641 33.6143 25.6203 24.3621 23.777 21.1054 16.9031 14.2131 14.0585 12.3003 9.69411 9.27727
threshold=0.034657223150134094 0.93214285373687755 0.86849999427795421 0.73488351702690136 0.26832713186740881 1.0132819116115572 0.49226060509681707 0.28965483605861669 0.78999999165534984 1.1300500035285952 0.28794173896312719 0.60086899995803844 0.82815513014793407 0.46517856419086462
decision_type=2 2 2 2 2 2 2 2 2 2 2 2 2 2
left_child=6 4 5 -4 10 -3 11 -6 12 -10 -2 13 -8 -1
right_child=1 2 3 -5 7 -7 8 -9 9 -11 -12 -13 -14 -15
leaf_value=-0.00011802854761037575 0.0014369094597452366 0.00052961635260833858 0.0010861331174387152 0.0059123128818133197 0.0038990993285546349 -0.0039503174419087501 -0.0020661994579916319 -0.00022523359060051251 -0.0028410329385191841 2.4198560681031216e-05 -0.0009017986697639923 -0.0043245179221605336 0.0005984900612762739 0.0010994552782124501
leaf_weight=499 430 1076 2350 857 60 544 703 8940 488 976 90 57 86 565
leaf_count=499 430 1076 2350 857 60 544 703 8940 488 976 90 57 86 565
internal_value=1.8622e-05 0.000516484 0.00224363 0.00405051 -0.000359244 -0.00133333 -0.0020984 -0.000733333 -0.00387483 -0.00196721 0.00611538 0.0014719 -0.00741445 0.00219925
internal_weight=17721 14347 4827 3207 9520 1620 3374 9000 2253 1464 520 1121 789 1064
internal_count=17721 14347 4827 3207 9520 1620 3374 9000 2253 1464 520 1121 789 1064
is_linear=0
shrinkage=0.03


Tree=52
num_leaves=11
num_cat=0
split_feature=1 37 2 13 15 35 3 1 34 13
split_gain=19.8109 22.8616 19.6172 19.2931 44.9946 17.2392 17.1585 13.5741 6.51416 5.23636
threshold=4.9500000476837167 3.92517101764679 7.4500000476837167 1.0000000180025095e-35 64.500000000000014 1.6935814023017886 1.1749999523162844 3.1499999761581425 0.011756666935980322 1.0000000180025095e-35
decision_type=2 2 2 2 2 2 2 2 2 2
left_child=1 3 8 4 -1 7 -5 -3 9 -2
right_child=2 5 -4 6 -6 -7 -8 -9 -10 -11
leaf_value=0.0007785318492948796 0.018614648935917185 -0.019954279525276022 -0.008910846261758967 -0.00050523861254639119 -0.00055501013374931033 -0.018372589884107973 0.00074943550147005039 0.00016496971538874013 0.0095364813838606059 0.03449879408317371
leaf_weight=6136 55 89 78 5259 3874 69 1859 164 83 55
leaf_count=6136 55 89 78 5259 3874 69 1859 164 83 55
internal_value=3.21652e-05 -9.28367e-05 0.00808118 5.60486e-05 0.000905095 -0.00801242 -0.00113796 -0.00438735 0.0132124 0.018
internal_weight=17721 17450 271 17128 10010 322 7118 253 193 110
internal_count=17721 17450 271 17128 10010 322 7118 253 193 110
is_linear=0
shrinkage=0.03


Tree=53
num_leaves=13
num_cat=0
split_feature=11 33 7 20 37 20 27 20 33 36 20 10
split_gain=19.5423 25.6619 24.3968 26.0193 16.8968 15.3953 15.0491 18.5741 11.7748 8.62507 13.804 6.32133
threshold=0.21428572386503222 0.34483075141906744 0.49642856419086462 0.83049997687339794 0.26832713186740881 0.57150000333786022 0.56038483977317821 0.69400000572204601 0.41231869161129003 0.0011035432689823212 0.90749999880790722 0.20660588145256045
decision_type=2 2 2 2 2 2 2 2 2 2 2 2
left_child=5 9 4 -4 -3 -1 8 -8 -7 11 -11 -2
right_child=1 2 3 -5 -6 6 7 -9 -10 10 -12 -13
leaf_value=0.0048832460739200757 0.0039624687977221733 0.0010893739827284091 -0.00068866473638063287 0.0006549793878093753 -0.00069120518381098344 -6.2327661369804003e-05 -0.0034982782216348204 -0.00010929399894309053 -0.0017032529189122886 -0.0011070602569702749 0.0015608883812239225 0.0021598009105529463
leaf_weight=79 65 287 1924 6382 2332 429 335 4475 809 100 425 79
leaf_count=79 65 287 1924 6382 2332 429 335 4475 809 100 425 79
internal_value=-1.52362e-05 0.000708987 0.000359725 0.00115579 -0.00216495 -0.00138567 -0.00155754 -0.000798337 -0.00450727 0.00641256 0.00462857 0.0129167
internal_weight=17721 11594 10925 8306 2619 6127 6048 4810 1238 669 525 144
internal_count=17721 11594 10925 8306 2619 6127 6048 4810 1238 669 525 144
is_linear=0
shrinkage=0.03


Tree=54
num_leaves=15
num_cat=0
split_feature=19 2 35 34 31 11 33 37 15 37 35 8 3 37
split_gain=19.5595 19.4378 29.6322 29.6002 23.2743 21.6397 18.779 15.5853 13.52 15.0942 6.70588 6.0051 4.94971 3.45285
threshold=1.7800000309944155 0.84499999880790722 0.42890904843807226 0.0067107360810041436 0.88245674967765819 0.78571429848670971 0.60426822304725658 0.26832713186740881 60.500000000000007 0.49188494682312017 0.57084041833877575 1.6964285969734194 1.4700000286102297 0.51444745063781749
decision_type=2 2 2 2 2 2 2 2 2 2 2 2 2 2
left_child=1 2 7 5 -5 -3 -4 -1 10 -10 13 -11 -12 -2
right_child=8 3 6 4 -6 -7 -8 -9 9 11 12 -13 -14 -15
leaf_value=0.0011023988596487024 -6.1638358051531448e-06 0.0017621484511749488 -0.00090412327559962369 0.00046555231022912992 -0.0031878243241071713 0.0075552470431120445 0.00018908667955517595 7.3035690364059791e-05 0.00028859082673766555 -0.0034855300969412945 0.0031196486439937225 -0.020857683542940843 -0.00046710898530168187 -0.0027746279125473059
leaf_weight=570 63 1146 3694 5077 511 212 1654 4214 88 239 90 50 57 56
leaf_count=570 63 1146 3694 5077 511 212 1654 4214 88 239 90 50 57 56
internal_value=-4.23227e-05 0.000151072 -0.000686932 0.00137345 0.000408017 0.0053461 -0.00222139 0.00102843 -0.00517885 -0.00883289 0 -0.0121453 0.00428571 -0.00529412
internal_weight=17721 17078 10132 6946 5588 1358 5348 4784 643 377 266 289 147 119
internal_count=17721 17078 10132 6946 5588 1358 5348 4784 643 377 266 289 147 119
is_linear=0
shrinkage=0.03


Tree=55
num_leaves=13
num_cat=0
split_feature=11 20 31 11 33 26 30 20 27 20 20 20
split_gain=18.8722 21.757 29.2417 28.5654 23.8922 21.1022 21.657 13.6693 14.6583 17.6105 12.1059 8.20269
threshold=0.21428572386503222 0.80649998784065258 0.73488351702690136 0.78571429848670971 0.3461094349622727 0.051552008837461478 0.024649415165185932 0.57150000333786022 0.56038483977317821 0.69400000572204601 0.76150000095367443 0.79450002312660228
decision_type=2 2 2 2 2 2 2 2 2 2 2 2
left_child=7 5 4 -4 -3 11 -7 -1 10 -10 -9 -2
right_child=1 2 3 -5 -6 6 -8 8 9 -11 -12 -13
leaf_value=0.0047036767259130115 -0.0013987093767700415 0.0013457504093960799 0.0017187294334592522 0.0072651543710607804 1.1683546629929499e-05 0.0069547879935171128 4.7933615500063924e-05 0.0021183780482426518 -0.0031225174278753862 -0.00010067151134064898 -0.0012562998711444103 -0.0024809075478285769
leaf_weight=79 1490 681 1230 281 7073 114 657 167 335 4475 1071 68
leaf_count=79 1490 681 1230 281 7073 114 657 167 335 4475 1071 68
internal_value=-3.89369e-05 0.000672762 0.00132434 0.00514229 0.000580346 -0.00191928 0.00214008 -0.00138567 -0.00154762 -0.000798337 -0.0044588 -0.00392811
internal_weight=17721 11594 9265 1511 7754 2329 771 6127 6048 4810 1238 1558
internal_count=17721 11594 9265 1511 7754 2329 771 6127 6048 4810 1238 1558
is_linear=0
shrinkage=0.03


Tree=56
num_leaves=13
num_cat=0
split_feature=12 35 5 13 15 35 15 20 7 19 37 17
split_gain=18.9202 20.6361 22.7826 18.5711 33.1582 33.0587 24.9849 16.5027 14.8318 20.6984 17.4809 9.74444
threshold=0.51785713434219371 1.6935814023017886 3.9500000476837163 1.0000000180025095e-35 64.500000000000014 0.49351923167705541 59.500000000000007 0.75049999356269848 0.9407142996788026 1.7300000190734866 0.40367645025253301 22.505000114440922
decision_type=2 2 2 2 2 2 2 2 2 2 2 2
left_child=3 2 7 4 6 -6 -1 -2 10 -10 -5 -4
right_child=1 -3 11 8 5 -7 -8 -9 9 -11 -12 -13
leaf_value=7.4822652511668839e-05 -0.0013175368360753411 -0.0088422351539315987 0.0015405110823784201 -2.4959906105299424e-05 0.00031725744850228608 -0.0022297173520139579 0.0014806820291055627 0.00081540541355627685 0.00066447238426356448 -0.0046950006630650199 -0.0012688155136738157 0.030153716178907667
leaf_weight=3079 485 69 52 1425 1616 1669 1965 2871 1680 123 2594 93
leaf_count=3079 485 69 52 1425 1616 1669 1965 2871 1680 123 2594 93
internal_value=-5.24801e-05 0.00189916 0.00221937 -0.000544838 0.000363789 -0.00198174 0.00189136 0.00171633 -0.00184473 0.000415973 -0.00285892 0.0138621
internal_weight=17721 3570 3501 14151 8329 3285 5044 3356 5822 1803 4019 145
internal_count=17721 3570 3501 14151 8329 3285 5044 3356 5822 1803 4019 145
is_linear=0
shrinkage=0.03


Tree=57
num_leaves=11
num_cat=0
split_feature=1 37 37 3 35 35 35 4 1 15
split_gain=18.8077 20.5097 18.3686 19.6141 28.4332 26.7058 16.9833 15.9719 13.438 11.1902
threshold=5.0499999523162851 5.0703568458557138 3.92517101764679 1.1749999523162844 0.49351923167705541 0.34099149703979498 1.6935814023017886 7.5499999523162851 3.1499999761581425 64.500000000000014
decision_type=2 2 2 2 2 2 2 2 2 2
left_child=2 -2 3 4 -1 -5 8 9 -4 -3
right_child=1 7 6 5 -6 -7 -8 -9 -10 -11
leaf_value=0.00011813173231132331 0.016857251444008119 0.0050227794796676691 -0.01931086967011594 -0.0051300131164089295 -0.00077485734657504188 0.00099890750933033685 -0.017653241734416351 0.053587647078656313 0.00020979404791601151 -0.026305501311962416
leaf_weight=7825 97 62 89 71 5199 4036 69 50 171 52
leaf_count=7825 97 62 89 71 5199 4036 69 50 171 52
internal_value=-6.26375e-05 0.00793103 -0.000182131 -4.72827e-05 -0.000617322 0.00176041 -0.00720365 0.00146341 -0.00369231 -0.00473684
internal_weight=17721 261 17460 17131 13024 4107 329 164 260 114
internal_count=17721 261 17460 17131 13024 4107 329 164 260 114
is_linear=0
shrinkage=0.03


Tree=58
num_leaves=12
num_cat=0
split_feature=36 36 36 36 34 18 15 5 16 37 7
split_gain=18.3232 22.507 44.636 21.0262 20.7627 19.373 13.9232 12.2835 8.28295 5.4154 2.41509
threshold=0.014050519093871118 0.012477901764214041 0.012025096453726293 0.011157446075230839 0.029375399462878708 69.905002593994155 58.500000000000007 0.78999999165534984 1.1447499990463259 0.68403115868568432 0.44142857193946844
decision_type=2 2 2 2 2 2 2 2 2 2 2
left_child=1 2 3 -1 7 -4 -2 -3 -6 10 -8
right_child=6 4 5 -5 8 -7 9 -9 -10 -11 -12
leaf_value=-5.0605149897341421e-05 0.00062734919962275032 -0.00038612428918715101 -0.0028366638538611317 0.0019082920219942706 0.0044059858134213176 -0.0066568485686285764 -0.0029170603420052318 0.0022142723677300762 0.0025444492334556926 -0.0063724238617850681 -0.0016060651066087455
leaf_weight=14832 61 347 379 1129 57 117 53 551 92 50 53
leaf_count=14832 61 347 379 1129 57 117 53 551 92 50 53
internal_value=-4.57085e-05 6.17002e-05 -0.000209637 6.57854e-05 0.00432665 -0.00907258 -0.00870968 0.00260579 0.014698 -0.0134615 -0.00962264
internal_weight=17721 17504 16457 15961 1047 496 217 898 149 156 106
internal_count=17721 17504 16457 15961 1047 496 217 898 149 156 106
is_linear=0
shrinkage=0.03


Tree=59
num_leaves=15
num_cat=0
split_feature=12 34 32 11 13 15 35 15 33 9 7 19 35 16
split_gain=18.3387 20.246 19.0144 18.3707 16.9618 31.1387 30.7071 23.69 16.2108 15.9158 13.61 20.5826 16.3873 10.2195
threshold=0.51785713434219371 0.0037851262604817752 0.0035492336610332136 0.78571429848670971 1.0000000180025095e-35 64.500000000000014 0.49351923167705541 59.500000000000007 0.99235436320304882 1.366071403026581 0.9407142996788026 1.7300000190734866 0.45560668408870703 1.1351000070571902
decision_type=2 2 2 2 2 2 2 2 2 2 2 2 2 2
left_child=4 2 -2 -4 5 7 -7 -1 9 -3 12 -12 -6 -10
right_child=1 8 3 -5 10 6 -8 -9 13 -11 11 -13 -14 -15
leaf_value=8.735165791060059e-05 -0.00058548190231146307 0.00018913105714247507 0.002122249631593976 0.010778960956584616 -0.00014248572495342447 0.0002979059670397714 -0.0021497720960152937 0.0014491370123093149 -0.0092585250773110517 0.0051973836419498404 0.00063126984693009859 -0.0045293867682788978 -0.0013986159333989577 -0.0021080608502967008
leaf_weight=3079 99 2221 263 164 2125 1616 1669 1965 52 456 1680 123 1894 315
leaf_count=3079 99 2221 263 164 2125 1616 1669 1965 52 456 1680 123 1894 315
internal_value=-5.58659e-05 0.00186555 0.00730038 0.0100468 -0.000540598 0.00032777 -0.00194521 0.00180809 0.000926413 0.00173702 -0.00178289 0.000382696 -0.00275442 -0.00498638
internal_weight=17721 3570 526 427 14151 8329 3285 5044 3044 2677 5822 1803 4019 367
internal_count=17721 3570 526 427 14151 8329 3285 5044 3044 2677 5822 1803 4019 367
is_linear=0
shrinkage=0.03


Tree=60
num_leaves=14
num_cat=0
split_feature=12 34 32 37 7 20 11 33 9 1 10 0 7
split_gain=17.4496 18.8227 18.289 16.7727 25.2044 18.2218 16.3294 14.4675 14.5835 11.7918 11.5144 9.42082 7.63585
threshold=0.51785713434219371 0.0037851262604817752 0.0035492336610332136 0.26832713186740881 0.4435714334249497 0.85449999570846569 0.78571429848670971 0.99235436320304882 1.366071403026581 0.57499998807907116 0.34517872333526617 5.5000000000000009 0.39071428775787359
decision_type=2 2 2 2 2 2 2 2 2 2 2 2 2
left_child=3 2 -2 10 9 -6 -4 8 -3 -5 12 -9 -1
right_child=1 7 6 4 5 -7 -8 11 -10 -11 -12 -13 -14
leaf_value=0.00077244681837040387 -0.00056791744524211925 0.00018345712542820066 0.0020585821426461572 -0.00054042016580650926 -0.0010965200533857103 0.00018221010055323027 0.010455592127887077 -0.0046229249285416373 0.0050414621326913458 -0.0016970100814936908 -0.0011745637194994656 0.0015576939400748508 0.0023141293577938638
leaf_weight=359 99 2221 263 1929 2646 8589 164 272 456 417 68 95 143
leaf_count=359 99 2221 263 1929 2646 8589 164 272 456 417 68 95 143
internal_value=-4.23227e-05 0.00183193 0.00707224 -0.000515158 -0.000726751 -0.000136182 0.00976581 0.000926413 0.00169219 -0.00355499 0.00452632 -0.0046594 0.00609562
internal_weight=17721 3570 526 14151 13581 11235 427 3044 2677 2346 570 367 502
internal_count=17721 3570 526 14151 13581 11235 427 3044 2677 2346 570 367 502
is_linear=0
shrinkage=0.03


Tree=61
num_leaves=13
num_cat=0
split_feature=11 7 20 27 9 37 37 35 20 27 29 33
split_gain=16.5813 19.0799 22.0118 27.5934 20.1581 17.1616 16.8768 16.219 13.4542 12.7925 16.6245 13.1008
threshold=0.21428572386503222 0.4435714334249497 0.83149999380111705 0.56038483977317821 0.41803571581840521 0.95302420854568493 0.24572184681892398 0.43603140115737921 0.57150000333786022 0.56038483977317821 0.6951735019683839 0.41231869161129003
decision_type=2 2 2 2 2 2 2 2 2 2 2 2
left_child=8 4 7 -4 6 -6 -2 -3 -1 11 -11 -10
right_child=1 2 3 -5 5 -7 -8 -9 9 10 -12 -13
leaf_value=0.004518912319645828 0.0016967041857327363 0.0016353473815235173 -0.00014851666710050143 0.0011700133356186701 -0.001288773488600532 0.0036159059398580108 -4.340211717385016e-05 -0.0012151071881744829 2.8947967798853487e-05 0.00052071497137884642 -0.00089309349531712008 -0.0015757290758600031
leaf_weight=79 190 447 2273 5080 1172 93 712 1627 429 2031 2779 809
leaf_count=79 190 447 2273 5080 1172 93 712 1627 429 2031 2779 809
internal_value=-2.53936e-05 0.000641711 0.0012252 0.0019951 -0.00189663 -0.00433992 0.00152993 -0.00150434 -0.00128774 -0.00144841 -0.000748441 -0.00416801
internal_weight=17721 11594 9427 7353 2167 1265 902 2074 6127 6048 4810 1238
internal_count=17721 11594 9427 7353 2167 1265 902 2074 6127 6048 4810 1238
is_linear=0
shrinkage=0.03


Tree=62
num_leaves=15
num_cat=0
split_feature=26 3 34 34 26 35 31 17 20 17 10 3 5 17
split_gain=16.218 21.6671 34.1032 33.9802 22.7233 20.134 15.7234 15.154 14.8844 14.8695 12.1071 11.8853 11.1542 9.80725
threshold=0.034657223150134094 1.1749999523162844 0.0062579307705163964 0.017437067814171318 0.037919048219919212 0.49226060509681707 0.42513063549995428 22.505000114440922 0.88150000572204601 22.125000000000004 0.60086899995803844 0.60500001907348644 3.8500000238418584 22.250000000000004
decision_type=2 2 2 2 2 2 2 2 2 2 2 2 2 2
left_child=5 4 8 -4 9 10 -6 13 -3 -2 11 -1 -9 -7
right_child=1 2 3 -5 6 7 -8 12 -10 -11 -12 -13 -14 -15
leaf_value=0.00010556160527160533 -0.00054731875990551978 0.00028238076498718568 -0.00074783088983358041 0.002707382916284775 0.00028795706243881668 -0.0015005596395343118 -0.00046427269799561113 -0.00080772547900289596 0.0082442687257430654 0.0010630471302152816 -0.0040243426464198727 0.0022654253916375728 0.0060918171934331343 -0.0049532165031175163
leaf_weight=836 515 153 1838 1258 1993 771 6633 1220 476 1481 57 228 51 211
leaf_count=836 515 153 1838 1258 1993 771 6633 1220 476 1481 57 228 51 211
internal_value=-4.90943e-05 0.000391023 0.00235973 0.00106589 -0.000299379 -0.00192057 -0.000966844 -0.00355526 0.00872814 0.00258517 0.00136485 0.00208647 -0.0013926 -0.00635438
internal_weight=17721 14347 3725 3096 10622 3374 8626 2253 629 1996 1121 1064 1271 982
internal_count=17721 14347 3725 3096 10622 3374 8626 2253 629 1996 1121 1064 1271 982
is_linear=0
shrinkage=0.03


Tree=63
num_leaves=11
num_cat=0
split_feature=1 2 37 3 35 20 35 1 34 13
split_gain=15.8847 21.6865 19.5824 18.164 25.1687 23.896 12.3324 11.7851 8.31602 5.23636
threshold=4.9500000476837167 7.4500000476837167 3.92517101764679 1.1749999523162844 0.49351923167705541 0.80850002169609081 1.6935814023017886 2.7500000000000004 0.011756666935980322 1.0000000180025095e-35
decision_type=2 2 2 2 2 2 2 2 2 2
left_child=2 8 3 4 -1 -5 7 -4 9 -2
right_child=1 -3 6 5 -6 -7 -8 -9 -10 -11
leaf_value=0.0001090505302740489 0.016995618783368291 -0.0090412440491650873 -0.022259711478392293 -0.0010006950387014557 -0.00072379733350736439 0.0014963416999890192 -0.016932862227895341 -0.00029073791643916767 0.0087719402835622282 0.032994070053350262
leaf_weight=7825 55 78 60 1251 5199 2853 69 193 83 55
leaf_count=7825 55 78 60 1251 5199 2853 69 193 83 55
internal_value=-1.18503e-05 0.00719557 -0.000123782 1.40121e-05 -0.000534398 0.00175439 -0.00745342 -0.00438735 0.0125907 0.018
internal_weight=17721 271 17450 17128 13024 4104 322 253 193 110
internal_count=17721 271 17450 17128 13024 4104 322 253 193 110
is_linear=0
shrinkage=0.03


Tree=64
num_leaves=16
num_cat=0
split_feature=26 27 20 8 31 20 35 17 35 0 5 36 1 34 31
split_gain=15.8966 19.9442 30.6564 36.1384 20.1876 36.0793 19.0568 15.3582 14.386 12.9648 11.0015 10.6208 10.0729 7.24923 4.39392
threshold=0.034657223150134094 0.56038483977317821 0.85050001740455639 1.0364285707473757 0.40399101376533514 0.93149998784065258 0.49226060509681707 22.505000114440922 1.0132819116115572 1.5000000000000002 3.8500000238418584 0.009763782378286125 0.68999999761581432 0.0077220916282385596 0.51733684539794933
decision_type=2 2 2 2 2 2 2 2 2 2 2 2 2 2 2
left_child=6 4 8 -4 9 -6 11 12 -3 -2 -9 13 -8 -1 -13
right_child=1 2 3 -5 5 -7 7 10 -10 -11 -12 14 -14 -15 -16
leaf_value=0.00038954917241170903 -0.0015518138570118293 -0.00015989585408830565 0.00017904639854622034 0.0028298750283253502 0.0004348084580766445 -0.0015900833281535232 -0.0030033419607217349 -0.00076304315454899722 -0.0033923362259894695 0.00051182123003354861 0.006417048544467 0.00062161270081064488 -0.0014304364144139086 -0.00046705793671581862 0.0021334711009611037
leaf_weight=586 213 1807 5382 2419 1113 1556 317 1220 510 1347 51 98 665 383 54
leaf_count=586 213 1807 5382 2419 1113 1556 317 1220 510 1347 51 98 665 383 54
internal_value=-3.21652e-05 0.000403569 0.0011267 0.00202666 -0.00132655 -0.0029112 -0.001885 -0.00347537 -0.00190332 0.00138462 -0.00129819 0.00131133 -0.00629328 0.000154799 0.00868421
internal_weight=17721 14347 10118 7801 4229 2669 3374 2253 2317 1560 1271 1121 982 969 152
internal_count=17721 14347 10118 7801 4229 2669 3374 2253 2317 1560 1271 1121 982 969 152
is_linear=0
shrinkage=0.03


Tree=65
num_leaves=15
num_cat=0
split_feature=12 34 35 13 15 32 33 26 11 1 37 5 15 13
split_gain=15.6778 16.8991 16.6806 19.0332 25.6502 13.7226 13.5341 13.9128 13.1561 13.0567 14.0206 12.8815 9.9919 9.52166
threshold=0.51785713434219371 0.0037851262604817752 1.5273656249046328 1.0000000180025095e-35 64.500000000000014 0.0035492336610332136 0.99235436320304882 0.030451830476522449 0.78571429848670971 2.7500000000000004 2.9010009765625004 1.4649999737739565 59.500000000000007 1.0000000180025095e-35
decision_type=2 2 2 2 2 2 2 2 2 2 2 2 2 2
left_child=2 5 3 4 -1 -2 7 -3 -7 10 -4 -5 -11 -8
right_child=1 6 9 11 -6 8 13 -9 -10 12 -12 -13 -14 -15
leaf_value=0.00058893985677693739 -0.00055311927108813363 -0.0017431649962010721 -0.002827813617404893 -0.00056232156731006618 -0.00054047526079247876 0.0017663681976002618 -0.0085482059946095767 0.00086464097489327284 0.010110583004522979 -0.0078905703462284534 -0.024439479782087586 0.00067609505600733108 0.0026007301367804931 0.00043385162165258191
leaf_weight=4945 99 263 62 4708 3194 263 197 2414 164 73 72 969 128 170
leaf_count=4945 99 263 62 4708 3194 263 197 2414 164 73 72 969 128 170
internal_value=-1.18503e-05 0.00176471 -0.000460038 -0.000299653 0.000630299 0.00673004 0.000906702 0.00164737 0.00906323 -0.00707463 -0.0143284 -0.0016329 -0.00223881 -0.00449591
internal_weight=17721 3570 14151 13816 8139 526 3044 2677 427 335 134 5677 201 367
internal_count=17721 3570 14151 13816 8139 526 3044 2677 427 335 134 5677 201 367
is_linear=0
shrinkage=0.03


Tree=66
num_leaves=15
num_cat=0
split_feature=19 7 35 20 35 27 36 8 15 37 11 35 37 20
split_gain=14.9688 15.7673 29.9834 26.72 27.4342 26.8754 23.1832 16.4271 13.643 13.3792 6.69417 5.89187 4.37158 3.37302
threshold=1.7800000309944155 0.93214285373687755 0.49351923167705541 0.86849999427795421 0.93924012780189525 0.56038483977317821 0.0066239710431545981 0.40642856061458593 60.500000000000007 0.49188494682312017 1.0000000180025095e-35 0.57084041833877575 1.0729870200157168 0.99950000643730175
decision_type=2 2 2 2 2 2 2 2 2 2 2 2 2 2
left_child=1 2 6 4 -3 -5 -1 -4 11 -10 -11 13 -13 -2
right_child=8 3 7 5 -6 -7 -8 -9 9 10 -12 12 -14 -15
leaf_value=-6.2681705689674141e-05 7.5345906733928844e-05 0.00046275159940607866 -0.002344899526737847 -0.001174557716857406 -0.0034519919926178167 0.0021235244127502761 0.0010275319184568767 -0.00069749107759389827 0.00029114328464585013 -0.0049489667093908264 -0.0035572459982061255 0.0033389950829357442 -0.00030321636192829509 -0.0022855578510670828
leaf_weight=5937 56 1240 187 542 716 3286 1648 3522 88 57 232 79 68 63
leaf_count=5937 56 1240 187 542 716 3286 1648 3522 88 57 232 79 68 63
internal_value=-3.21652e-05 0.000137018 -0.000515318 0.00141079 -0.00144172 0.00286834 0.00056559 -0.0027258 -0.00452566 -0.00819629 -0.0113149 0.000676692 0.00469388 -0.00428571
internal_weight=17721 17078 11294 5784 1956 3828 7585 3709 643 377 289 266 147 119
internal_count=17721 17078 11294 5784 1956 3828 7585 3709 643 377 289 266 147 119
is_linear=0
shrinkage=0.03


Tree=67
num_leaves=16
num_cat=0
split_feature=12 34 13 15 35 17 11 33 8 5 7 19 37 13 30
split_gain=15.6821 17.1287 16.5495 28.6733 28.1011 22.5416 12.891 12.5365 13.9979 11.4806 10.5216 19.8946 14.9663 10.2279 8.37706
threshold=0.51785713434219371 0.0037851262604817752 1.0000000180025095e-35 64.500000000000014 0.49351923167705541 23.279999732971195 0.78571429848670971 0.99235436320304882 1.1450000405311587 2.0499999523162846 0.9407142996788026 1.7300000190734866 0.40367645025253301 1.0000000180025095e-35 0.049754345789551742
decision_type=2 2 2 2 2 2 2 2 2 2 2 2 2 2 2
left_child=2 6 3 5 -5 -1 14 8 -3 -8 12 -12 -4 -9 -2
right_child=1 7 10 4 -6 -7 9 13 -10 -11 11 -13 -14 -15 -16
leaf_value=0.0010684553401926601 0.0021359164208891524 1.653272552312436e-05 -8.8801432546982934e-06 0.00025265026436059644 -0.0020697717292354045 -9.6906290802780656e-05 0.0020053998040169803 -0.0082194035011321585 0.0025705831047905165 0.034582140203507389 0.00056123209849161845 -0.0042705256327483423 -0.0011450546867586067 0.00035713034062049605 -0.00014444488493084852
leaf_weight=2798 121 1874 1425 1616 1669 2246 110 197 803 72 1680 123 2594 170 223
leaf_count=2798 121 1874 1425 1616 1669 2246 110 197 803 72 1680 123 2594 170 223
internal_value=-4.57085e-05 0.00173109 -0.000493958 0.000363789 -0.00181735 0.0017843 0.00673004 0.00086728 0.00158013 0.0131868 -0.00172106 0.000183028 -0.00257527 -0.00433243 0.00331395
internal_weight=17721 3570 14151 8329 3285 5044 526 3044 2677 182 5822 1803 4019 367 344
internal_count=17721 3570 14151 8329 3285 5044 526 3044 2677 182 5822 1803 4019 367 344
is_linear=0
shrinkage=0.03


Tree=68
num_leaves=15
num_cat=0
split_feature=2 37 15 13 15 8 35 3 10 34 19 3 9 3
split_gain=15.8848 22.5267 21.8349 29.3817 31.4445 20.5726 18.0273 16.2842 15.6792 15.3001 14.8245 11.3833 8.20048 2.74913
threshold=0.5900000035762788 0.32461807131767279 64.500000000000014 1.0000000180025095e-35 59.500000000000007 0.33107143640518194 1.6935814023017886 0.53499999642372142 0.3005946427583695 0.012857499066740276 1.7800000309944155 0.29000000655651098 0.49964286386966711 0.5900000035762788
decision_type=2 2 2 2 2 2 2 2 2 2 2 2 2 2
left_child=1 8 3 4 -2 12 10 -5 11 -7 -4 -1 -3 -10
right_child=2 5 6 7 -6 9 -8 -9 13 -11 -12 -13 -14 -15
leaf_value=0.0012627475566744342 0.00043353655559277398 -0.0016015578109437214 -0.000236606398785115 -0.0011745953036454355 0.0027429704489743312 -5.6511795704175965e-05 -0.019491479438048926 0.00015472389187092605 -0.002003580799129546 -0.00095433426894808813 -0.0047359566860707648 0.00027147421663413951 -0.0050063193032321993 -0.000457593655932932
leaf_weight=287 2670 181 3354 736 1454 2672 56 3084 116 1997 137 861 54 62
leaf_count=287 2670 181 3354 736 1454 2672 56 3084 116 1997 137 861 54 62
internal_value=-3.21652e-05 -0.00125201 0.000629188 0.00150302 0.00325897 -0.00219005 -0.00132788 -0.00039267 0.00221719 -0.00175412 -0.001057 0.00350174 -0.0108511 -0.00606742
internal_weight=17721 6230 11491 7944 4124 4904 3547 3820 1326 4669 3491 1148 235 178
internal_count=17721 6230 11491 7944 4124 4904 3547 3820 1326 4669 3491 1148 235 178
is_linear=0
shrinkage=0.03


Tree=69
num_leaves=7
num_cat=0
split_feature=4 10 33 33 3 15
split_gain=15.9977 21.5281 28.5916 22.4088 14.1209 11.5582
threshold=7.5499999523162851 2.4144439697265629 1.4416679143905642 0.93220490217208873 3.1499999761581425 60.500000000000007
decision_type=2 2 2 2 2 2
left_child=1 2 3 -1 -4 -3
right_child=-2 5 4 -5 -6 -7
leaf_value=2.0095664168302221e-05 0.043841780300574729 -0.0018189079898005001 0.00094157592929943325 -0.0030107628897990579 0.015085174013380435 -0.021061164838175727
leaf_weight=16197 53 84 164 925 199 99
leaf_count=16197 53 84 164 925 199 99
internal_value=-4.23227e-05 -9.16912e-05 1.54418e-05 -0.000161196 0.00834711 -0.0103279
internal_weight=17721 17668 17485 17122 363 183
internal_count=17721 17668 17485 17122 363 183
is_linear=0
shrinkage=0.03


Tree=70
num_leaves=13
num_cat=0
split_feature=11 18 36 36 20 36 35 14 20 37 35 13
split_gain=15.1403 19.1901 18.3962 17.6187 13.3687 12.5912 12.1903 11.6857 16.1912 9.88442 8.69218 5.25894
threshold=0.21428572386503222 69.784999847412124 0.014050519093871118 0.011065258178859951 0.57150000333786022 0.0017434356850571933 1.5273656249046328 0.81174489855766307 0.73649999499320995 0.77464285492897045 0.47954946756362921 -1.0000000180025095e-35
decision_type=2 2 2 2 2 2 2 2 2 2 2 2
left_child=4 2 3 -2 -1 10 -7 9 -9 -3 -6 -4
right_child=1 7 11 -5 5 6 -8 8 -10 -11 -12 -13
leaf_value=0.0043708283951491142 -0.00016322576710194793 2.6963854732972787e-05 -0.0049744694450496079 0.0013168425238319682 -0.00089025500813955528 -0.00024267749547296144 -0.0091621526229207322 -0.0022259473258760243 0.0026162975862722526 0.0015712037853668024 -0.0040429928232133027 -0.0018446011262764868
leaf_weight=79 6096 2211 58 989 275 5457 178 77 492 1614 138 57
leaf_count=79 6096 2211 58 989 275 5457 178 77 492 1614 138 57
internal_value=-4.23227e-05 0.000595135 -0.000358333 -0.000165138 -0.00124857 -0.00140873 -0.00103815 0.00215749 0.00616872 0.00156078 -0.00646489 -0.0122609
internal_weight=17721 11594 7200 7085 6127 6048 5635 4394 569 3825 413 115
internal_count=17721 11594 7200 7085 6127 6048 5635 4394 569 3825 413 115
is_linear=0
shrinkage=0.03


Tree=71
num_leaves=12
num_cat=0
split_feature=19 3 34 34 30 37 32 6 8 2 4
split_gain=14.9688 16.3714 24.3695 34.1415 22.2674 18.0783 17.3532 16.5685 13.418 8.53867 8.32052
threshold=1.7800000309944155 1.1749999523162844 0.0062579307705163964 0.017437067814171318 0.058563711121678359 0.32136431336402899 0.022409791126847271 1.0000000180025095e-35 1.9821428656578066 1.4950000047683718 0.48999999463558203
decision_type=2 2 2 2 2 2 2 2 2 2 2
left_child=1 4 7 -4 6 -6 -1 -3 9 10 -2
right_child=8 2 3 -5 5 -7 -8 -9 -10 -11 -12
leaf_value=-0.00010458411636332154 6.6376135354150173e-05 0.00074411272524686528 -0.00082200158761697151 0.0022331911872102528 0.00053016205656646314 -0.00048844902304408298 0.00084320096753437847 0.0065887676988496263 -0.019519658199086246 0.0026083188519641209 -0.0018071190187899456
leaf_weight=2765 148 328 2300 1489 661 7000 2175 360 57 92 346
leaf_count=2765 148 328 2300 1489 661 7000 2175 360 57 92 346
internal_value=-3.21652e-05 0.000137018 0.00169533 0.000752177 -0.000416634 -0.00142932 0.00115385 0.00688953 -0.00452566 -0.00317406 -0.00473684
internal_weight=17721 17078 4477 3789 12601 7661 4940 688 643 586 494
internal_count=17721 17078 4477 3789 12601 7661 4940 688 643 586 494
is_linear=0
shrinkage=0.03


Tree=72
num_leaves=11
num_cat=0
split_feature=10 33 33 9 13 3 26 37 15 10
split_gain=14.7972 34.5075 19.6013 35.0565 22.8998 16.4838 15.0759 9.81612 5.97838 4.41281
threshold=2.4144439697265629 1.4416679143905642 0.99235436320304882 1.4053571820259096 -0.60785761475563038 3.1499999761581425 0.058685725554823882 5.0703568458557138 61.500000000000007 1.1445282101631167
decision_type=2 2 2 2 2 2 2 2 2 2
left_child=1 2 3 -1 -4 9 8 -7 -2 -3
right_child=6 5 4 -5 -6 7 -8 -9 -10 -11
leaf_value=-8.3966247184528477e-05 -0.0055804716189622296 0.0024944313191588674 -0.010139712641485695 0.0028384826632473093 -0.00098688133045157648 0.022109009645622311 0.009989766097641118 0.0022097840819479352 -0.022733247161830252 -0.002363053476488615
leaf_weight=14463 79 93 249 1752 672 165 54 51 72 71
leaf_count=14463 79 93 249 1752 672 165 54 51 72 71
internal_value=-3.5551e-05 5.82325e-05 -0.000140056 0.000101758 -0.00439739 0.009 -0.00804878 0.0144444 -0.0129139 0.00182927
internal_weight=17721 17516 17136 16215 921 380 205 216 151 164
internal_count=17721 17516 17136 16215 921 380 205 216 151 164
is_linear=0
shrinkage=0.03


Tree=73
num_leaves=11
num_cat=0
split_feature=10 33 33 9 13 26 3 37 15 10
split_gain=14.7348 32.2408 19.1256 32.6244 22.285 15.0759 15.0639 8.89087 5.97838 4.41281
threshold=2.4144439697265629 1.4416679143905642 0.93220490217208873 1.4053571820259096 -0.60785761475563038 0.058685725554823882 3.1499999761581425 5.0703568458557138 61.500000000000007 1.1445282101631167
decision_type=2 2 2 2 2 2 2 2 2 2
left_child=1 2 3 -1 -4 8 9 -8 -2 -3
right_child=5 6 4 -5 -6 -7 7 -9 -10 -11
leaf_value=-8.1447259768992647e-05 -0.0054130574703933629 0.0024195983795841014 -0.010156101321212243 0.0028092054016767678 -0.00083378799564922952 0.0096900731147118845 0.021445739356253643 0.0021434905594894969 -0.022051249746975345 -0.0022921618721939568
leaf_weight=14463 79 93 255 1734 684 54 165 51 72 71
leaf_count=14463 79 93 255 1734 684 54 165 51 72 71
internal_value=-5.24801e-05 4.11053e-05 -0.00015056 9.07575e-05 -0.0043131 -0.00804878 0.00868421 0.0138889 -0.0129139 0.00182927
internal_weight=17721 17516 17136 16197 939 205 380 216 151 164
internal_count=17721 17516 17136 16197 939 205 380 216 151 164
is_linear=0
shrinkage=0.03


Tree=74
num_leaves=16
num_cat=0
split_feature=26 35 7 34 34 27 37 8 10 2 10 35 33 3 10
split_gain=15.1927 17.5974 17.5296 24.4048 32.1907 25.4408 20.7608 19.1533 13.8837 13.019 11.3451 9.96285 8.95272 8.35135 8.25866
threshold=0.034657223150134094 0.49226060509681707 0.643571436405182 0.0062579307705163964 0.017437067814171318 0.56038483977317821 0.32461807131767279 0.33107143640518194 0.29036730527877813 0.78999999165534984 2.2717986106872563 0.48226188123226171 0.49532216787338262 0.3900000005960465 0.57048681378364574
decision_type=2 2 2 2 2 2 2 2 2 2 2 2 2 2 2
left_child=1 11 6 5 -5 -4 8 -8 -2 13 -11 14 -13 -3 -1
right_child=2 9 3 4 -6 -7 7 -9 -10 10 -12 12 -14 -15 -16
leaf_value=0.00015311804135482865 0.00077714089631052781 -0.0031359069151829398 -4.0379924116125312e-05 -0.00064865913313333237 0.0012118942183242708 0.0034364066076362229 -0.0028002043789401997 -0.00035568660885205408 -0.00088210961774568247 -0.00044133557750415095 -0.014176163575811388 0.00063514679487407255 0.0042704396438819183 -0.0012641330006301138 -0.0039350054280181948
leaf_weight=919 1063 104 570 3403 2855 970 214 5119 153 1392 72 98 52 685 52
leaf_count=919 1063 104 570 3403 2855 970 214 5119 153 1392 72 98 52 685 52
internal_value=-5.58659e-05 -0.00186722 0.000370112 0.00133111 0.000498562 0.00471429 -0.000774164 -0.00158072 0.00276316 -0.00339547 -0.00172131 0.00120428 0.0084 -0.0065019 9.2688e-05
internal_weight=17721 3374 14347 7798 6258 1540 6549 5333 1216 2253 1464 1121 150 789 971
internal_count=17721 3374 14347 7798 6258 1540 6549 5333 1216 2253 1464 1121 150 789 971
is_linear=0
shrinkage=0.03


Tree=75
num_leaves=11
num_cat=0
split_feature=10 33 33 9 13 26 3 37 15 10
split_gain=14.7348 32.2408 17.9692 28.8033 21.6565 15.0759 15.0639 8.89087 5.97838 4.41281
threshold=2.4144439697265629 1.4416679143905642 0.93220490217208873 1.4053571820259096 -0.60785761475563038 0.058685725554823882 3.1499999761581425 5.0703568458557138 61.500000000000007 1.1445282101631167
decision_type=2 2 2 2 2 2 2 2 2 2
left_child=1 2 3 -1 -4 8 9 -8 -2 -3
right_child=5 6 4 -5 -6 -7 7 -9 -10 -11
leaf_value=-7.8766323667684923e-05 -0.0052312059722875622 0.002360250495521703 -0.0098319585075818759 0.0027188128547980532 -0.00078560388846687652 0.0094188306952645278 0.020821826949560033 0.0019760936444757258 -0.021370252480572085 -0.0022039372420341384
leaf_weight=14463 79 93 255 1734 684 54 165 51 72 71
leaf_count=14463 79 93 255 1734 684 54 165 51 72 71
internal_value=-5.24801e-05 4.11053e-05 -0.00015056 8.33488e-05 -0.0041853 -0.00804878 0.00868421 0.0138889 -0.0129139 0.00182927
internal_weight=17721 17516 17136 16197 939 205 380 216 151 164
internal_count=17721 17516 17136 16197 939 205 380 216 151 164
is_linear=0
shrinkage=0.03


Tree=76
num_leaves=11
num_cat=0
split_feature=10 33 33 9 13 3 26 37 15 10
split_gain=13.6518 32.3175 17.3126 25.8438 20.6731 15.0639 14.4342 8.89087 6.76235 4.41281
threshold=2.4144439697265629 1.4416679143905642 0.93220490217208873 1.4053571820259096 -0.60785761475563038 3.1499999761581425 0.058685725554823882 5.0703568458557138 61.500000000000007 1.1445282101631167
decision_type=2 2 2 2 2 2 2 2 2 2
left_child=1 2 3 -1 -4 9 8 -7 -2 -3
right_child=6 5 4 -5 -6 7 -8 -9 -10 -11
leaf_value=-7.6403333957654398e-05 -0.0050742697931189353 0.0022894429806560521 -0.0095369997523544192 0.0026372484691541118 -0.00076203577181287012 0.020197172141073229 0.0091362657744065937 0.0019168108351414548 -0.020729144906154923 -0.0021378191247731142
leaf_weight=14463 79 93 255 1734 684 165 54 51 72 71
leaf_count=14463 79 93 255 1734 684 165 54 51 72 71
internal_value=-5.92517e-05 3.0829e-05 -0.000161064 6.85312e-05 -0.00412141 0.00868421 -0.0077561 0.0138889 -0.0125166 0.00182927
internal_weight=17721 17516 17136 16197 939 380 205 216 151 164
internal_count=17721 17516 17136 16197 939 380 205 216 151 164
is_linear=0
shrinkage=0.03


Tree=77
num_leaves=13
num_cat=0
split_feature=12 31 28 20 20 37 8 4 37 3 15 17
split_gain=14.2359 15.2682 20.1324 38.4279 16.9772 13.9409 18.6023 11.6771 18.9486 22.9207 10.5 10.3394
threshold=0.51785713434219371 0.42513063549995428 0.069897400215268149 0.78349998593330394 0.62549999356269848 0.25417628884315496 0.57821428775787365 6.7500000000000009 5.0703568458557138 3.5499999523162846 64.500000000000014 22.125000000000004
decision_type=2 2 2 2 2 2 2 2 2 2 2 2
left_child=1 5 3 -3 -4 11 -7 8 9 -2 -10 -1
right_child=7 2 4 -5 -6 6 -8 -9 10 -11 -12 -13
leaf_value=0.0030570988004674461 0.0004076995316203631 0.0037697428106976344 -0.0021092647221668879 -0.0045712174151983573 -0.00010160854030068247 -0.00025907118463614935 0.00097315456448034989 0.030066093363677281 -0.0042053486690544796 0.0090285605112731572 -0.028665169184598504 0.0013926457848103355
leaf_weight=54 3193 250 303 530 10426 1336 1064 51 72 200 54 188
leaf_count=54 3193 250 303 530 10426 1336 1064 51 72 200 54 188
internal_value=-6.26375e-05 -0.000489718 -0.000961856 -0.00561538 -0.000623544 0.00156699 0.000875 0.00163025 0.0014237 0.00184792 -0.01 0.00842975
internal_weight=17721 14151 11509 780 10729 2642 2400 3570 3519 3393 126 242
internal_count=17721 14151 11509 780 10729 2642 2400 3570 3519 3393 126 242
is_linear=0
shrinkage=0.03


Tree=78
num_leaves=15
num_cat=0
split_feature=14 15 32 34 20 2 37 36 17 37 31 35 36 10
split_gain=13.7113 20.6044 22.9838 18.8692 13.1362 13.0765 15.0038 14.5347 12.8474 11.4793 10.3822 9.49259 9.2314 7.04795
threshold=0.81174489855766307 66.500000000000014 0.022409791126847271 0.012857499066740276 0.88449999690055858 0.3900000005960465 0.3142459243535996 0.014050519093871118 23.095000267028812 1.0436103940010073 0.77976381778717052 0.40789552032947546 0.011065258178859951 0.24256406724452975
decision_type=2 2 2 2 2 2 2 2 2 2 2 2 2 2
left_child=5 2 13 10 -4 9 8 -8 -7 11 -3 -1 -5 -2
right_child=1 3 4 12 -6 6 7 -9 -10 -11 -12 -13 -14 -15
leaf_value=-4.2794188141171883e-05 0.000729604740140751 0.0012612864808206354 0.00051596596508212236 -0.00163651371553799 0.0034818664156966513 0.0018184371259295647 -2.4542113676053745e-05 -0.0025493887443792402 -0.00045944667973408821 0.004680784730971407 -0.0024059304578851188 -0.00096326120512786996 0.00086151389601456284 -0.0022232265614884265
leaf_weight=1058 86 619 245 470 601 332 12107 135 158 75 113 1407 145 170
leaf_count=1058 86 619 245 470 601 332 12107 135 158 75 113 1407 145 170
internal_value=-6.26375e-05 0.00202123 0.00506352 -0.000467706 0.00744681 -0.000396805 -4.71254e-06 -0.00021075 0.00514286 -0.0023622 0.00278689 -0.002714 -0.00434146 -0.0028125
internal_weight=17721 2449 1102 1347 846 15272 12732 12242 490 2540 732 2465 615 256
internal_count=17721 2449 1102 1347 846 15272 12732 12242 490 2540 732 2465 615 256
is_linear=0
shrinkage=0.03


Tree=79
num_leaves=12
num_cat=0
split_feature=11 5 35 33 7 20 25 13 17 12 9
split_gain=13.6925 16.37 19.4904 16.4671 17.3787 13.2621 10.8006 10.06 8.84846 8.02278 7.73071
threshold=0.21428572386503222 4.1499998569488534 1.6935814023017886 0.3461094349622727 0.4435714334249497 0.57150000333786022 0.54701247811317455 1.0000000180025095e-35 22.505000114440922 0.12500000372529033 0.58303570747375499
decision_type=2 2 2 2 2 2 2 2 2 2 2
left_child=5 3 8 10 -5 -1 9 -8 -3 -7 -2
right_child=1 2 -4 4 -6 6 7 -9 -10 -11 -12
leaf_value=0.0043224753027768428 0.00085886972122889427 0.0014814694471986494 -0.012487619599662391 -0.00060016334426907822 0.00015617611635262895 -0.0017905075061102516 -0.00025978810486886208 -0.0011729740376568371 0.014620046857947523 0.00054356787689796397 0.0038372037669513475
leaf_weight=79 635 85 60 1830 8736 146 2840 2042 165 1020 83
leaf_count=79 635 85 60 1830 8736 146 2840 2042 165 1020 83
internal_value=-5.24801e-05 0.000553735 0.00735484 0.000366891 6.81431e-05 -0.00119961 -0.00135913 -0.0019787 0.01104 0.00123499 0.00476323
internal_weight=17721 11594 310 11284 10566 6127 6048 4882 250 1166 718
internal_count=17721 11594 310 11284 10566 6127 6048 4882 250 1166 718
is_linear=0
shrinkage=0.03


Tree=80
num_leaves=15
num_cat=0
split_feature=14 15 32 34 20 11 10 7 37 20 31 36 10 5
split_gain=13.3572 19.1558 21.024 17.8504 13.2808 12.7288 17.4864 13.6177 20.5228 12.725 10.3822 8.69503 6.58379 5.60972
threshold=0.81174489855766307 66.500000000000014 0.022409791126847271 0.012857499066740276 0.88449999690055858 0.92857143282890331 0.64010536670684826 0.35785715281963354 0.32136431336402899 0.58550000190734874 0.77976381778717052 0.011065258178859951 0.24256406724452975 0.48999999463558203
decision_type=2 2 2 2 2 2 2 2 2 2 2 2 2 2
left_child=5 2 12 10 -4 7 13 8 -1 -9 -3 -5 -2 -7
right_child=1 3 4 11 -6 6 -8 9 -10 -11 -12 -13 -14 -15
leaf_value=0.00013584592868938071 0.00072572149826460072 0.0011793017837836059 0.00050828062927572458 -0.0015858641242441067 0.0033727251397351731 0.0026668389132594836 0.020121170597560713 0.0084081910985332672 -0.0015596150882827829 -6.8937445453711956e-05 -0.0023259589010024991 0.00084346212228019173 -0.0021436420779227905 -0.0016389760150918873
leaf_weight=516 86 619 245 470 601 63 71 101 628 13796 113 145 170 97
leaf_count=516 86 619 245 470 601 63 71 101 628 13796 113 145 170 97
internal_value=-3.5551e-05 0.00202123 0.00495463 -0.000378619 0.00723404 -0.000365375 0.00662338 -0.000472708 -0.00361888 -0.000213715 0.00278689 -0.00414634 -0.00257812 0.001125
internal_weight=17721 2449 1102 1347 846 15272 231 15041 1144 13897 732 615 256 160
internal_count=17721 2449 1102 1347 846 15272 231 15041 1144 13897 732 615 256 160
is_linear=0
shrinkage=0.03


Tree=81
num_leaves=11
num_cat=0
split_feature=19 8 12 37 2 1 2 4 0 25
split_gain=13.2042 13.9641 13.5982 26.1511 15.4822 17.3613 9.25522 7.65533 7.48653 5.38886
threshold=1.7800000309944155 1.9821428656578066 0.76785713434219371 1.024891257286072 7.6499998569488534 5.0499999523162851 1.4950000047683718 0.48999999463558203 3.5000000000000004 0.64088085293769848
decision_type=2 2 2 2 2 2 2 2 2 2
left_child=2 6 4 8 5 -1 7 -2 -4 -5
right_child=1 -3 3 9 -6 -7 -8 -9 -10 -11
leaf_value=-2.8877988476811583e-06 9.8832566076303499e-05 -0.01788985767465889 -0.002392621531339898 0.0053254846300235525 -0.02982127331011885 0.011860974242087536 0.0025303189193386973 -0.001831856323482744 0.00086126959176651243 0.012593566011605219
leaf_weight=16468 148 57 81 144 89 149 92 346 96 51
leaf_count=16468 148 57 81 144 89 149 92 346 96 51
internal_value=-2.53936e-05 -0.00424572 0.000133505 0.00580645 7.18305e-06 7.40206e-05 -0.00286689 -0.00449393 -0.00254237 0.0133846
internal_weight=17721 643 17078 372 16706 16617 586 494 177 195
internal_count=17721 643 17078 372 16706 16617 586 494 177 195
is_linear=0
shrinkage=0.03


Tree=82
num_leaves=15
num_cat=0
split_feature=14 15 32 34 20 11 10 2 30 31 26 36 5 36
split_gain=12.6956 18.0695 19.5785 16.4521 14.193 12.6003 17.4864 13.2536 14.5491 10.1796 9.56931 8.1747 5.60972 5.20154
threshold=0.81174489855766307 66.500000000000014 0.018998838961124424 0.012857499066740276 0.88449999690055858 0.92857143282890331 0.64010536670684826 0.37500000000000006 0.072953157126903548 0.77976381778717052 0.041118510067462928 0.011065258178859951 0.48999999463558203 0.006333850324153901
decision_type=2 2 2 2 2 2 2 2 2 2 2 2 2 2
left_child=5 2 13 9 -4 7 12 10 -9 -3 -1 -5 -7 -2
right_child=1 3 4 11 -6 6 -8 8 -10 -11 -12 -13 -14 -15
leaf_value=-9.3045041628934879e-05 -6.4912849468549692e-05 0.0011440093642355281 0.00041224300271956667 -0.001538201566551353 0.0032555956676500711 0.0025869203798271302 0.019357770940733186 0.00033626611273325702 -0.00027950568703078685 -0.0022560935000069931 -0.00094126066181097925 0.00081824489257721655 -0.0015897201006737 -0.002639134499457926
leaf_weight=1171 177 619 252 470 612 63 71 4807 7773 113 1290 145 97 61
leaf_count=1171 177 619 252 470 612 63 71 4807 7773 113 1290 145 97 61
internal_value=-8.46453e-06 0.00199673 0.00484574 -0.000334076 0.00694444 -0.000330016 0.00662338 -0.000436806 -4.29253e-05 0.00270492 -0.00245022 -0.00395122 0.001125 -0.00277311
internal_weight=17721 2449 1102 1347 864 15272 231 15041 12580 732 2461 615 160 238
internal_count=17721 2449 1102 1347 864 15272 231 15041 12580 732 2461 615 160 238
is_linear=0
shrinkage=0.03


Tree=83
num_leaves=13
num_cat=0
split_feature=37 8 9 12 37 10 10 17 36 10 11 30
split_gain=13.2365 21.0451 26.5901 13.5353 22.8306 13.989 12.4271 9.29787 8.35174 7.75209 5.09647 5.04726
threshold=0.26832713186740881 0.35035714507102972 0.48160715401172643 0.76785713434219371 0.68848952651023876 1.244647800922394 0.34517872333526617 22.159999847412113 0.0036522672744467859 0.18176257610321048 0.35714286565780645 0.11780798807740213
decision_type=2 2 2 2 2 2 2 2 2 2 2 2
left_child=6 2 9 5 -5 -3 7 8 -1 -2 -9 -4
right_child=1 3 11 4 -6 -7 -8 10 -10 -11 -12 -13
leaf_value=0.0029921844119466302 0.00019786282558122758 2.4255163625276093e-05 -0.0055106687716304824 -0.0016269986330041666 0.0043497910581087118 -0.0032530737062342547 -0.0014413708132216222 0.00013241457658015203 0.0010005753998724547 -0.0016145040395044933 0.0011483274793578733 -0.0026551340053477556
leaf_weight=64 228 15465 59 78 275 707 78 255 63 225 170 54
leaf_count=64 228 15465 59 78 275 707 78 255 63 225 170 54
internal_value=1.52362e-05 -0.00014218 -0.00583039 5.26475e-05 0.00586402 -7.42023e-05 0.00428571 0.00586957 0.0129921 -0.00258278 0.00374118 -0.0188496
internal_weight=17721 17091 566 16525 353 16172 630 552 127 453 425 113
internal_count=17721 17091 566 16525 353 16172 630 552 127 453 425 113
is_linear=0
shrinkage=0.03


Tree=84
num_leaves=14
num_cat=0
split_feature=31 31 3 20 35 9 29 25 20 10 36 4 28
split_gain=13.0733 22.9805 17.8762 26.8978 16.546 16.8501 16.2306 16.1491 11.1765 18.7417 9.46935 8.84651 9.13565
threshold=0.42513063549995428 0.42753748595714575 1.1749999523162844 0.86050000786781322 0.34140628576278692 0.5900000035762788 0.41434216499328619 0.63555103540420543 0.95750001072883617 0.31063431501388555 0.00094085876480676245 0.19000000506639483 0.13970532640814784
decision_type=2 2 2 2 2 2 2 2 2 2 2 2 2
left_child=4 8 6 -4 11 10 -3 -7 -2 -10 -6 -1 -13
right_child=1 2 3 -5 5 7 -8 -9 9 -11 -12 12 -14
leaf_value=-0.00066333875721845718 -0.00015178203821226489 -0.0032383272666140174 -0.00082688350804307304 0.0016501308771549126 -0.0010929660057801651 0.0003455573061735664 -0.00020199266049792115 0.0029169269285008069 0.00076691284212685557 -0.0072700515004411777 1.9190765458885876e-05 0.003733699580445561 0.001217940070380231
leaf_weight=62 89 64 1555 2834 310 512 10054 257 56 124 1355 131 318
leaf_count=62 89 64 1555 2834 310 512 10054 257 56 124 1355 131 318
internal_value=1.8622e-05 -0.000345154 -0.000184049 0.0014149 0.0018438 0.000813476 -0.000877644 0.00448635 -0.00903346 -0.0133333 -0.000882883 0.00675147 0.00821826
internal_weight=17721 14776 14507 4389 2945 2434 10118 769 269 180 1665 511 449
internal_count=17721 14776 14507 4389 2945 2434 10118 769 269 180 1665 511 449
is_linear=0
shrinkage=0.03


Tree=85
num_leaves=8
num_cat=0
split_feature=1 2 2 10 0 34 26
split_gain=12.7063 17.611 17.5514 14.0004 12.8792 5.90923 3.19169
threshold=5.0499999523162851 7.4500000476837167 6.2500000000000009 3.6207566261291508 2.5000000000000004 0.011756666935980322 0.051552008837461478
decision_type=2 2 2 2 2 2 2
left_child=2 5 3 4 -1 6 -2
right_child=1 -3 -4 -5 -6 -7 -8
leaf_value=-0.00033430918640202302 0.014764226586761776 -0.0080769549932142581 -0.021323470833465506 -0.014929337767313575 0.00013279713792787744 0.0076358747374502172 0.020888179732602666
leaf_weight=5086 50 78 69 64 12241 78 55
leaf_count=5086 50 78 69 64 12241 78 55
internal_value=-1.8622e-05 0.00655172 -0.000116838 -5.6926e-05 -5.19421e-06 0.0116393 0.0162857
internal_weight=17721 261 17460 17391 17327 183 105
internal_count=17721 261 17460 17391 17327 183 105
is_linear=0
shrinkage=0.03


Tree=86
num_leaves=12
num_cat=0
split_feature=12 10 36 20 36 26 33 33 35 2 10
split_gain=12.5827 13.3225 11.9214 40.4328 33.8866 11.5043 13.5879 17.552 14.5177 7.17759 3.64279
threshold=0.51785713434219371 2.9779762029647832 0.012477901764214041 0.6290000081062318 0.012025096453726293 0.030451830476522449 0.5371408760547639 0.34483075141906744 1.6935814023017886 0.5900000035762788 0.29594321548938757
decision_type=2 2 2 2 2 2 2 2 2 2 2
left_child=1 2 4 -4 -1 9 7 -7 -8 -2 -11
right_child=5 -3 3 -5 -6 6 8 -9 -10 10 -12
leaf_value=-6.8829465055385207e-05 0.00065740312834497926 -0.015254287878545717 -0.0024269751326657539 0.0014119726695011852 -0.0037789365820260937 0.0017454798564094428 0.0018189202141688946 -0.00033391233189129983 -0.0087740033783711407 -0.002728539819536485 -0.0023748542872947457
leaf_weight=12385 71 56 180 1056 474 105 2063 1017 60 78 176
leaf_count=12385 71 56 180 1056 474 105 2063 1017 60 78 176
internal_value=5.07872e-06 -0.000396438 -0.000338418 0.00247573 -0.000608912 0.00159664 0.00213559 -0.000534759 0.00354687 -0.00378462 -0.00614173
internal_weight=17721 14151 14095 1236 12859 3570 3245 1122 2123 325 254
internal_count=17721 14151 14095 1236 12859 3570 3245 1122 2123 325 254
is_linear=0
shrinkage=0.03


Tree=87
num_leaves=12
num_cat=0
split_feature=36 36 36 34 18 15 18 5 37 16 7
split_gain=12.0475 16.865 30.5043 18.2981 15.9591 14.6385 14.2958 10.9963 7.65633 6.78823 2.41509
threshold=0.014050519093871118 0.012477901764214041 0.012025096453726293 0.029375399462878708 69.68500137329103 58.500000000000007 69.905002593994155 0.47499999403953558 0.68403115868568432 1.1783500313758852 0.44142857193946844
decision_type=2 2 2 2 2 2 2 2 2 2 2
left_child=1 2 4 7 -1 -2 -4 -3 10 -5 -7
right_child=5 3 6 9 -6 8 -8 -9 -10 -11 -12
leaf_value=-0.0001619224700489453 0.0010009664646572357 -0.0015954607941139052 -0.0025699871513215305 0.0041268517708363478 0.00040913766291956837 -0.0022451027846774468 -0.006078494215071212 0.0011239426810079403 -0.0056471945001772732 0.0018685871721409652 -0.0011171360671181679
leaf_weight=9677 61 98 379 65 6284 53 117 800 50 84 53
leaf_count=9677 61 98 379 65 6284 53 117 800 50 84 53
internal_value=-2.53936e-05 6.17002e-05 -0.000173179 0.00375358 5.45079e-05 -0.00705069 -0.0075 0.00213808 -0.0119231 0.0134899 -0.00735849
internal_weight=17721 17504 16457 1047 15961 217 496 898 156 149 106
internal_count=17721 17504 16457 1047 15961 217 496 898 156 149 106
is_linear=0
shrinkage=0.03


Tree=88
num_leaves=12
num_cat=0
split_feature=19 8 4 37 2 0 36 1 15 37 33
split_gain=12.5234 14.1485 12.0619 18.2287 17.8051 14.8749 11.741 10.4024 8.80683 8.21967 7.44983
threshold=1.7800000309944155 1.9821428656578066 3.6499999761581425 3.3878360986709599 7.8500001430511483 2.5000000000000004 0.0037010726518929009 2.6499999761581425 60.500000000000007 0.49188494682312017 0.57252073287963878
decision_type=2 2 2 2 2 2 2 2 2 2 2
left_child=2 8 3 5 6 -1 -4 -5 10 -10 -2
right_child=1 -3 4 7 -6 -7 -8 -9 9 -11 -12
leaf_value=-0.0003110965064257057 -0.0002432087819472075 -0.017303746089830471 0.018242977795506383 -0.017796613723851069 -0.013421652901663458 0.00018608397028478931 0.0021027134946625154 -0.0019809040419938441 0.00034820029348874753 -0.0028786427024857625 0.0025905696626700577
leaf_weight=4775 117 57 144 83 77 11422 340 237 88 255 126
leaf_count=4775 117 57 144 83 77 11422 340 237 88 255 126
internal_value=-4.23227e-05 -0.00415241 0.000112425 -3.45099e-05 0.0044385 0.000105575 0.00657025 -0.007125 -0.00276451 -0.00586006 0.00160494
internal_weight=17721 643 17078 16517 561 16197 484 320 586 343 243
internal_count=17721 643 17078 16517 561 16197 484 320 586 343 243
is_linear=0
shrinkage=0.03


Tree=89
num_leaves=7
num_cat=0
split_feature=4 37 1 0 36 16
split_gain=11.91 17.9646 24.5881 11.1799 10.5989 8.89209
threshold=7.5499999523162851 5.0703568458557138 5.0499999523162851 2.5000000000000004 0.0093353795818984526 1.5207499861717226
decision_type=2 2 2 2 2 2
left_child=1 2 3 -1 5 -3
right_child=-2 4 -4 -5 -6 -7
leaf_value=-0.00030509856218743052 0.039267429383299093 -0.021959449050936268 0.011253846983990692 0.00011796715013243273 0.00070717773517299965 -0.0055365431719546099
leaf_weight=5114 53 101 94 12234 69 56
leaf_count=5114 53 101 94 12234 69 56
internal_value=-4.90943e-05 -9.16912e-05 1.71999e-05 -6.57136e-05 -0.00849558 -0.0128025
internal_weight=17721 17668 17442 17348 226 157
internal_count=17721 17668 17442 17348 226 157
is_linear=0
shrinkage=0.03


Tree=90
num_leaves=14
num_cat=0
split_feature=12 35 8 3 36 17 26 33 31 35 9 2 33
split_gain=11.599 12.41 24.8373 21.3612 18.3516 17.3973 10.2482 12.6438 15.5365 12.2253 7.86157 6.86674 2.9899
threshold=0.51785713434219371 0.49351923167705541 0.40642856061458593 2.7500000000000004 0.0066239710431545981 22.505000114440922 0.030451830476522449 0.5371408760547639 0.39882847666740423 1.6935814023017886 0.49964286386966711 0.5900000035762788 1.034050524234772
decision_type=2 2 2 2 2 2 2 2 2 2 2 2 2
left_child=1 3 10 4 -1 -4 11 8 -8 -9 -3 -2 -13
right_child=6 2 5 -5 -6 -7 7 9 -10 -11 -12 12 -14
leaf_value=-3.2409002511835955e-05 0.00065530825785142127 -0.00094926771862291297 -0.0011574288639050652 -0.0045035650898804045 0.00095663703594146658 -2.0943144984136366e-05 0.0023616154595205614 0.0017564788354837043 -0.00039959672430671102 -0.0081598194165596258 -0.0046945781638039639 -0.0029173821173557064 0.00028296033286044072
leaf_weight=5352 71 54 2150 61 1595 4863 141 2063 981 60 76 203 51
leaf_count=5352 71 54 2150 61 1595 4863 141 2063 981 60 76 203 51
internal_value=-4.90943e-05 -0.000434598 -0.00131457 0.000462329 0.000617533 -0.00107372 0.00147899 0.00198767 -0.000588235 0.00334903 -0.0143077 -0.0036 -0.00590551
internal_weight=17721 14151 7143 7008 6947 7013 3570 3245 1122 2123 130 325 254
internal_count=17721 14151 7143 7008 6947 7013 3570 3245 1122 2123 130 325 254
is_linear=0
shrinkage=0.03


Tree=91
num_leaves=11
num_cat=0
split_feature=19 8 0 31 31 8 16 2 37 33
split_gain=11.2745 12.4832 11.2693 15.6585 30.0639 13.2656 10.4479 8.82643 8.49123 8.20527
threshold=1.7800000309944155 1.9821428656578066 1.5000000000000002 0.42513063549995428 0.52384296059608471 1.10357141494751 1.1290000081062319 1.4950000047683718 0.51444745063781749 0.46463589370250707
decision_type=2 2 2 2 2 2 2 2 2 2
left_child=2 7 6 5 -5 -4 -1 8 -2 -8
right_child=1 -3 3 4 -6 -7 9 -9 -10 -11
leaf_value=-0.0032635967039839043 0.00013123722626996555 -0.016740757884352784 0.00042288854152157742 -0.00068309672373055086 0.00027352966382674179 0.0065524892294592024 -0.00086465805413260067 0.0024184569678642647 -0.0020827017274464522 -4.3539025793365854e-05
leaf_weight=92 156 57 2367 2822 9378 111 733 92 338 1575
leaf_count=92 156 57 2367 2822 9378 111 733 92 338 1575
internal_value=-6.60234e-05 -0.00396579 8.08057e-05 0.000392424 -4.91803e-05 0.00256659 -0.001825 -0.00266212 -0.00425101 -0.00142981
internal_weight=17721 643 17078 14678 12200 2478 2400 586 494 2308
internal_count=17721 643 17078 14678 12200 2478 2400 586 494 2308
is_linear=0
shrinkage=0.03


Tree=92
num_leaves=12
num_cat=0
split_feature=36 36 36 34 36 18 15 5 16 37 7
split_gain=11.051 16.0472 30.3527 18.7315 15.0499 14.2958 13.996 11.1511 6.78823 6.42044 2.41509
threshold=0.014050519093871118 0.012477901764214041 0.012025096453726293 0.029375399462878708 0.011157446075230839 69.905002593994155 58.500000000000007 0.5900000035762788 1.1783500313758852 0.68403115868568432 0.44142857193946844
decision_type=2 2 2 2 2 2 2 2 2 2 2
left_child=1 2 4 7 -1 -4 -2 -3 -5 10 -8
right_child=6 3 5 8 -6 -7 9 -9 -10 -11 -12
leaf_value=-4.2184730450227236e-05 0.0010236222400865976 -0.00099808929860339501 -0.0023743277372752394 0.0039570196831056953 0.0015753300186143924 -0.005878743946229243 -0.0020542397797503236 0.0014655733445556474 0.0017665030223711735 -0.005477430508565936 -0.0010715771221275227
leaf_weight=14832 61 178 379 65 1129 117 53 720 84 50 53
leaf_count=14832 61 178 379 65 1129 117 53 720 84 50 53
internal_value=-4.57085e-05 3.77057e-05 -0.000191408 0.00363897 3.5712e-05 -0.0075 -0.00677419 0.00200445 0.0134899 -0.0115385 -0.00735849
internal_weight=17721 17504 16457 1047 15961 496 217 898 149 156 106
internal_count=17721 17504 16457 1047 15961 496 217 898 149 156 106
is_linear=0
shrinkage=0.03


Tree=93
num_leaves=12
num_cat=0
split_feature=37 8 27 20 20 10 10 17 36 33 4
split_gain=10.7685 20.3528 13.9204 26.7677 22.1048 13.0004 11.3937 9.48427 7.36502 7.11677 5.25341
threshold=0.26832713186740881 0.33107143640518194 0.56038483977317821 0.92849999666214 0.85050001740455639 0.25996610522270208 0.34517872333526617 22.159999847412113 0.0036522672744467859 0.46463589370250707 0.29000000655651098
decision_type=2 2 2 2 2 2 2 2 2 2 2
left_child=6 5 3 -3 -4 9 7 8 -1 -2 -9
right_child=1 2 4 -5 -6 -7 -8 10 -10 -11 -12
leaf_value=0.0028586642811021085 -0.00082306551551367992 0.00020954936075654999 -0.00077062581728958707 -0.00087258755464562996 0.00044523244796416695 -0.0045097796967932986 -0.0015108415184384451 -0.00094946269040654539 0.0010121338593536977 0.00016710121430445156 0.00087456168889104354
leaf_weight=64 187 2136 2752 2494 9323 79 78 80 63 120 345
leaf_count=64 187 2136 2752 2494 9323 79 78 80 63 120 345
internal_value=-4.23227e-05 -0.000184308 -2.6938e-05 -0.00142549 0.000509317 -0.00699482 0.00380952 0.00532609 0.0125197 -0.00420195 0.00317647
internal_weight=17721 17091 16705 4630 12075 386 630 552 127 307 425
internal_count=17721 17091 16705 4630 12075 386 630 552 127 307 425
is_linear=0
shrinkage=0.03


Tree=94
num_leaves=10
num_cat=0
split_feature=12 10 37 8 15 4 37 4 15
split_gain=10.6501 11.3963 10.3509 13.614 11.1971 10.16 16.7574 20.7395 9.20899
threshold=0.51785713434219371 2.9779762029647832 0.24572184681892398 0.33107143640518194 63.500000000000007 6.7500000000000009 5.0703568458557138 3.5499999523162846 64.500000000000014
decision_type=2 2 2 2 2 2 2 2 2
left_child=1 2 4 -4 -1 6 7 -2 -8
right_child=5 -3 3 -5 -6 -7 8 -9 -10
leaf_value=0.00017922230086517751 0.00038405801421931751 -0.014296581376126731 -0.0011511985401598615 -8.0719783468582963e-05 0.002110521878964192 0.028511110522388864 -0.0034197324650312956 0.0076733260201183673 -0.027665788237827331
leaf_weight=272 3209 56 341 13377 105 51 72 184 54
leaf_count=272 3209 56 341 13377 105 51 72 184 54
internal_value=-5.24801e-05 -0.000421878 -0.000368216 -0.000502989 0.00453581 0.00141176 0.0012191 0.00161804 -0.00952381
internal_weight=17721 14151 14095 13718 377 3570 3519 3393 126
internal_count=17721 14151 14095 13718 377 3570 3519 3393 126
is_linear=0
shrinkage=0.03


Tree=95
num_leaves=15
num_cat=0
split_feature=18 17 15 10 29 9 37 7 37 37 36 5 20 15
split_gain=10.2714 13.3281 12.7697 16.6395 19.6529 12.6763 16.392 10.9616 13.4792 11.9959 9.4455 8.58368 6.65106 3.65569
threshold=67.31000137329103 22.664999961853031 57.500000000000007 2.4144439697265629 0.80555438995361339 0.50124999880790722 0.32136431336402899 0.5414285957813264 0.47014719247817999 0.40112881362438207 0.0085816080681979674 0.48999999463558203 0.98649999499320995 61.500000000000007
decision_type=2 2 2 2 2 2 2 2 2 2 2 2 2 2
left_child=1 11 5 4 -4 6 -2 9 -9 -3 -7 -1 -13 -5
right_child=2 7 3 13 -6 10 -8 8 -10 -11 -12 12 -14 -15
leaf_value=0.00011864095066651869 8.923305423812608e-05 8.4536048367211961e-06 0.00018828894241622456 -0.0068671000504685834 0.0034430170339121262 0.00043378706762087357 -0.0014983668441257917 0.0013320121646513343 -8.6851324482436592e-05 -0.0020138363361876699 -0.0010296077849166931 -0.0048210330911177086 -0.0016412151419072881 -0.015415325787380823
leaf_weight=95 363 371 10420 59 334 1819 576 158 1570 428 1201 119 122 86
leaf_count=95 363 371 10420 59 334 1819 576 158 1570 428 1201 119 122 86
internal_value=-6.26375e-05 -0.001708 0.000254408 0.000784476 0.000920588 -0.00120485 -0.0042492 -0.000961615 0.000381944 -0.00386733 -0.000258278 -0.00732143 -0.010332 -0.00931034
internal_weight=17721 2863 14858 10899 10754 3959 939 2527 1728 799 3020 336 241 145
internal_count=17721 2863 14858 10899 10754 3959 939 2527 1728 799 3020 336 241 145
is_linear=0
shrinkage=0.03


Tree=96
num_leaves=6
num_cat=0
split_feature=4 2 1 18 37
split_gain=10.1181 17.2865 11.5735 9.92351 4.92468
threshold=7.5499999523162851 7.4500000476837167 5.0499999523162851 67.31000137329103 4.6871931552886972
decision_type=2 2 2 2 2
left_child=1 2 3 -1 -4
right_child=-2 -3 4 -5 -6
leaf_value=-0.00040214522679858948 0.037155432831351226 -0.027741619955930226 0.01266888596589533 5.4195305922899174e-05 0.0024654096077012695
leaf_weight=2814 53 87 79 14604 84
leaf_count=2814 53 87 79 14604 84
internal_value=-6.94092e-05 -0.000108671 -4.26597e-05 -0.00011712 0.00791411
internal_weight=17721 17668 17581 17418 163
internal_count=17721 17668 17581 17418 163
is_linear=0
shrinkage=0.03


Tree=97
num_leaves=5
num_cat=0
split_feature=4 2 1 2
split_gain=10.1024 15.5703 11.266 9.73244
threshold=7.5499999523162851 7.4500000476837167 5.6499998569488534 0.16000000387430194
decision_type=2 2 2 2
left_child=1 2 3 -1
right_child=-2 -3 -4 -5
leaf_value=-0.00074459105042838896 0.036040769846410685 -0.026909371357252323 0.012587315576781243 1.0344757909514917e-05
leaf_weight=807 53 87 92 16682
leaf_count=807 53 87 92 16682
internal_value=-5.92517e-05 -9.84831e-05 -3.58341e-05 -9.09143e-05
internal_weight=17721 17668 17581 17489
internal_count=17721 17668 17581 17489
is_linear=0
shrinkage=0.03


Tree=98
num_leaves=8
num_cat=0
split_feature=2 1 31 31 17 26 17
split_gain=10.583 19.9938 9.82009 21.529 14.1232 7.78608 4.04745
threshold=7.5499999523162851 5.6499998569488534 0.42513063549995428 0.42753748595714575 23.769999504089359 0.053973296657204635 22.739999771118168
decision_type=2 2 2 2 2 2 2
left_child=1 2 4 -4 -1 -2 -3
right_child=5 6 3 -5 -6 -7 -8
leaf_value=0.00042787759874621522 -0.031162772694836891 0.01360337377482561 -0.0042254607757156509 -5.5405980991135061e-05 -0.0010289825333153813 -0.0011949508610925501 0.022655773129670317
leaf_weight=2735 56 60 269 14276 210 59 56
leaf_count=2735 56 60 269 14276 210 59 56
internal_value=-5.92517e-05 0 -8.23328e-05 -0.0004022 0.00149745 -0.00913043 0.0124138
internal_weight=17721 17606 17490 14545 2945 115 116
internal_count=17721 17606 17490 14545 2945 115 116
is_linear=0
shrinkage=0.03


Tree=99
num_leaves=16
num_cat=0
split_feature=15 13 27 37 30 17 9 20 0 11 32 10 35 9 4
split_gain=10.1177 25.9669 19.7117 19.3799 16.8255 15.3051 14.3461 13.9056 12.8601 12.6304 12.4031 9.80227 6.3089 14.0521 6.40451
threshold=64.500000000000014 1.0000000180025095e-35 0.56038483977317821 0.36939777433872228 0.072953157126903548 23.095000267028812 3.308928489685059 0.78349998593330394 6.5000000000000009 0.21428572386503222 0.025012743659317497 1.0251879096031191 0.34294396638870245 0.42589285969734197 0.48999999463558203
decision_type=2 2 2 2 2 2 2 2 2 2 2 2 2 2 2
left_child=1 2 5 12 10 -1 11 -4 -6 -8 -5 -3 14 -14 -2
right_child=3 6 7 4 8 -7 9 -9 -10 -11 -12 -13 13 -15 -16
leaf_value=0.00055977301874128398 0.0024688858377145484 -0.00027634555143109306 -0.0002951594403941501 -0.00059166565060542219 -0.001645101899801858 -0.00082277254898357967 -0.0065755027423721529 0.0012606906103948645 0.00054235811467036907 0.0048980135206137367 0.0011612373721482507 -0.003334184445802356 -0.0010269317897249207 0.00085877790705067743 7.5660423133149139e-06
leaf_weight=791 142 5768 725 1155 2174 985 90 3855 481 253 714 191 104 235 58
leaf_count=791 142 5768 725 1155 2174 985 90 3855 481 253 714 191 104 235 58
internal_value=-6.94092e-05 0.000383947 0.00173694 -0.00120284 -0.0018435 -0.000945946 -0.000980641 0.00277729 -0.00337853 0.00498542 0.000337079 -0.00132405 0.0041744 0.00168142 0.0084
internal_weight=17721 12658 6356 5063 4524 1776 6302 4580 2655 343 1869 5959 539 339 200
internal_count=17721 12658 6356 5063 4524 1776 6302 4580 2655 343 1869 5959 539 339 200
is_linear=0
shrinkage=0.03


Tree=100
num_leaves=15
num_cat=0
split_feature=14 15 32 30 20 20 35 11 10 2 37 20 36 5
split_gain=10.0009 17.3514 18.663 16.2954 12.933 12.2816 10.1692 9.9598 17.301 11.7467 13.5937 8.51672 5.34401 5.2887
threshold=0.81174489855766307 66.500000000000014 0.022409791126847271 0.11780798807740213 0.88449999690055858 0.71250000596046459 0.49351923167705541 0.92857143282890331 0.64010536670684826 0.37500000000000006 0.40112881362438207 0.92649999260902416 0.006333850324153901 0.48999999463558203
decision_type=2 2 2 2 2 2 2 2 2 2 2 2 2 2
left_child=7 2 12 5 -4 -3 -5 9 13 11 -11 -1 -2 -9
right_child=1 3 4 6 -6 -7 -8 8 -10 10 -12 -13 -14 -15
leaf_value=5.8274116584425832e-06 -2.3508881571023544e-05 -0.0050545829822465716 0.00041747338906985215 9.8035607045562491e-05 0.0031678499393120096 0.00087199379538073886 -0.0020628884998602497 0.0024519718906398998 0.017548183870181162 0.00045735976444615 -0.0001174134603578913 -0.00080552005875271027 -0.0026682612813382651 -0.0014755582860977762
leaf_weight=898 195 85 245 174 601 759 329 63 71 1530 11050 1563 61 97
leaf_count=898 195 85 245 174 601 759 329 63 71 1530 11050 1563 61 97
internal_value=-5.24801e-05 0.00172724 0.00451906 -0.000556793 0.00666667 0.00199052 -0.00483101 -0.000337873 0.00584416 -0.000432817 -6.20032e-05 -0.00232832 -0.00257812 0.000375
internal_weight=17721 2449 1102 1347 846 844 503 15272 231 15041 12580 2461 256 160
internal_count=17721 2449 1102 1347 846 844 503 15272 231 15041 12580 2461 256 160
is_linear=0
shrinkage=0.03


Tree=101
num_leaves=15
num_cat=0
split_feature=2 37 15 13 15 37 34 10 3 4 1 34 36 5
split_gain=9.67465 20.4274 16.4789 20.7472 23.1268 18.2019 15.5587 13.9318 13.462 12.8093 10.5589 10.3333 6.88919 6.63399
threshold=0.5900000035762788 0.41471675038337713 64.500000000000014 1.0000000180025095e-35 59.500000000000007 5.0703568458557138 0.012857499066740276 0.56102773547172557 0.43499998748302465 2.2100000381469731 0.88499999046325695 0.024592475965619091 0.0072096353396773347 4.4500000476837167
decision_type=2 2 2 2 2 2 2 2 2 2 2 2 2 2
left_child=1 10 3 4 -2 9 7 -3 -5 -4 12 -8 -1 -7
right_child=2 6 5 8 -6 13 11 -9 -10 -11 -12 -13 -14 -15
leaf_value=9.099447587363488e-05 0.00044503741195904751 -0.00035675603652101225 -0.00056844588981606436 -0.0012529800273916097 0.0025015007816642293 -0.024120265453410915 -0.0017124017413763586 0.0055110580006573328 6.7386061537503698e-05 0.003682369728023706 -0.0021750686012147347 -0.0004466015482914831 0.0006843508787600579 -0.0064872597632849131
leaf_weight=2352 2670 1694 3052 503 1454 56 868 179 3317 379 92 651 394 60
leaf_count=2352 2670 1694 3052 503 1454 56 868 179 3317 379 92 651 394 60
internal_value=-5.92517e-05 -0.00101124 0.000456879 0.00121601 0.00269156 -0.0012433 -0.00258255 -0.000752803 -0.000376963 -0.000848149 0.000866808 -0.00483871 0.00120175 -0.012931
internal_weight=17721 6230 11491 7944 4124 3547 3392 1873 3820 3431 2838 1519 2746 116
internal_count=17721 6230 11491 7944 4124 3547 3392 1873 3820 3431 2838 1519 2746 116
is_linear=0
shrinkage=0.03


Tree=102
num_leaves=7
num_cat=0
split_feature=2 1 10 33 26 7
split_gain=9.46033 18.2888 11.1583 11.9893 6.75441 4.0633
threshold=7.5499999523162851 5.6499998569488534 3.6207566261291508 1.4416679143905642 0.053973296657204635 5.8714284896850595
decision_type=2 2 2 2 2 2
left_child=1 2 3 -1 -2 -3
right_child=4 5 -4 -5 -6 -7
leaf_value=-2.8771126647209067e-05 -0.029879274063956109 0.023869501773070814 -0.013472796044794717 0.0023886774068259359 -0.0012684456732108087 0.011674530768924293
leaf_weight=17064 56 51 65 361 59 65
leaf_count=17064 56 51 65 361 59 65
internal_value=-3.21652e-05 2.38555e-05 -5.48885e-05 -8.60832e-06 -0.0086087 0.0118966
internal_weight=17721 17606 17490 17425 115 116
internal_count=17721 17606 17490 17425 115 116
is_linear=0
shrinkage=0.03


Tree=103
num_leaves=7
num_cat=0
split_feature=2 1 10 3 26 7
split_gain=9.43793 15.2694 9.55394 10.9065 6.75441 3.8833
threshold=7.5499999523162851 5.6499998569488534 3.6207566261291508 1.1749999523162844 0.053973296657204635 5.8714284896850595
decision_type=2 2 2 2 2 2
left_child=1 2 3 -1 -2 -3
right_child=4 5 -4 -5 -6 -7
leaf_value=-9.3564929189333428e-05 -0.028982895842037424 0.023153416719878691 -0.013068612163450876 0.00060048848059423199 -0.0012303923030144847 0.011324294845856564
leaf_weight=13034 56 51 65 4391 59 65
leaf_count=13034 56 51 65 4391 59 65
internal_value=-4.23227e-05 1.36317e-05 -5.8319e-05 -1.5495e-05 -0.0086087 0.0108621
internal_weight=17721 17606 17490 17425 115 116
internal_count=17721 17606 17490 17425 115 116
is_linear=0
shrinkage=0.03


Tree=104
num_leaves=9
num_cat=0
split_feature=2 4 37 8 29 10 8 26
split_gain=9.41556 12.6531 18.3852 20.7518 20.4106 11.4233 12.9845 6.75441
threshold=7.5499999523162851 3.6499999761581425 2.4970508813858037 1.5310714840888979 0.6951735019683839 0.8034438192844392 3.45714282989502 0.053973296657204635
decision_type=2 2 2 2 2 2 2 2
left_child=1 2 3 -1 -4 -3 -7 -2
right_child=7 5 4 -5 -6 6 -8 -9
leaf_value=-5.4676119755811702e-05 -0.028113408966776304 0.0085834825992595742 0.0033513415877934839 0.0019951148137984779 -0.0058072364626882934 -0.0075508887638386386 0.0047969480579503196 -0.0011934805339240506
leaf_weight=14864 56 57 144 1500 604 83 354 59
leaf_count=14864 56 57 144 1500 604 83 354 59
internal_value=-5.24801e-05 3.40793e-06 -0.00013324 7.69983e-05 -0.00473262 0.00473684 0.00308924 -0.0086087
internal_weight=17721 17606 17112 16364 748 494 437 115
internal_count=17721 17606 17112 16364 748 494 437 115
is_linear=0
shrinkage=0.03


Tree=105
num_leaves=14
num_cat=0
split_feature=31 31 3 20 17 29 0 20 10 9 37 36 25
split_gain=9.38572 19.4187 14.4864 22.4358 12.9935 12.4855 12.035 11.1893 22.7798 10.6705 9.63215 6.95215 6.62869
threshold=0.42513063549995428 0.42753748595714575 1.1749999523162844 0.80850002169609081 23.769999504089359 0.41434216499328619 1.5000000000000002 0.95750001072883617 0.31063431501388555 0.60053572058677684 0.57479918003082286 0.0026137979002669458 0.63555103540420543
decision_type=2 2 2 2 2 2 2 2 2 2 2 2 2
left_child=4 7 5 -4 6 -3 12 -2 -9 -8 11 -6 -1
right_child=1 2 3 -5 10 -7 9 8 -10 -11 -12 -13 -14
leaf_value=-0.0014355917114480649 0.00012674976588999791 -0.0029476187883555028 -0.0010688633494332557 0.0012306226899073747 0.0031522480200470481 -0.00018279622696435594 0.0002735494113473268 0.00097510227511179125 -0.0066684751456320473 0.0017312176079546644 -0.005575663130321859 -0.00094840873176185161 0.00036936677309302687
leaf_weight=246 89 64 1281 3108 52 10054 1736 56 124 636 51 107 117
leaf_count=246 89 64 1281 3108 52 10054 1736 56 124 636 51 107 117
internal_value=-6.94092e-05 -0.000377639 -0.000229544 0.00120984 0.00147708 -0.000853924 0.00202925 -0.00836431 -0.0126667 0.00280776 -0.00571429 -0.00207547 -0.00305785
internal_weight=17721 14776 14507 4389 2945 10118 2735 269 180 2372 210 159 363
internal_count=17721 14776 14507 4389 2945 10118 2735 269 180 2372 210 159 363
is_linear=0
shrinkage=0.03


Tree=106
num_leaves=7
num_cat=0
split_feature=2 1 10 29 26 7
split_gain=9.37091 12.5743 9.51401 9.78441 6.75441 2.40663
threshold=7.5499999523162851 5.6499998569488534 3.6207566261291508 0.80555438995361339 0.053973296657204635 5.8714284896850595
decision_type=2 2 2 2 2 2
left_child=1 2 3 -1 -2 -3
right_child=4 5 -4 -5 -6 -7
leaf_value=-3.6307501632629745e-05 -0.027285724094717159 0.022277987095846601 -0.012857380920983078 0.0015455911515323084 -0.0011945947986035505 0.010803738878045137
leaf_weight=16850 56 51 65 575 59 65
leaf_count=16850 56 51 65 575 59 65
internal_value=-7.2795e-05 -1.70396e-05 -8.23328e-05 -3.95983e-05 -0.0086087 0.00982759
internal_weight=17721 17606 17490 17425 115 116
internal_count=17721 17606 17490 17425 115 116
is_linear=0
shrinkage=0.03


Tree=107
num_leaves=9
num_cat=0
split_feature=2 4 37 9 29 10 8 26
split_gain=9.37834 12.7444 17.6121 18.4826 18.461 11.4233 11.2862 6.75441
threshold=7.5499999523162851 3.6499999761581425 2.4970508813858037 1.3905357122421267 0.6951735019683839 0.8034438192844392 3.45714282989502 0.053973296657204635
decision_type=2 2 2 2 2 2 2 2
left_child=1 2 3 -1 -4 -3 -7 -2
right_child=7 5 4 -5 -6 6 -8 -9
leaf_value=-5.9058372685754364e-05 -0.026467152371875646 0.0083101419265687627 0.0032149718845114372 0.0017623616726026546 -0.0055480346836889859 -0.0073601915565717213 0.0046522967149421023 -0.0011587569546454442
leaf_weight=14456 56 57 144 1908 604 83 354 59
leaf_count=14456 56 57 144 1908 604 83 354 59
internal_value=-6.94092e-05 -1.36317e-05 -0.000150771 5.49988e-05 -0.00465241 0.00473684 0.00308924 -0.0086087
internal_weight=17721 17606 17112 16364 748 494 437 115
internal_count=17721 17606 17112 16364 748 494 437 115
is_linear=0
shrinkage=0.03


Tree=108
num_leaves=16
num_cat=0
split_feature=15 13 37 27 37 4 1 17 9 10 17 35 9 4 5
split_gain=9.55158 23.1505 19.1244 18.483 16.5911 14.2814 12.8243 12.4625 12.4129 10.0698 9.44686 7.23651 13.5156 6.87014 5.32169
threshold=64.500000000000014 1.0000000180025095e-35 0.36939777433872228 0.56038483977317821 5.0703568458557138 2.2100000381469731 0.47499999403953558 23.095000267028812 3.308928489685059 1.0251879096031191 23.095000267028812 0.34294396638870245 0.42589285969734197 0.48999999463558203 4.4500000476837167
decision_type=2 2 2 2 2 2 2 2 2 2 2 2 2 2 2
left_child=1 3 11 7 5 -4 -5 -1 9 -3 -10 13 -13 -2 -6
right_child=2 8 4 6 14 -7 -8 -9 10 -11 -12 12 -14 -15 -16
leaf_value=0.00051931115545398655 0.002398796848971587 -0.00025248445528031321 -0.00079085689106074086 -3.6677923040907693e-05 -0.021902149800213523 0.0032018941165105341 0.0013681881301480089 -0.00076661560963659382 0.00052989198614914596 -0.0031310860243230097 0.0077473177081700314 -0.00097153975431685171 0.00082387299182911918 2.3486859488557713e-05 -0.0049264915359877289
leaf_weight=791 142 5768 4005 1009 57 400 3571 985 231 191 112 104 235 58 62
leaf_count=791 142 5768 4005 1009 57 400 3571 985 231 191 112 104 235 58 62
internal_value=-6.60234e-05 0.000374467 -0.00116729 0.00165198 -0.00180371 -0.00150511 0.00265939 -0.000945946 -0.000913996 -0.00123343 0.00463557 0.0041744 0.00150442 0.0087 -0.0128571
internal_weight=17721 12658 5063 6356 4524 4405 4580 1776 6302 5959 343 539 339 200 119
internal_count=17721 12658 5063 6356 4524 4405 4580 1776 6302 5959 343 539 339 200 119
is_linear=0
shrinkage=0.03


Tree=109
num_leaves=15
num_cat=0
split_feature=14 20 15 35 30 2 37 36 2 20 32 25 7 34
split_gain=9.5036 15.0479 11.3033 23.6968 16.4579 8.57302 13.3875 20.3146 13.0432 10.6744 13.3968 9.18382 6.14381 5.78333
threshold=0.81174489855766307 0.83449998497962963 66.500000000000014 0.62244814634323131 0.11780798807740213 0.35500000417232519 0.40112881362438207 0.0070713532622903594 0.71999999880790722 0.92649999260902416 0.074143465608358397 0.55047070980072033 0.38357143104076391 0.011756666935980322
decision_type=2 2 2 2 2 2 2 2 2 2 2 2 2 2
left_child=5 12 3 -3 -4 9 7 -7 -8 11 -11 -1 -2 -14
right_child=1 2 4 -5 -6 6 8 -9 -10 10 -12 -13 13 -15
leaf_value=-0.0010502572658143505 0.0023583505025477174 0.00067973170889113399 0.001139254222908246 0.0046645035344975438 -0.00093167513476381672 0.00012505038026547815 -0.00047153177501526905 0.0016506442969623175 0.0002077615763725713 -0.00093953248455218871 0.00072273183581118123 0.00049141639199603735 -0.00031891354324388563 -0.0023342268265503325
leaf_weight=248 52 595 657 293 389 1267 4062 276 7159 1272 291 697 256 207
leaf_count=248 52 595 657 293 389 1267 4062 276 7159 1272 291 697 256 207
internal_value=-3.21652e-05 0.00170274 0.00291624 0.00540541 0.000803059 -0.000310372 4.70072e-06 0.00262476 -0.000355583 -0.00191388 -0.0034357 0.000603175 -0.00285437 -0.00395248
internal_weight=17721 2449 1934 888 1046 15272 12764 1543 11221 2508 1563 945 515 463
internal_count=17721 2449 1934 888 1046 15272 12764 1543 11221 2508 1563 945 515 463
is_linear=0
shrinkage=0.03


Tree=110
num_leaves=13
num_cat=0
split_feature=31 31 29 17 15 20 10 0 10 37 36 25
split_gain=9.67778 19.577 13.7329 13.2153 11.878 11.1893 22.7798 10.8149 9.93797 9.63215 6.95215 5.90411
threshold=0.42513063549995428 0.42753748595714575 0.41434216499328619 23.769999504089359 64.500000000000014 0.95750001072883617 0.31063431501388555 1.5000000000000002 0.59187191724777233 0.57479918003082286 0.0026137979002669458 0.63555103540420543
decision_type=2 2 2 2 2 2 2 2 2 2 2 2
left_child=3 5 -3 7 -4 -2 -7 11 -9 10 -5 -1
right_child=1 2 4 9 -6 6 -8 8 -10 -11 -12 -13
leaf_value=-0.0013616985175111467 9.5486422719348824e-05 -0.0028409773975348824 0.00011116795278884168 0.0030394462365301673 -0.00053679374660048481 0.00096850194831069893 -0.0063936403939459738 0.00051635853196348733 0.011145086042058253 -0.0053510260739191235 -0.00089537500667057719 0.00038286723303865511
leaf_weight=246 89 64 10354 52 4089 56 124 2318 54 51 107 117
leaf_count=246 89 64 10354 52 4089 56 124 2318 54 51 107 117
internal_value=-3.21652e-05 -0.000345154 -0.000196457 0.0015382 -0.000135014 -0.00836431 -0.0126667 0.00209506 0.00283305 -0.00571429 -0.00207547 -0.00272727
internal_weight=17721 14776 14507 2945 14443 269 180 2735 2372 210 159 363
internal_count=17721 14776 14507 2945 14443 269 180 2735 2372 210 159 363
is_linear=0
shrinkage=0.03


Tree=111
num_leaves=9
num_cat=0
split_feature=2 4 37 29 8 10 8 26
split_gain=9.4678 11.8881 17.9706 18.461 17.151 11.6441 12.4532 6.75441
threshold=7.5499999523162851 3.6499999761581425 2.4970508813858037 0.6951735019683839 1.5310714840888979 0.8034438192844392 3.553571462631226 0.053973296657204635
decision_type=2 2 2 2 2 2 2 2
left_child=1 2 4 -4 -1 -3 -7 -2
right_child=7 5 3 -5 -6 6 -8 -9
leaf_value=-4.6127090207923427e-05 -0.025175558792890695 0.0080509114624709079 0.0031846232608396708 -0.0053835869953947494 0.0018475127367329769 -0.0049673304971353943 0.0046011502787960661 -0.0011746077757853626
leaf_weight=14864 56 57 144 604 1500 91 346 59
leaf_count=14864 56 57 144 604 1500 91 346 59
internal_value=-2.87794e-05 2.72634e-05 -0.000105189 -0.00465241 0.000102664 0.00461538 0.00295195 -0.0086087
internal_weight=17721 17606 17112 748 16364 494 437 115
internal_count=17721 17606 17112 748 16364 494 437 115
is_linear=0
shrinkage=0.03


Tree=112
num_leaves=9
num_cat=0
split_feature=2 4 37 29 9 11 28 26
split_gain=9.48275 11.2327 18.0538 16.9016 16.8989 11.5142 9.18519 6.75441
threshold=7.5499999523162851 3.6499999761581425 2.4970508813858037 0.6951735019683839 1.3905357122421267 0.78571429848670971 0.13970532640814784 0.053973296657204635
decision_type=2 2 2 2 2 2 2 2
left_child=1 2 4 -4 -1 6 -3 -2
right_child=7 5 3 -5 -6 -7 -8 -9
leaf_value=-5.0687344987087418e-05 -0.024420292029103969 -0.0074043370660949424 0.0030890845630144803 -0.0052220793855329078 0.0016250469194266266 0.022487938006991552 0.0027217357820207675 -0.0011393695425118014
leaf_weight=14456 56 52 144 604 1908 74 368 59
leaf_count=14456 56 52 144 604 1908 74 368 59
internal_value=-2.20078e-05 3.40793e-05 -9.46704e-05 -0.00465241 0.000113664 0.00449393 0.00257143 -0.0086087
internal_weight=17721 17606 17112 748 16364 494 420 115
internal_count=17721 17606 17112 748 16364 494 420 115
is_linear=0
shrinkage=0.03


Tree=113
num_leaves=15
num_cat=0
split_feature=12 35 3 7 8 5 32 36 32 9 33 15 34 20
split_gain=9.04954 12.5356 20.0211 20.4693 19.0501 16.2484 9.06281 12.122 16.6171 16.6134 11.7393 11.3525 10.9297 8.69447
threshold=0.51785713434219371 0.43603140115737921 2.7500000000000004 0.643571436405182 0.32249999046325689 0.75499999523162853 0.041142912581563003 0.0018410463817417624 0.013711593113839628 0.49964286386966711 1.4416679143905642 61.500000000000007 0.019256423227488998 0.91249999403953563
decision_type=2 2 2 2 2 2 2 2 2 2 2 2 2 2
left_child=1 2 3 -1 13 -6 7 9 -9 -2 12 -12 -8 -3
right_child=6 4 -4 -5 5 -7 10 8 -10 -11 11 -13 -14 -15
leaf_value=1.773130047488823e-05 0.00067814716840847481 -0.0010130238327744642 -0.0036993300972000954 0.0013797431724792365 -0.00079954063587520162 2.5231699333152097e-05 -0.0010135283205091809 -3.9363467442450526e-05 0.0024989035354034198 -0.0043911553777005036 0.022693853345774128 0.0012528108581188805 0.00071060102882770037 -0.0041614329479664506
leaf_weight=3955 100 52 61 951 3415 5660 868 592 923 105 71 110 801 57
leaf_count=3955 100 52 61 951 3415 5660 868 592 923 105 71 110 801 57
internal_value=-2.20078e-05 -0.000362519 0.000851621 0.001064 -0.00101916 -0.000869421 0.00132773 0.00289535 0.00382178 -0.00395122 -0.00012973 0.00712707 -0.000916717 -0.0134862
internal_weight=17721 14151 4967 4906 9184 9075 3570 1720 1515 205 1850 181 1669 109
internal_count=17721 14151 4967 4906 9184 9075 3570 1720 1515 205 1850 181 1669 109
is_linear=0
shrinkage=0.03


Tree=114
num_leaves=15
num_cat=0
split_feature=18 17 15 19 30 37 9 37 7 35 36 5 36 20
split_gain=9.1088 14.0339 12.5404 17.755 13.5375 11.2935 10.9868 15.8044 10.718 9.57657 9.2646 8.58368 7.36512 6.65106
threshold=67.31000137329103 22.664999961853031 57.500000000000007 1.5799999833106997 0.058563711121678359 5.0703568458557138 0.50124999880790722 0.32136431336402899 0.31214286386966711 0.43939040601253515 0.0085816080681979674 0.48999999463558203 0.0054146826732903728 0.98649999499320995
decision_type=2 2 2 2 2 2 2 2 2 2 2 2 2 2
left_child=1 11 6 5 -5 -4 7 -2 12 -10 -8 -1 -3 -13
right_child=2 8 3 4 -6 -7 10 -9 9 -11 -12 13 -14 -15
leaf_value=0.00012011505107544174 0.00010266842928057311 -0.0034371669552545315 -3.6283591088550473e-06 0.0012119298483316094 0.00031948069394586407 -0.010396362267181889 0.00035602496597693801 -0.0013966430776146642 0.00037558883413401804 -0.0004875880683857026 -0.00099549917036587977 -0.0045348359882663334 -0.00026247032316808507 -0.0012090935546391359
leaf_weight=95 363 74 6138 1595 3042 124 1819 576 786 1616 1201 119 51 122
leaf_count=95 363 74 6138 1595 3042 124 1819 576 786 1616 1201 119 51 122
internal_value=-1.18503e-05 -0.0015613 0.000286714 0.000812001 0.00221911 -0.000229958 -0.00115938 -0.00399361 -0.00079541 -0.000349709 -0.000278146 -0.00732143 -0.00936 -0.010332
internal_weight=17721 2863 14858 10899 4637 6262 3959 939 2527 2402 3020 336 125 241
internal_count=17721 2863 14858 10899 4637 6262 3959 939 2527 2402 3020 336 125 241
is_linear=0
shrinkage=0.03


Tree=115
num_leaves=14
num_cat=0
split_feature=19 15 37 0 4 13 35 16 3 33 34 1 5
split_gain=9.82326 11.6805 10.6269 9.95629 12.0968 25.1614 17.7818 10.713 6.99631 5.66685 4.57715 5.8438 2.80993
threshold=1.7800000309944155 60.500000000000007 0.49188494682312017 1.5000000000000002 1.2200000286102297 -0.60785761475563038 0.49351923167705541 1.1290000081062319 0.65500000119209301 0.46463589370250707 0.01129572791978717 0.88499999046325695 0.68999999761581432
decision_type=2 2 2 2 2 2 2 2 2 2 2 2 2
left_child=3 10 -3 7 6 -6 -5 -1 -4 -9 12 -12 -2
right_child=1 2 8 4 5 -7 -8 9 -10 -11 11 -13 -14
leaf_value=-0.0030604644720229391 5.9502702377390929e-05 0.00035690482577253511 -0.0037574031043281298 0.00016918863486393876 -0.0009402434581715453 0.0019681200831929476 -0.00050933551132930092 -0.00080115801623022805 -0.0021267344537212987 -7.371785961188467e-05 0.0035110585679479869 -2.6660848479269638e-05 -0.0013760122768296447
leaf_weight=92 51 88 67 6733 1150 2272 4523 733 222 1575 62 91 62
leaf_count=92 51 88 67 6733 1150 2272 4523 733 222 1575 62 91 62
internal_value=-4.57085e-05 -0.00368585 -0.00708223 9.13456e-05 0.000384249 0.00194623 -9.06183e-05 -0.0017 -0.00986159 -0.00129983 0.00112782 0.0045098 -0.00345133
internal_weight=17721 643 377 17078 14678 3422 11256 2400 289 2308 266 153 113
internal_count=17721 643 377 17078 14678 3422 11256 2400 289 2308 266 153 113
is_linear=0
shrinkage=0.03


Tree=116
num_leaves=15
num_cat=0
split_feature=19 15 37 15 36 36 9 37 35 3 33 4 37 27
split_gain=10.3709 10.0085 10.2595 9.39042 15.8015 20.6982 11.0592 15.1991 11.078 7.3424 5.88508 5.13754 3.99764 1.68534
threshold=1.7800000309944155 60.500000000000007 0.49188494682312017 57.500000000000007 0.014050519093871118 0.012477901764214041 0.50124999880790722 0.31048749387264257 0.41235908865928655 0.65500000119209301 0.57252073287963878 0.68999999761581432 0.68403115868568432 0.56038483977317821
decision_type=2 2 2 2 2 2 2 2 2 2 2 2 2 2
left_child=3 10 -3 6 5 -5 7 -1 -8 -4 13 -12 -6 -2
right_child=1 2 9 4 12 -7 8 -9 -10 -11 11 -13 -14 -15
leaf_value=0.00018695112928334952 -0.00060380363583515751 0.00034619768099935903 -0.0036446810111982852 5.8202077154462929e-05 -0.0011209445512375702 0.0017093932855740772 0.0014936018879180971 -0.001283651540683377 -0.00041867310548155935 -0.0020629324201096597 0.0032087942829132983 0.00019580643475477588 -0.0048697870269237024 -5.5506351060974894e-05
leaf_weight=319 55 88 67 12341 106 752 368 602 2539 222 51 98 51 62
leaf_count=319 55 88 67 12341 106 752 368 602 2539 222 51 98 51 62
internal_value=-3.89369e-05 -0.00377916 -0.00692308 0.000101885 0.00048 0.000593447 -0.0012069 -0.00407166 -0.000299278 -0.00965398 0.000676692 0.00463087 -0.00898089 -0.00435897
internal_weight=17721 643 377 17078 13250 13093 3828 921 2907 289 266 149 157 117
internal_count=17721 643 377 17078 13250 13093 3828 921 2907 289 266 149 157 117
is_linear=0
shrinkage=0.03


Tree=117
num_leaves=12
num_cat=0
split_feature=36 36 36 34 18 15 18 5 18 37 7
split_gain=9.33982 14.5226 24.7327 19.391 13.9337 12.7544 12.0308 9.43943 7.71072 5.8114 1.84906
threshold=0.014050519093871118 0.012477901764214041 0.012025096453726293 0.029375399462878708 68.845001220703139 58.500000000000007 69.68500137329103 0.5900000035762788 69.68500137329103 0.68403115868568432 0.44142857193946844
decision_type=2 2 2 2 2 2 2 2 2 2 2
left_child=1 2 6 7 -4 -2 -1 -3 -5 10 -7
right_child=5 3 4 8 -6 9 -8 -9 -10 -11 -12
leaf_value=-0.00014874004399871769 0.0011108657232076049 -0.0010201623452158069 -0.00083812116484766768 0.0034516269118372287 -0.004530282571270138 -0.0017245150145095323 0.0003137532861695709 0.0014192252300432853 0.0022886421270704302 -0.0050424076873180233 -0.00082720489252202428
leaf_weight=9677 61 178 223 85 273 53 6284 720 64 50 53
leaf_count=9677 61 178 223 85 273 53 6284 720 64 50 53
internal_value=-3.5551e-05 4.11335e-05 -0.000176824 0.00346705 -0.00677419 -0.0062212 2.81937e-05 0.00180401 0.0134899 -0.0107692 -0.00679245
internal_weight=17721 17504 16457 1047 496 217 15961 898 149 156 106
internal_count=17721 17504 16457 1047 496 217 15961 898 149 156 106
is_linear=0
shrinkage=0.03


Tree=118
num_leaves=14
num_cat=0
split_feature=19 15 3 33 15 36 36 9 37 36 31 37 34
split_gain=8.91131 10.9673 13.5151 10.8311 9.34008 15.7864 18.7357 10.8508 13.5717 10.3023 4.61965 3.99764 2.38382
threshold=1.7800000309944155 64.500000000000014 0.3900000005960465 0.42751051485538488 57.500000000000007 0.014050519093871118 0.012477901764214041 0.51464286446571361 0.32136431336402899 0.0085816080681979674 0.58058691024780285 0.68403115868568432 0.012141687329858543
decision_type=2 2 2 2 2 2 2 2 2 2 2 2 2
left_child=4 2 -2 -4 7 6 -6 8 -1 -9 -3 -7 -12
right_child=1 10 3 -5 5 11 -8 9 -10 -11 12 -13 -14
leaf_value=6.3706756345884526e-05 0.0031908161032969313 -0.0012099774016206485 -0.002271495787521326 -0.0001079400045568546 5.9920839043831499e-05 -0.0010355807642651569 0.001644183221894094 0.00043435019315814319 -0.0013658597198962655 -0.0010832218128624357 -0.00639909239234452 -0.0045724211854964508 -0.0028891038586252409
leaf_weight=368 56 78 59 335 12341 106 752 1693 621 1146 58 51 57
leaf_count=368 56 78 59 335 12341 106 752 1693 621 1146 58 51 57
internal_value=-3.21652e-05 -0.00349922 -0.000933333 -0.0028934 9.83722e-05 0.000475472 0.000588864 -0.0012069 -0.00391304 -0.000264178 -0.00948187 -0.00898089 -0.0133043
internal_weight=17721 643 450 394 17078 13250 13093 3828 989 2839 193 157 115
internal_count=17721 643 450 394 17078 13250 13093 3828 989 2839 193 157 115
is_linear=0
shrinkage=0.03


Tree=119
num_leaves=16
num_cat=0
split_feature=27 20 7 11 33 35 20 27 18 9 10 4 37 8 15
split_gain=8.55545 21.2343 18.7163 22.262 17.9667 30.3575 15.1342 36.0264 22.0197 20.6958 18.8666 14.8698 14.3154 9.84709 8.85462
threshold=0.56038483977317821 0.8555000126361848 0.31642857193946844 0.6428571641445161 0.42174685001373297 0.35999922454357153 0.78550001978874218 0.49020150303840643 69.905002593994155 0.37053571641445165 0.49933992326259619 0.5900000035762788 0.37828484177589422 0.89428570866584789 64.500000000000014
decision_type=2 2 2 2 2 2 2 2 2 2 2 2 2 2 2
left_child=6 4 12 -4 5 -2 8 9 10 -8 -1 -9 -3 -10 -6
right_child=1 2 3 -5 14 -7 7 11 13 -11 -12 -13 -14 -15 -16
leaf_value=-0.002259253359150319 -0.00086132004033164975 -2.6505940410313648e-05 0.00025344743908154615 0.0018602663163479222 -0.00062019606085697207 0.0041350716344016646 0.0021421453457533593 -0.0060183179020951352 0.0039009599603353562 -0.00032097442867588881 0.0034042852033391692 -0.003131852926616024 -0.0035234677490460268 0.012314784630290272 -0.0018114735578025377
leaf_weight=277 194 174 8237 1019 1888 203 208 154 152 3789 207 260 127 75 757
leaf_count=277 194 174 8237 1019 1888 203 208 154 152 3789 207 260 127 75 757
internal_value=-3.21652e-05 0.000388126 0.00108298 0.00132239 -0.00179487 0.00415617 -0.00106599 -0.0017207 0.00299578 -0.000848136 -0.000619835 -0.0101449 -0.00627907 0.0107048 -0.00268809
internal_weight=17721 12599 9557 9256 3042 397 5122 4411 711 3997 484 414 301 227 2645
internal_count=17721 12599 9557 9256 3042 397 5122 4411 711 3997 484 414 301 227 2645
is_linear=0
shrinkage=0.03


Tree=120
num_leaves=12
num_cat=0
split_feature=12 10 20 9 37 5 30 4 37 4 3
split_gain=9.32233 10.2692 19.8188 16.4441 21.519 14.7139 10.6964 8.5353 15.1526 14.6605 11.7762
threshold=0.51785713434219371 1.1171608567237856 0.66349998116493236 2.9946428537368779 2.3271449804306035 0.68999999761581432 0.096192639321088805 6.7500000000000009 5.0703568458557138 3.5499999523162846 4.4500000476837167
decision_type=2 2 2 2 2 2 2 2 2 2 2
left_child=1 3 -3 4 -1 -4 -5 8 9 -2 -10
right_child=7 2 5 6 -6 -7 -8 -9 10 -11 -12
leaf_value=-2.8807136064294238e-05 0.0003672499648133426 0.019764334230084581 -0.0041900487307513319 0.016445428829408498 -0.0064660218443366394 -0.0025752256889036078 0.0020308771603810322 0.026873058074160596 -0.0032669475809575083 0.0058348800707462203 -0.020554347220917587
leaf_weight=13123 3209 51 107 75 247 412 136 51 73 184 53
leaf_count=13123 3209 51 107 75 247 412 136 51 73 184 53
internal_value=-2.53936e-05 -0.000370999 -0.00431579 -0.000205434 -0.000336574 -0.00606936 0.00810427 0.00134454 0.00116795 0.0015473 -0.00904762
internal_weight=17721 14151 570 13581 13370 519 211 3570 3519 3393 126
internal_count=17721 14151 570 13581 13370 519 211 3570 3519 3393 126
is_linear=0
shrinkage=0.03


Tree=121
num_leaves=12
num_cat=0
split_feature=36 36 36 34 18 15 18 5 16 37 7
split_gain=8.54305 13.5391 23.9146 16.8103 12.5585 12.1552 11.1945 9.43943 6.57047 4.74165 1.84906
threshold=0.014050519093871118 0.012477901764214041 0.012025096453726293 0.029375399462878708 69.665000915527358 58.500000000000007 69.68500137329103 0.5900000035762788 1.1783500313758852 0.68403115868568432 0.44142857193946844
decision_type=2 2 2 2 2 2 2 2 2 2 2
left_child=1 2 6 7 -4 -2 -1 -3 -5 10 -7
right_child=5 3 4 8 -6 9 -8 -9 -10 -11 -12
leaf_value=-0.0001433936513874949 0.00112807727034697 -0.001029258521023182 -0.0012125957773334165 0.0036031160940749921 -0.0046548648297480271 -0.0015865037203302873 0.00029094635967067187 0.0013950701086699576 0.0014288073778158552 -0.0046987544003175841 -0.00075185122691077077
leaf_weight=9677 61 178 276 65 220 53 6284 720 84 50 53
leaf_count=9677 61 178 276 65 220 53 6284 720 84 50 53
internal_value=-2.87794e-05 4.45612e-05 -0.000165887 0.00335244 -0.00665323 -0.0059447 3.5712e-05 0.00180401 0.0126846 -0.0103846 -0.00679245
internal_weight=17721 17504 16457 1047 496 217 15961 898 149 156 106
internal_count=17721 17504 16457 1047 496 217 15961 898 149 156 106
is_linear=0
shrinkage=0.03


Tree=122
num_leaves=15
num_cat=0
split_feature=27 20 33 35 7 34 20 27 26 4 35 36 18 37
split_gain=9.03146 17.3299 19.2678 30.4033 16.8822 19.7505 13.0941 26.2929 16.6739 13.8118 13.4817 13.0372 10.1602 9.36744
threshold=0.56038483977317821 0.85050001740455639 0.42174685001373297 0.35999922454357153 0.45357142388820654 0.0041294749826192865 0.92849999666214 0.49020150303840643 0.03899818845093251 0.48999999463558203 0.28965483605861669 0.00077275143121369194 67.475002288818374 2.0497922897338872
decision_type=2 2 2 2 2 2 2 2 2 2 2 2 2 2
left_child=6 2 3 -2 12 -6 10 8 -8 -9 -1 -12 -3 -4
right_child=1 4 13 -5 5 -7 7 9 -10 -11 11 -13 -14 -15
leaf_value=0.0039082917535285863 -0.00077957297559897961 -0.0014648761934477966 -0.00059196790023131895 0.0043919797750316507 0.0018793456502311959 0.00034567679288187469 0.00036035791322258767 -0.0050581520927707787 -0.00070892488802424658 -0.0029131544135864271 -0.0038473293173410775 0.00026254334140363232 -0.00011859855662898264 -0.0035070699811113695
leaf_weight=51 193 353 1926 182 1037 7139 800 107 1789 211 156 2008 1143 626
leaf_count=51 193 353 1926 182 1037 7139 800 107 1789 211 156 2008 1143 626
internal_value=-3.89369e-05 0.000392888 -0.00162965 0.00472 0.00100496 0.0015411 -0.00110113 -0.00242518 -0.00142526 -0.010566 0.000636569 0.000277264 -0.00192513 -0.0025627
internal_weight=17721 12599 2927 375 9672 8176 5122 2907 2589 318 2215 2164 1496 2552
internal_count=17721 12599 2927 375 9672 8176 5122 2907 2589 318 2215 2164 1496 2552
is_linear=0
shrinkage=0.03


Tree=123
num_leaves=12
num_cat=0
split_feature=36 15 36 36 34 18 36 15 16 37 7
split_gain=8.465 12.1552 11.5011 22.0866 17.8584 12.9274 11.9804 9.56624 6.57047 4.74165 1.84906
threshold=0.014050519093871118 58.500000000000007 0.012477901764214041 0.012025096453726293 0.029375399462878708 69.905002593994155 0.011065258178859951 56.500000000000007 1.1783500313758852 0.68403115868568432 0.44142857193946844
decision_type=2 2 2 2 2 2 2 2 2 2 2
left_child=2 -2 3 6 7 -5 -1 -4 -6 10 -3
right_child=1 9 4 5 8 -7 -8 -9 -10 -11 -12
leaf_value=-4.3478137507313139e-05 0.0011119939892435006 -0.0015211495717134388 -0.0022426795728358448 -0.0019517938315294586 0.0034846523074662855 -0.0051654833989995541 0.0011259811721581689 0.0010227234117029976 0.0013767222294339355 -0.0045400327313011172 -0.00071153665309650778
leaf_weight=14669 61 53 145 379 65 117 1292 753 84 50 53
leaf_count=14669 61 53 145 379 65 117 1292 753 84 50 53
internal_value=-5.58659e-05 -0.0059447 1.71389e-05 -0.000176824 0.0030659 -0.00641129 1.69162e-05 0.00146993 0.0126846 -0.0103846 -0.00679245
internal_weight=17721 217 17504 16457 1047 496 15961 898 149 156 106
internal_count=17721 217 17504 16457 1047 496 15961 898 149 156 106
is_linear=0
shrinkage=0.03


Tree=124
num_leaves=12
num_cat=0
split_feature=12 10 20 9 37 5 30 4 37 3 3
split_gain=8.60921 9.55731 17.0741 16.6019 20.1516 13.7518 10.6964 8.67716 14.8507 12.6299 11.7762
threshold=0.51785713434219371 1.1171608567237856 0.66349998116493236 2.9946428537368779 2.3271449804306035 0.68999999761581432 0.096192639321088805 6.7500000000000009 5.0703568458557138 3.3500000238418584 4.4500000476837167
decision_type=2 2 2 2 2 2 2 2 2 2 2
left_child=1 3 -3 4 -1 -4 -5 8 9 -2 -10
right_child=7 2 5 6 -6 -7 -8 -9 10 -11 -12
leaf_value=-3.3989911390935807e-05 0.0003005702032604676 0.019206321649675957 -0.0039660448791073097 0.015912218035116665 -0.0059730691707647679 -0.0025044559327875018 0.0019651866954499891 0.02601609211609569 -0.0030581209004285964 0.0047257157399791007 -0.019942480954409671
leaf_weight=13123 3157 51 107 75 247 412 136 51 73 236 53
leaf_count=13123 3157 51 107 75 247 412 136 51 73 236 53
internal_value=-7.2795e-05 -0.000404918 -0.00421053 -0.000245195 -0.000376963 -0.00583815 0.00810427 0.0012437 0.00106564 0.0014412 -0.00904762
internal_weight=17721 14151 570 13581 13370 519 211 3570 3519 3393 126
internal_count=17721 14151 570 13581 13370 519 211 3570 3519 3393 126
is_linear=0
shrinkage=0.03


Tree=125
num_leaves=6
num_cat=0
split_feature=4 2 3 35 35
split_gain=8.44346 12.3475 8.32594 17.2969 16.0572
threshold=7.5499999523162851 7.4500000476837167 1.1749999523162844 0.49351923167705541 0.34099149703979498
decision_type=2 2 2 2 2
left_child=1 2 3 -1 -4
right_child=-2 -3 4 -5 -6
leaf_value=8.1057058445754279e-05 0.027691389246780097 -0.019344206525777383 -0.0028468257394848942 -0.00057573851277336523 0.00061864227066971698
leaf_weight=7833 53 87 71 5204 4473
leaf_count=7833 53 87 71 5204 4473
internal_value=-6.94092e-05 -0.000105275 -4.94852e-05 -0.000434916 0.00105634
internal_weight=17721 17668 17581 13037 4544
internal_count=17721 17668 17581 13037 4544
is_linear=0
shrinkage=0.03


Tree=126
num_leaves=6
num_cat=0
split_feature=4 2 27 20 20
split_gain=8.44346 10.8831 8.24243 16.2327 13.3825
threshold=7.5499999523162851 7.4500000476837167 0.56038483977317821 0.85248050093650829 0.92849999666214
decision_type=2 2 2 2 2
left_child=1 2 4 -4 -1
right_child=-2 -3 3 -5 -6
leaf_value=0.00017032941919671102 0.026860647569376693 -0.018763880330004062 -0.00058049757988865751 0.00032995898064723208 -0.00056419862783769039
leaf_weight=2215 53 87 3008 9451 2907
leaf_count=2215 53 87 3008 9451 2907
internal_value=-6.94092e-05 -0.000105275 -5.2898e-05 0.000363593 -0.00106599
internal_weight=17721 17668 17581 12459 5122
internal_count=17721 17668 17581 12459 5122
is_linear=0
shrinkage=0.03


Tree=127
num_leaves=15
num_cat=0
split_feature=12 37 8 10 9 3 35 36 1 36 10 28 12 32
split_gain=7.96086 10.7564 21.9812 16.6714 16.4139 10.6867 10.2046 8.42026 14.0448 15.2991 13.5677 12.3355 10.4564 7.72203
threshold=0.51785713434219371 0.32461807131767279 0.43464285135269171 0.32501055300235754 0.4755357056856156 0.29000000655651098 0.43939040601253515 0.007147272815927864 2.3500000238418584 0.0067541187163442382 0.94950804114341747 0.13970532640814784 0.73214286565780651 0.022409791126847271
decision_type=2 2 2 2 2 2 2 2 2 2 2 2 2 2
left_child=1 3 4 5 -3 -1 -4 8 9 -2 -10 -9 -13 -5
right_child=7 2 6 13 -6 -7 -8 11 10 -11 -12 12 -14 -15
leaf_value=0.0012902378787054518 9.1020566407381154e-05 -0.0006724224597145776 0.00036901182380238295 -0.0027444950084652168 -0.0018597812628517564 0.00023680292652678253 -0.00030429280608838192 0.0037962289561828291 0.011233127707788506 0.0022188724608840573 0.0052618000188837666 -0.00056246984369670084 -0.0085001987308063673 -1.656841598164961e-06
leaf_weight=296 2023 856 3051 85 275 933 8568 60 74 296 207 839 71 87
leaf_count=296 2023 856 3051 85 275 933 8568 60 74 296 207 839 71 87
internal_value=-5.58659e-05 -0.000375238 -0.000649412 0.00211991 -0.00464191 0.00334418 -0.00026078 0.00121008 0.0021 0.00133247 0.00843416 -0.00117526 -0.00204396 -0.00662791
internal_weight=17721 14151 12750 1401 1131 1229 11619 3570 2600 2319 281 970 910 172
internal_count=17721 14151 12750 1401 1131 1229 11619 3570 2600 2319 281 970 910 172
is_linear=0
shrinkage=0.03


Tree=128
num_leaves=12
num_cat=0
split_feature=36 15 36 36 34 18 36 5 16 37 25
split_gain=7.7259 11.5704 10.5781 21.3646 15.3856 13.2887 9.93683 9.09378 6.35627 5.2327 2.19968
threshold=0.014050519093871118 58.500000000000007 0.012477901764214041 0.012025096453726293 0.029375399462878708 69.905002593994155 0.011065258178859951 0.78999999165534984 1.1783500313758852 0.68403115868568432 0.5767168700695039
decision_type=2 2 2 2 2 2 2 2 2 2 2
left_child=2 -2 3 6 7 -5 -1 -4 -6 10 -3
right_child=1 9 4 5 8 -7 -8 -9 -10 -11 -12
leaf_value=-3.7618276765960103e-05 0.001123469733870436 -0.0013951519837130904 -0.00046960416909943626 -0.0018757181490954115 0.0033889746282026725 -0.0049929970295414048 0.0010838311090020647 0.0014539995282194754 0.0013170583487299207 -0.0043660959213019657 -0.00053865503023549019
leaf_weight=14669 61 50 347 379 65 117 1292 551 84 50 56
leaf_count=14669 61 50 347 379 65 117 1292 551 84 50 56
internal_value=-4.23227e-05 -0.0056682 2.74223e-05 -0.000158595 0.00295129 -0.00629032 3.19529e-05 0.00146993 0.0118792 -0.01 -0.00622642
internal_weight=17721 217 17504 16457 1047 496 15961 898 149 156 106
internal_count=17721 217 17504 16457 1047 496 15961 898 149 156 106
is_linear=0
shrinkage=0.03


Tree=129
num_leaves=13
num_cat=0
split_feature=0 15 7 37 2 30 35 16 16 3 35 3
split_gain=7.74694 12.4187 23.7369 17.4109 14.6035 13.2587 10.064 8.27497 6.62944 8.17484 5.86997 5.49788
threshold=1.5000000000000002 64.500000000000014 0.9407142996788026 0.3601487278938294 0.17500000447034839 0.072953157126903548 1.0132819116115572 1.1290000081062319 1.7731500267982485 0.68999999761581432 0.34140628576278692 1.7300000190734866
decision_type=2 2 2 2 2 2 2 2 2 2 2 2
left_child=7 2 4 10 -2 -5 -4 -1 11 -10 -3 -9
right_child=1 3 6 5 -6 -7 -8 8 9 -11 -12 -13
leaf_value=-0.0028571576589931694 -0.0013029200422384668 0.0017509594825247212 0.0016619420006346096 0.00011474793553244747 2.1457450416011513e-05 -0.0010851202655435012 0.00029662802317196923 -0.00018455087884762164 -0.00059001348995220751 0.0044135322102283759 0.00020818853978851236 -0.0023574893959482641
leaf_weight=92 454 185 2424 1899 6320 2679 975 1879 63 66 300 385
leaf_count=92 454 185 2424 1899 6320 2679 975 1879 63 66 300 385
internal_value=-5.24801e-05 0.00020084 0.000805072 -0.00101323 -0.000221435 -0.00158585 0.00285084 -0.00160563 -0.00126619 0.00534884 0.00439175 -0.00164311
internal_weight=17721 15236 10173 5063 6774 4578 3399 2485 2393 129 485 2264
internal_count=17721 15236 10173 5063 6774 4578 3399 2485 2393 129 485 2264
is_linear=0
shrinkage=0.03


Tree=130
num_leaves=13
num_cat=0
split_feature=19 15 3 0 7 35 35 33 16 16 0 37
split_gain=7.51438 9.74984 11.2569 8.80213 11.4526 20.0842 17.3969 7.901 7.11712 5.75628 5.17713 6.78629
threshold=1.7800000309944155 64.500000000000014 0.3900000005960465 1.5000000000000002 0.71285715699195873 0.33800113201141363 0.5056690275669099 0.42751051485538488 1.1290000081062319 1.7731500267982485 4.5000000000000009 0.74081921577453624
decision_type=2 2 2 2 2 2 2 2 2 2 2 2
left_child=3 2 -2 8 6 -6 -5 -4 -1 -10 -3 -12
right_child=1 10 7 4 5 -7 -8 -9 9 -11 11 -13
leaf_value=-0.0027714429292233743 0.0030194307455939165 -0.0059237692204754128 -0.002239634270396018 4.8162568270052519e-05 -0.0037386623450678062 0.00061331053555096864 -0.0010620722246616413 -0.00016718566110229225 -0.00037710323428376985 0.0015122264409858218 0.0003885216348021501 -0.004709816979319905
leaf_weight=92 56 51 59 5902 68 7030 1678 335 2179 129 63 79
leaf_count=92 56 51 59 5902 68 7030 1678 335 2179 129 63 79
internal_value=-3.5551e-05 -0.00321928 -0.0008 8.4319e-05 0.000359722 0.0012257 -0.000451187 -0.00258883 -0.0016 -0.00127383 -0.0088601 -0.00591549
internal_weight=17721 643 450 17078 14678 7098 7580 394 2400 2308 193 142
internal_count=17721 643 450 17078 14678 7098 7580 394 2400 2308 193 142
is_linear=0
shrinkage=0.03


Tree=131
num_leaves=12
num_cat=0
split_feature=12 35 7 3 9 36 18 34 34 17 36
split_gain=7.50083 8.74469 16.1848 15.2386 19.6354 12.9925 10.6136 8.06375 9.92403 13.1137 9.93319
threshold=0.51785713434219371 0.43939040601253515 0.39857143163681036 2.7500000000000004 0.59714284539222728 0.012477901764214041 67.590000152587905 0.00075106014264747511 0.0037851262604817752 23.604999542236332 0.0034760257694870238
decision_type=2 2 2 2 2 2 2 2 2 2 2
left_child=1 3 6 4 -1 -4 -3 -2 9 -9 -10
right_child=7 2 5 -5 -6 -7 -8 8 10 -11 -12
leaf_value=-1.5581920136064566e-05 -0.0010918136225482201 -0.0027765030343909077 -0.00037642833721800406 -0.0029536805190412086 0.0012225010690412651 0.00090939536510004353 -0.00071009141017659542 0.0015780395773426137 -0.0010843841696557745 0.0056456603090084745 0.00051653586823186763
leaf_weight=4059 57 127 7650 61 1014 957 283 395 313 74 2731
leaf_count=4059 57 127 7650 61 1014 957 283 395 313 74 2731
internal_value=-3.5551e-05 -0.000345559 -0.000908284 0.000642774 0.000821999 -0.000630882 -0.00673171 0.00119328 0.00137489 0.0054371 0.000749014
internal_weight=17721 14151 9017 5134 5073 8607 410 3570 3513 469 3044
internal_count=17721 14151 9017 5134 5073 8607 410 3570 3513 469 3044
is_linear=0
shrinkage=0.03


Tree=132
num_leaves=13
num_cat=0
split_feature=0 15 7 37 30 2 35 16 33 36 37 32
split_gain=8.37605 11.7006 21.6022 17.8286 12.9722 12.7378 9.3856 7.01406 5.94657 12.2381 11.4806 5.42241
threshold=1.5000000000000002 64.500000000000014 0.9407142996788026 0.3601487278938294 0.072953157126903548 0.17500000447034839 1.0132819116115572 1.1290000081062319 0.42751051485538488 0.0066998905967921027 0.42085364460945135 0.036576900631189353
decision_type=2 2 2 2 2 2 2 2 2 2 2 2
left_child=7 2 5 11 -5 -2 -4 -1 9 -9 -10 -3
right_child=1 3 6 4 -6 -7 -8 8 10 -11 -12 -13
leaf_value=-0.0026383480085027853 -0.0013317249338705847 0.00023744434506673117 0.0015882531034203968 0.00011032807802245447 -0.0010548047674114097 2.748402690523121e-05 0.00028062271652682101 -0.0012093742583430941 0.0009121246568985354 0.0017004370138036249 -0.00036765341228674664 0.0012184771738025925
leaf_weight=92 454 250 2424 1899 2679 6320 975 496 273 70 1554 235
leaf_count=92 454 250 2424 1899 2679 6320 975 496 273 70 1554 235
internal_value=-3.89369e-05 0.000224468 0.00081097 -0.00095398 -0.00153342 -0.000168291 0.00276258 -0.00165392 -0.00134141 -0.00402827 -0.000509031 0.00451546
internal_weight=17721 15236 10173 5063 4578 6774 3399 2485 2393 566 1827 485
internal_count=17721 15236 10173 5063 4578 6774 3399 2485 2393 566 1827 485
is_linear=0
shrinkage=0.03


Tree=133
num_leaves=13
num_cat=0
split_feature=3 35 26 32 8 36 35 35 13 33 20 16
split_gain=7.51511 16.42 16.4556 14.8027 21.8635 13.4483 12.1194 13.5026 24.5723 18.2041 10.1082 9.42163
threshold=1.0199999809265139 0.49351923167705541 0.040196631103754051 0.032184419222176082 0.34321428835392004 0.0066239710431545981 0.33800113201141363 0.97562995553016674 -0.60785761475563038 0.73661348223686229 0.68649998307228099 1.129350006580353
decision_type=2 2 2 2 2 2 2 2 2 2 2 2
left_child=1 2 11 4 -3 -4 -2 9 -9 -8 -5 -1
right_child=6 3 5 10 -6 -7 7 8 -10 -11 -12 -13
leaf_value=0.0018299405657801471 -0.0024617295683046479 -0.0038901870885362558 -0.00027092544039908931 -0.0018082407365687669 0.00043359218528681302 0.00086063138372876051 0.00024707106139339343 -0.0072989218843511859 0.00059354197291371167 0.0024729169816774194 -0.0006837145084502528 0.0003081519546767509
leaf_weight=228 71 55 4209 274 1470 859 2519 449 1271 1066 2837 2413
leaf_count=228 71 55 4209 274 1470 859 2519 449 1271 1066 2837 2413
internal_value=-3.21652e-05 -0.000439854 0.000408613 -0.00185073 0.000570492 -0.000591949 0.000904018 0.0010688 -0.00111628 0.00211715 -0.00303761 0.00232866
internal_weight=17721 12345 7709 4636 1525 5068 5376 5305 1720 3585 3111 2641
internal_count=17721 12345 7709 4636 1525 5068 5376 5305 1720 3585 3111 2641
is_linear=0
shrinkage=0.03


Tree=134
num_leaves=13
num_cat=0
split_feature=14 15 32 34 31 12 10 37 8 10 20 36
split_gain=7.47758 12.388 17.7047 12.3806 10.2762 10.0209 9.66649 7.4266 9.90066 17.2626 10.8016 6.07766
threshold=0.81174489855766307 66.500000000000014 0.022409791126847271 0.012857499066740276 0.77976381778717052 0.48214285075664526 0.76993602514266979 0.17457573115825656 0.35035714507102972 0.18481350690126422 0.58550000190734874 0.006333850324153901
decision_type=2 2 2 2 2 2 2 2 2 2 2 2
left_child=7 2 11 4 -3 -4 -5 -1 9 -9 -10 -2
right_child=1 3 5 6 -6 -7 -8 8 10 -11 -12 -13
leaf_value=0.0015877394182715551 -3.4377337049328185e-05 0.00093058141661705909 0.001500368868359797 -0.00064044383906462679 -0.0029091821815129025 0.0045465970821152255 -0.0064495450806991645 9.063779070869388e-05 0.0076995472255334697 -0.0022723567879541339 -4.6213948829925687e-05 -0.0027207548818927669
leaf_weight=63 195 619 634 555 113 212 60 360 105 298 14446 61
leaf_count=63 195 619 634 555 113 212 60 360 105 298 14446 61
internal_value=-3.21652e-05 0.00150674 0.0038657 -0.000423163 0.00221311 0.00595745 -0.00356098 -0.000278942 -0.00032152 -0.00392097 -0.000158752 -0.00304688
internal_weight=17721 2449 1102 1347 732 846 615 15272 15209 658 14551 256
internal_count=17721 2449 1102 1347 732 846 615 15272 15209 658 14551 256
is_linear=0
shrinkage=0.03


Tree=135
num_leaves=13
num_cat=0
split_feature=0 15 7 37 2 2 6 16 3 18 18 35
split_gain=7.37121 11.0827 19.6942 16.1784 12.4197 12.0988 10.0883 7.18173 6.06126 9.62762 9.06832 5.32296
threshold=1.5000000000000002 64.500000000000014 0.9407142996788026 0.3601487278938294 6.6499998569488534 0.17500000447034839 1.0000000180025095e-35 1.1290000081062319 1.7300000190734866 72.215000152587905 73.639999389648452 0.34140628576278692
decision_type=2 2 2 2 2 2 2 2 2 2 2 2
left_child=7 2 5 11 -5 -2 -4 -1 10 -10 -9 -3
right_child=1 3 6 4 -6 -7 -8 8 9 -11 -12 -13
leaf_value=-0.0025748132140686725 -0.0012256204840578363 0.0016704131450677524 0.000814236885754437 -0.0004675516306958975 -0.021405834508763124 2.5298901094676446e-05 0.0022433743725462007 7.5042165890495946e-06 -0.0034086536845328009 0.0020685897638670525 -0.0023885019059164563 0.00017555299680139665
leaf_weight=92 454 185 2190 4507 71 6320 1209 1839 341 65 148 300
leaf_count=92 454 185 2190 4507 71 6320 1209 1839 341 65 148 300
internal_value=-4.23227e-05 0.000204778 0.000775582 -0.000942129 -0.0014941 -0.000159433 0.00263901 -0.00155734 -0.00124112 -0.00458128 -0.000558631 0.00426804
internal_weight=17721 15236 10173 5063 4578 6774 3399 2485 2393 406 1987 485
internal_count=17721 15236 10173 5063 4578 6774 3399 2485 2393 406 1987 485
is_linear=0
shrinkage=0.03


Tree=136
num_leaves=15
num_cat=0
split_feature=14 20 32 28 15 36 15 36 15 36 5 36 37 17
split_gain=7.45246 13.9366 8.87334 14.73 14.4503 6.49695 12.1571 10.05 12.9894 10.9974 5.70484 6.56076 2.41791 2.23706
threshold=0.81174489855766307 0.83449998497962963 0.022409791126847271 0.13970532640814784 66.500000000000014 0.014050519093871118 58.500000000000007 0.012477901764214041 56.500000000000007 0.012025096453726293 1.6500000357627871 0.011379781179130079 0.63245892524719249 23.045000076293949
decision_type=2 2 2 2 2 2 2 2 2 2 2 2 2 2
left_child=5 10 3 -3 -4 7 -7 9 -9 -1 11 -2 -8 -12
right_child=1 2 4 -5 -6 6 12 8 -10 -11 13 -13 -14 -15
leaf_value=-4.2927489145995671e-05 -0.00064432159608936623 -0.002168013411604941 0.0026163903528861046 0.00078225809211425869 0.00017682792015758807 0.0011477523768506548 -0.00099355783401807005 -0.0016147504122476072 0.0014074995846316222 -0.0024301330342343989 -0.0046760118593697419 0.0038578801244964368 -0.0041545086347191292 -0.0031012577824438689
leaf_weight=13732 347 199 689 269 777 61 67 174 731 440 54 62 67 52
leaf_count=13732 347 199 689 269 777 61 67 174 731 440 54 62 67 52
internal_value=-5.07872e-06 0.00153124 0.00269907 -0.000897436 0.0038472 -0.000251441 -0.00569231 -0.000181071 0.00288398 -0.000376799 -0.00285437 -0.00124694 -0.0107463 -0.0090566
internal_weight=17721 2449 1934 468 1466 15272 195 15077 905 14172 515 409 134 106
internal_count=17721 2449 1934 468 1466 15272 195 15077 905 14172 515 409 134 106
is_linear=0
shrinkage=0.03


Tree=137
num_leaves=16
num_cat=0
split_feature=14 20 9 15 10 8 9 33 36 37 9 31 11 1 18
split_gain=7.62545 14.0927 8.43839 15.6925 11.145 6.50922 17.7285 13.0197 11.9097 11.7165 8.85994 7.84826 5.75817 6.57898 4.7852
threshold=0.81174489855766307 0.83449998497962963 1.4580357074737551 66.500000000000014 0.55422946810722362 0.40749999880790716 0.48160715401172643 0.35279914736747747 0.0016648048185743394 0.23854189366102221 0.52214285731315624 0.51733684539794933 0.35714286565780645 0.48999999463558203 67.31000137329103
decision_type=2 2 2 2 2 2 2 2 2 2 2 2 2 2 2
left_child=5 12 4 -4 -3 6 9 10 -9 -1 -7 -8 14 -14 -2
right_child=1 2 3 -5 -6 7 11 8 -10 -11 -12 -13 13 -15 -16
leaf_value=0.001478523539100501 -0.0040970350898477306 0.00060044551397546865 0.0084270051995838733 0.0010444669519483422 -0.0028908361490069564 0.00020654809645065739 -0.002450332433168478 -0.0010382977355079988 -1.0820407013498177e-06 -0.00028194582289848392 0.0029600174647949908 -0.00048106886214219566 0.0032369755314269927 -0.00062499194820668524 -0.0010705737538015123
leaf_weight=210 56 1555 127 163 89 431 149 846 12225 1121 220 70 62 213 184
leaf_count=210 56 1555 127 163 89 431 149 846 12225 1121 220 70 62 213 184
internal_value=1.69291e-06 0.00155574 0.00273009 0.00744828 0.00189781 -0.000247512 -0.00209032 -3.93529e-05 -0.000245582 -0.000788881 0.00410138 -0.01 -0.00285437 0.000109091 -0.00625
internal_weight=17721 2449 1934 290 1644 15272 1550 13722 13071 1331 651 219 515 275 240
internal_count=17721 2449 1934 290 1644 15272 1550 13722 13071 1331 651 219 515 275 240
is_linear=0
shrinkage=0.03


Tree=138
num_leaves=12
num_cat=0
split_feature=36 15 36 36 34 18 36 5 17 37 8
split_gain=7.12734 11 9.41083 18.5258 14.4087 14.0138 9.52368 8.77715 6.59463 5.74794 2.30334
threshold=0.014050519093871118 58.500000000000007 0.012477901764214041 0.012025096453726293 0.029375399462878708 69.665000915527358 0.011157446075230839 0.78999999165534984 22.875000000000004 0.68403115868568432 0.44321428239345556
decision_type=2 2 2 2 2 2 2 2 2 2 2
left_child=2 -2 3 6 7 -5 -1 -4 -6 10 -3
right_child=1 9 4 5 8 -7 -8 -9 -10 -11 -12
leaf_value=-2.1582227735256286e-05 0.0011133522667661751 -0.0012200236605846263 -0.00042648740325576073 -0.00082701990810018068 0.0035541712367923844 -0.0041793082167098337 0.0013573071737974685 0.0013438029460424508 0.00094831870975076616 -0.0040660459290534487 -0.00044266090136048527
leaf_weight=14832 61 54 347 276 64 220 1129 551 85 50 52
leaf_count=14832 61 54 347 276 64 220 1129 551 85 50 52
internal_value=1.18503e-05 -0.00539171 7.88391e-05 -9.66154e-05 0.00283668 -0.00580645 8.0822e-05 0.00140312 0.0114765 -0.00961538 -0.00566038
internal_weight=17721 217 17504 16457 1047 496 15961 898 149 156 106
internal_count=17721 217 17504 16457 1047 496 15961 898 149 156 106
is_linear=0
shrinkage=0.03


Tree=139
num_leaves=16
num_cat=0
split_feature=26 35 27 7 37 7 17 34 20 3 35 31 34 1 33
split_gain=7.27318 13.7669 11.5676 14.6698 13.3538 12.9281 16.8153 14.1741 12.6098 9.3992 8.1999 7.26294 6.90751 5.93271 5.87964
threshold=0.034657223150134094 0.49226060509681707 0.56038483977317821 0.32928572595119482 0.41815309226512914 0.31642857193946844 22.575000762939457 0.0033973947865888481 0.85050001740455639 0.3900000005960465 0.48226188123226171 0.88245674967765819 0.0077220916282385596 0.68999999761581432 0.49532216787338262
decision_type=2 2 2 2 2 2 2 2 2 2 2 2 2 2 2
left_child=1 10 5 4 -4 6 -2 -7 -5 13 12 -11 -1 -3 -12
right_child=2 9 3 8 -6 7 -8 -9 -10 11 14 -13 -14 -15 -16
leaf_value=0.00042844063869594415 0.0033612320365532145 -0.0022521618379313202 -0.00034672917163217526 -0.0003510986281333293 -0.002935370177388665 -0.0018468325628253662 -0.0001671343934951506 -0.00015981891783460145 0.00055870917530011319 -0.00056307519305181044 0.00080752425241340789 -0.0028923557624965018 -0.0003233540000159944 -0.0004465762735234359 0.0037148502968258018
leaf_weight=535 126 104 353 2164 104 533 176 3394 7497 1810 98 279 436 60 52
leaf_count=535 126 104 353 2164 104 533 176 3394 7497 1810 98 279 436 60 52
internal_value=8.46453e-06 -0.00124481 0.000303199 0.000853924 -0.00439825 -0.00101442 0.00496689 -0.00147441 0.00110237 -0.00259654 0.0014719 -0.00205361 0.00046344 -0.0095122 0.008
internal_weight=17721 3374 14347 10118 457 4229 302 3927 9661 2253 1121 2089 971 164 150
internal_count=17721 3374 14347 10118 457 4229 302 3927 9661 2253 1121 2089 971 164 150
is_linear=0
shrinkage=0.03


Tree=140
num_leaves=15
num_cat=0
split_feature=15 36 36 34 36 9 37 35 8 20 20 36 37 8
split_gain=6.85953 13.4068 14.8757 19.6153 12.5636 9.5273 10.2027 8.44083 7.71647 7.36572 6.92972 6.92258 3.49804 3.08108
threshold=57.500000000000007 0.014050519093871118 0.012477901764214041 0.029375399462878708 0.012025096453726293 0.50374999642372142 0.32136431336402899 0.41871313750743872 0.46357142925262457 0.93705347180366527 0.85850000381469738 0.0025188985746353869 0.68403115868568432 0.44321428239345556
decision_type=2 2 2 2 2 2 2 2 2 2 2 2 2 2
left_child=5 2 4 -4 -2 6 8 11 -1 -8 -9 -7 13 -3
right_child=1 12 3 -5 -6 7 9 10 -10 -11 -12 -13 -14 -15
leaf_value=0.0005138482459061467 7.6269950504654908e-05 -0.0008574846994294441 0.00084196810424619524 0.0029714497521314866 -0.0023144918044404844 -0.0014544732998216447 -0.00057191383254864695 -0.0014762331808768781 -0.0013429635461150637 -0.0019374418001400068 5.2802429934314162e-06 0.0012423002735499726 -0.0036412422744117401 -0.00012176395584417312
leaf_weight=286 12429 57 677 109 382 60 273 678 77 318 1872 395 54 54
leaf_count=286 12429 57 677 109 382 60 273 678 77 318 1872 395 54 54
internal_value=1.69291e-06 0.000318268 0.000421416 0.00442748 0.00017563 -0.00109876 -0.00371069 -0.000269551 0.000247934 -0.00614213 -0.000941176 0.00349451 -0.00818182 -0.00513514
internal_weight=17721 13762 13597 786 12811 3959 954 3005 363 591 2550 455 165 111
internal_count=17721 13762 13597 786 12811 3959 954 3005 363 591 2550 455 165 111
is_linear=0
shrinkage=0.03


Tree=141
num_leaves=8
num_cat=0
split_feature=4 37 1 36 16 37 5
split_gain=6.81671 10.2608 10.1189 8.05935 7.93218 7.73717 6.99734
threshold=7.5499999523162851 5.0703568458557138 4.4500000476837167 0.0093353795818984526 1.5207499861717226 2.4970508813858037 4.4500000476837167
decision_type=2 2 2 2 2 2 2
left_child=1 2 5 4 -3 -1 -4
right_child=-2 3 6 -5 -6 -7 -8
leaf_value=2.5400178642940099e-05 0.025592213349558537 -0.018701951749828305 0.0024279253460343288 0.0014679933788050541 -0.0022253197685035901 -0.0014989958041058617 0.013050177201430211
leaf_weight=16390 53 101 112 69 56 862 78
leaf_count=16390 53 101 112 69 56 862 78
internal_value=1.18503e-05 -2.03758e-05 6.19195e-05 -0.00637168 -0.0101274 -1.39114e-05 0.00694737
internal_weight=17721 17668 17442 226 157 17252 190
internal_count=17721 17668 17442 226 157 17252 190
is_linear=0
shrinkage=0.03


Tree=142
num_leaves=14
num_cat=0
split_feature=12 0 30 31 5 36 37 10 29 4 20 36 35
split_gain=6.93027 14.4851 11.4036 10.736 10.6163 9.47264 8.80662 8.47872 12.7111 11.3855 10.9204 16.5265 9.75113
threshold=0.62500000000000011 5.5000000000000009 0.19562269747257235 0.77976381778717052 4.3500001430511483 0.0072096353396773347 3.2699351310729985 1.244647800922394 0.80555438995361339 2.3500000238418584 0.79450002312660228 0.0093353795818984526 0.90027335286140453
decision_type=2 2 2 2 2 2 2 2 2 2 2 2 2
left_child=7 2 4 5 -2 -3 -4 8 9 -1 -9 -12 -10
right_child=1 3 6 -5 -6 -7 -8 10 12 -11 11 -13 -14
leaf_value=-8.1130269140755937e-05 0.00047027606440951168 0.0037630508352329132 -0.00052727247012166151 -0.00094339468693146024 0.020372096426713043 -0.0017258187465740169 -0.010202805211216215 0.010458002361057933 0.0013248799827100806 0.002146052784700014 -0.0062801823230541794 0.0014216848580287419 0.0088176300872938145
leaf_weight=14452 878 287 196 79 60 67 88 52 172 841 330 164 55
leaf_count=14452 878 287 196 79 60 67 88 52 172 841 330 164 55
internal_value=1.8622e-05 0.00186707 0.000196399 0.00658199 0.00179104 0.00881356 -0.00507042 -0.000171791 -4.25258e-05 -0.000147126 -0.00384615 -0.00522267 0.00700441
internal_weight=17721 1655 1222 433 938 354 284 16066 15520 15293 546 494 227
internal_count=17721 1655 1222 433 938 354 284 16066 15520 15293 546 494 227
is_linear=0
shrinkage=0.03


Tree=143
num_leaves=15
num_cat=0
split_feature=3 35 26 32 8 36 37 4 35 13 7 20 16 1
split_gain=6.94454 13.7881 16.2005 13.5759 14.9894 12.9048 11.1036 25.8576 12.2801 11.7482 10.458 9.3637 8.66043 7.9961
threshold=1.0199999809265139 0.49351923167705541 0.040196631103754051 0.032184419222176082 0.34321428835392004 0.0066239710431545981 2.4970508813858037 2.5499999523162846 0.33800113201141363 -0.60785761475563038 2.6357142925262456 0.68649998307228099 1.129350006580353 3.0499999523162846
decision_type=2 2 2 2 2 2 2 2 2 2 2 2 2 2
left_child=1 2 12 4 -3 -4 8 13 -2 -9 -10 -5 -1 -8
right_child=6 3 5 11 -6 -7 7 9 10 -11 -12 -13 -14 -15
leaf_value=0.0017985994587597677 -0.0023336210479971069 -0.0036849090846123055 -0.00029828998310248655 -0.0015815833149658602 0.00036331585522219809 0.00079564794080934863 -0.010689728365585875 -0.0049641795602423386 0.0005755781279115482 0.0021324905076745442 0.0042980729654539763 -0.00066087756202223196 0.00029919567686291195 -0.00028427349568860006
leaf_weight=228 69 55 4209 274 1470 859 217 292 3852 709 170 2837 2413 67
leaf_count=228 69 55 4209 274 1470 859 217 292 3852 709 170 2837 2413 67
internal_value=1.52362e-05 -0.000376671 0.00040083 -0.00166954 0.00064918 -0.000591949 0.000915179 -0.00151751 0.0016793 0.000749251 0.00189458 -0.00280617 0.00230594 -0.00950704
internal_weight=17721 12345 7709 4636 1525 5068 5376 1285 4091 1001 4022 3111 2641 284
internal_count=17721 12345 7709 4636 1525 5068 5376 1285 4091 1001 4022 3111 2641 284
is_linear=0
shrinkage=0.03


Tree=144
num_leaves=12
num_cat=0
split_feature=37 8 9 33 9 36 31 17 25 17 3
split_gain=6.99262 12.1519 15.5167 9.98622 16.6449 11.0818 9.77505 9.09888 7.18124 5.92214 5.68266
threshold=0.26832713186740881 0.43464285135269171 0.48160715401172643 0.37646961212158209 0.52892857789993297 0.0016648048185743394 0.48338384926319128 22.575000762939457 0.54366037249565136 22.020000457763675 0.29000000655651098
decision_type=2 2 2 2 2 2 2 2 2 2 2
left_child=8 2 7 4 -3 -5 -4 -2 -1 -10 -11
right_child=1 3 6 5 -6 -7 -8 -9 9 10 -12
leaf_value=0.0010318116324295201 0.00040542662587046425 1.1673944065529861e-05 -0.0023761752709755037 -0.00091763636994228969 0.0027500122841124562 4.9541883223090522e-05 -0.0007023935208706713 -0.00054203159080605968 0.0025167189842116217 0.00097765079226819879 -0.00021644289956325016
leaf_weight=81 504 472 143 862 303 13583 214 1010 62 146 341
leaf_count=81 504 472 143 862 303 13583 214 1010 62 146 341
internal_value=3.89369e-05 -7.54783e-05 -0.00235703 0.000204993 0.00352258 2.6999e-05 -0.00798319 -0.00103038 0.00314286 0.00191257 0.000800821
internal_weight=17721 17091 1871 15220 775 14445 357 1514 630 549 487
internal_count=17721 17091 1871 15220 775 14445 357 1514 630 549 487
is_linear=0
shrinkage=0.03


Tree=145
num_leaves=14
num_cat=0
split_feature=14 20 10 9 17 3 11 2 1 29 5 37 2
split_gain=7.03155 11.4215 17.4229 13.0484 15.9939 9.03315 6.52972 11.8733 12.7468 7.10311 13.0166 6.76587 6.21017
threshold=0.81174489855766307 0.96650001406669628 0.87849771976470958 1.4580357074737551 22.994999885559086 0.23500000685453418 0.92857143282890331 1.4950000047683718 0.78999999165534984 0.80555438995361339 2.6499999761581425 0.32136431336402899 0.5900000035762788
decision_type=2 2 2 2 2 2 2 2 2 2 2 2 2
left_child=6 2 12 5 -5 -3 9 8 -8 11 -11 -1 -2
right_child=1 3 -4 4 -6 -7 7 -9 -10 10 -12 -13 -14
leaf_value=0.00028337169213532684 -0.00060761624184692969 0.0020786918043073635 -0.0055380239538339012 0.0028177802847072584 0.010199457443968277 0.00022692537693903793 0.0020922487727079459 0.011407640633480426 -0.0023370425916688026 0.00172359559560313 -0.010901743188507559 -0.00017760139366285621 0.00055744915469081973
leaf_weight=1192 346 114 80 147 95 1015 104 58 69 486 58 13305 652
leaf_count=1192 346 114 80 147 95 1015 104 58 69 486 58 13305 652
internal_value=3.89369e-05 0.00153124 -0.000779221 0.00334792 0.00966942 0.00199291 -0.000200367 0.00480519 0.000867052 -0.000277242 0.00308824 -0.000403532 0.000300601
internal_weight=17721 2449 1078 1371 242 1129 15272 231 173 15041 544 14497 998
internal_count=17721 2449 1078 1371 242 1129 15272 231 173 15041 544 14497 998
is_linear=0
shrinkage=0.03


Tree=146
num_leaves=5
num_cat=0
split_feature=4 2 10 3
split_gain=6.79095 9.7145 8.245 9.26052
threshold=7.5499999523162851 7.4500000476837167 3.6207566261291508 1.1749999523162844
decision_type=2 2 2 2
left_child=1 2 3 -1
right_child=-2 -3 -4 -5
leaf_value=-7.0519965961395284e-05 0.024303865233283452 -0.016737966990421165 -0.011415558622934701 0.0005288432205932381
leaf_weight=13037 53 87 65 4479
leaf_count=13037 53 87 65 4479
internal_value=3.21652e-05 0 4.94852e-05 8.90614e-05
internal_weight=17721 17668 17581 17516
internal_count=17721 17668 17581 17516
is_linear=0
shrinkage=0.03


Tree=147
num_leaves=5
num_cat=0
split_feature=4 2 10 3
split_gain=6.79953 9.70131 8.23445 8.94935
threshold=7.5499999523162851 7.4500000476837167 3.6207566261291508 1.1749999523162844
decision_type=2 2 2 2
left_child=1 2 3 -1
right_child=-2 -3 -4 -5
leaf_value=-6.84043669825534e-05 0.023574749276284952 -0.01623582798070853 -0.011073091864246659 0.00051297792397544083
leaf_weight=13037 53 87 65 4479
leaf_count=13037 53 87 65 4479
internal_value=2.53936e-05 -6.79194e-06 4.26597e-05 8.22106e-05
internal_weight=17721 17668 17581 17516
internal_count=17721 17668 17581 17516
is_linear=0
shrinkage=0.03


Tree=148
num_leaves=16
num_cat=0
split_feature=15 15 29 20 37 19 18 10 9 9 35 36 3 37 36
split_gain=6.86155 14.3108 19.9186 23.5016 15.7261 15.7567 14.3289 9.42286 8.84351 11.0711 7.9815 7.63797 10.1831 9.04355 7.30603
threshold=57.500000000000007 60.500000000000007 0.58337071537971508 0.78150001168251049 0.3601487278938294 1.7800000309944155 69.68500137329103 0.32501055300235754 0.50374999642372142 0.41803571581840521 0.3443859070539475 0.0085816080681979674 3.3500000238418584 0.40112881362438207 0.001195731165353209
decision_type=2 2 2 2 2 2 2 2 2 2 2 2 2 2 2
left_child=8 2 6 -4 7 -6 -2 -3 9 14 -11 12 -10 -13 -1
right_child=1 4 3 -5 5 -7 -8 -9 11 10 -12 13 -14 -15 -16
leaf_value=0.0020914874556444635 -0.0011743230357475361 0.00051548141106645272 -0.0013040822870287823 0.0019245849710787552 -0.00010488111169345185 -0.0020893264124200775 0.00047926140407069013 -0.0018313633897558386 0.00015789389531609303 -0.0022307082288084978 -0.00092925229395301307 0.0012057368130540321 0.0084525466488328798 -0.0014529040168044299 -0.00017287932818370821
leaf_weight=60 596 1185 368 1671 8493 344 1003 102 1736 74 501 89 68 1112 319
leaf_count=60 596 1185 368 1671 8493 344 1003 102 1736 74 501 89 68 1112 319
internal_value=3.21652e-05 0.000348787 0.00196262 0.0039284 -0.000231134 -0.000682358 -0.00054409 0.00286713 -0.00106845 -0.00358491 -0.0062087 -0.000269551 0.000964523 -0.00212323 0.000395778
internal_weight=17721 13762 3638 2039 10124 8837 1599 1287 3959 954 575 3005 1804 1201 379
internal_count=17721 13762 3638 2039 10124 8837 1599 1287 3959 954 575 3005 1804 1201 379
is_linear=0
shrinkage=0.03


Tree=149
num_leaves=6
num_cat=0
split_feature=4 2 3 35 35
split_gain=6.81241 8.39009 6.86905 12.0579 9.08368
threshold=7.5499999523162851 7.4500000476837167 1.0199999809265139 0.49351923167705541 0.33800113201141363
decision_type=2 2 2 2 2
left_child=1 2 3 -1 -4
right_child=-2 -3 4 -5 -6
leaf_value=7.5627008579364703e-05 0.022870653231347206 -0.015806490690419634 -0.0022379332112907519 -0.00051791825558252424 0.00047472012585758199
leaf_weight=7709 53 87 71 4634 5167
leaf_count=7709 53 87 71 4634 5167
internal_value=1.52362e-05 -1.69799e-05 2.90086e-05 -0.000357288 0.00093929
internal_weight=17721 17668 17581 12343 5238
internal_count=17721 17668 17581 12343 5238
is_linear=0
shrinkage=0.03


end of trees

feature_importances:
Column_35=136
Column_37=131
Column_36=126
Column_20=108
Column_15=101
Column_34=85
Column_10=77
Column_33=72
Column_2=70
Column_3=67
Column_7=67
Column_26=52
Column_9=49
Column_17=47
Column_1=45
Column_8=45
Column_4=44
Column_13=41
Column_31=40
Column_11=38
Column_5=33
Column_0=32
Column_30=32
Column_19=28
Column_18=26
Column_32=26
Column_12=25
Column_16=25
Column_25=19
Column_27=19
Column_14=18
Column_29=14
Column_28=11
Column_6=5

parameters:
[boosting: gbdt]
[objective: regression_l1]
[metric: l1]
[tree_learner: serial]
[device_type: cpu]
[data_sample_strategy: bagging]
[data: ]
[valid: ]
[num_iterations: 150]
[learning_rate: 0.03]
[num_leaves: 16]
[num_threads: 4]
[seed: 20260910]
[deterministic: 1]
[force_col_wise: 1]
[force_row_wise: 0]
[histogram_pool_size: -1]
[max_depth: 4]
[min_data_in_leaf: 50]
[min_sum_hessian_in_leaf: 0.001]
[bagging_fraction: 1]
[pos_bagging_fraction: 1]
[neg_bagging_fraction: 1]
[bagging_freq: 0]
[bagging_seed: 11424]
[bagging_by_query: 0]
[feature_fraction: 1]
[feature_fraction_bynode: 1]
[feature_fraction_seed: 17335]
[extra_trees: 0]
[extra_seed: 1225]
[early_stopping_round: 0]
[early_stopping_min_delta: 0]
[first_metric_only: 0]
[max_delta_step: 0]
[lambda_l1: 0]
[lambda_l2: 0]
[linear_lambda: 0]
[min_gain_to_split: 0]
[drop_rate: 0.1]
[max_drop: 50]
[skip_drop: 0.5]
[xgboost_dart_mode: 0]
[uniform_drop: 0]
[drop_seed: 7987]
[top_rate: 0.2]
[other_rate: 0.1]
[min_data_per_group: 100]
[max_cat_threshold: 32]
[cat_l2: 10]
[cat_smooth: 10]
[max_cat_to_onehot: 4]
[top_k: 20]
[monotone_constraints: ]
[monotone_constraints_method: basic]
[monotone_penalty: 0]
[feature_contri: ]
[forcedsplits_filename: ]
[refit_decay_rate: 0.9]
[cegb_tradeoff: 1]
[cegb_penalty_split: 0]
[cegb_penalty_feature_lazy: ]
[cegb_penalty_feature_coupled: ]
[path_smooth: 0]
[interaction_constraints: ]
[verbosity: -1]
[saved_feature_importance_type: 0]
[use_quantized_grad: 0]
[num_grad_quant_bins: 4]
[quant_train_renew_leaf: 0]
[stochastic_rounding: 1]
[linear_tree: 0]
[max_bin: 255]
[max_bin_by_feature: ]
[min_data_in_bin: 3]
[bin_construct_sample_cnt: 200000]
[data_random_seed: 5053]
[is_enable_sparse: 1]
[enable_bundle: 1]
[use_missing: 1]
[zero_as_missing: 0]
[feature_pre_filter: 1]
[pre_partition: 0]
[two_round: 0]
[header: 0]
[label_column: ]
[weight_column: ]
[group_column: ]
[ignore_column: ]
[categorical_feature: ]
[forcedbins_filename: ]
[precise_float_parser: 0]
[parser_config_file: ]
[objective_seed: 1448]
[num_class: 1]
[is_unbalance: 0]
[scale_pos_weight: 1]
[sigmoid: 1]
[boost_from_average: 1]
[reg_sqrt: 0]
[alpha: 0.9]
[fair_c: 1]
[poisson_max_delta_step: 0.7]
[tweedie_variance_power: 1.5]
[lambdarank_truncation_level: 30]
[lambdarank_norm: 1]
[label_gain: ]
[lambdarank_position_bias_regularization: 0]
[eval_at: ]
[multi_error_top_k: 1]
[auc_mu_weights: ]
[num_machines: 1]
[local_listen_port: 12400]
[time_out: 120]
[machine_list_filename: ]
[machines: ]
[gpu_platform_id: -1]
[gpu_device_id: -1]
[gpu_use_dp: 0]
[num_gpu: 1]

end of parameters

pandas_categorical:null
