tree
version=v4
num_class=1
num_tree_per_iteration=1
label_index=0
max_feature_idx=40
objective=regression_l1
feature_names=Column_0 Column_1 Column_2 Column_3 Column_4 Column_5 Column_6 Column_7 Column_8 Column_9 Column_10 Column_11 Column_12 Column_13 Column_14 Column_15 Column_16 Column_17 Column_18 Column_19 Column_20 Column_21 Column_22 Column_23 Column_24 Column_25 Column_26 Column_27 Column_28 Column_29 Column_30 Column_31 Column_32 Column_33 Column_34 Column_35 Column_36 Column_37 Column_38 Column_39 Column_40
feature_infos=[1:7] [0:80] [0:84] [0:84] [0:81] [0:80] [0:75.857139587402344] [0:70.071426391601562] [0:68.714286804199219] [0:37.572242736816406] [0:26.816909790039062] [0:1] [-35.75:11.714285850524902] [0.05000000074505806:30.979999542236328] [-0.96118015050888062:24.760000228881836] [-0.96118015050888062:24.760000228881836] [-0.97492802143096924:0.97492790222167969] [-0.90096884965896606:1] [-1:-0.86602520942687988] [-0.49999991059303284:0.50000029802322388] [0:1] [0:3] [0:1] [0:6] [0:2] [0:9] [0:2] [0.68844747543334961:0.71772086620330811] [0:1] [0:1] [1:85] [0:1] [0.59574466943740845:12.44444465637207] [0:43.900001525878906] [0:41] [0:37.799999237060547] [0:40.214286804199219] [0:36.046428680419922] [0:32.708927154541016] [0:0.98571425676345825] [0:87.198501586914062]
tree_sizes=1526 1490 1603 1591 1572 1578 1577 1576 1589 1553 1548 1558 1562 1562 1548 1559 1547 1565 1549 1564 1560 1562 1558 1566 1553 1562 1563 1559 1566 1564 1568 1574 1567 1565 1569 1565 1567 1564 1569 1554 1570 1558 1565 1562 1556 1574 1561 1569 1553 1555 1571 1562 1555 1570 1570 1564 1552 1556 1557 1551 1561 1563 1558 1548 1561 1553 1560 1565 1564 1566 1566 1556 1559 1566 1572 1561 1548 1549 1547 1531 1542 1529 1526 1524 1534 1542 1530 1551 1535 1546 1547 1539 1540 1532 1543 1548 1530 1526 1540 1540 1539 1542 1545 1544 1537 1543 1540 1538 1546 1534 1538 1545 1538 1545 1540 1541 1548 1563 1540 1535 1537 1545 1548 1544 1537 1541 1544 1549 1545 1551 1540 1546 1550 1540 1550 1544 1547 1542 1549 1549 1544 1547 1544 1548 1546 1548 1547 1546 1540 1542

Tree=0
num_leaves=16
num_cat=0
split_feature=40 29 40 9 40 40 29 8 0 9 8 36 39 36 14
split_gain=2927.14 1254.35 789.504 277.669 220.555 605.468 178.713 168.06 151.857 49.1488 36.3172 34.3238 30.698 23.4592 11.6025
threshold=1.0000000180025095e-35 0.16071429103612903 0.083521272987127318 1.0000000180025095e-35 1.3606827855110171 0.99858868122100841 1.0000000180025095e-35 0.27678571641445165 2.5000000000000004 1.0000000180025095e-35 0.34821428358554846 0.16428571939468387 0.25535714626312261 0.25000000745058065 0.011007249355316164
decision_type=2 2 2 2 2 2 2 2 2 2 2 2 2 2 2
left_child=1 6 3 12 5 -4 14 13 -6 -9 -5 -8 -2 -3 -1
right_child=2 7 4 10 8 -7 11 9 -10 -11 -12 -13 -14 -15 -16
leaf_value=0 -0.00018937221262603997 0 0.00013650918379426002 -0.00027661826927214859 0.0092815053462982182 -0.0019058796018362044 0 0 -0.0026748599857091904 0 -0.00023665521293878553 0 -0.00021477577742189168 0 0
leaf_weight=32330 996 11873 25992 3534 11515 16956 17066 2493 20357 25089 4235 14037 1039 12332 156
leaf_count=32330 996 11873 25992 3534 11515 16956 17066 2493 20357 25089 4235 14037 1039 12332 156
internal_value=0.0019551 0.00506336 -0.00228269 -0.0102876 -0.00123376 -0.00263691 0.00224048 0.00852955 0.000657003 0.0101305 -0.00770369 0.00386587 -0.0201523 0.00670523 0.000684295
internal_weight=200000 115376 84624 9804 74820 42948 63589 51787 31872 27582 7769 31103 2035 24205 32486
internal_count=200000 115376 84624 9804 74820 42948 63589 51787 31872 27582 7769 31103 2035 24205 32486
is_linear=0
shrinkage=0.03


Tree=1
num_leaves=15
num_cat=0
split_feature=40 10 40 40 6 40 40 8 29 0 40 36 8 8
split_gain=2864.06 1244.06 602.432 295.727 233.519 182.556 698.421 178.041 177.487 145.6 121.143 31.8487 31.6955 29.2051
threshold=0.00013099954230710867 0.36054041981697088 0.15415346622467044 1.0000000180025095e-35 1.0000000180025095e-35 1.3606827855110171 1.0016598105430605 0.29464286565780645 1.0000000180025095e-35 2.5000000000000004 1.0000000180025095e-35 0.25000000745058065 0.31250000000000006 1.991071403026581
decision_type=2 2 2 2 2 2 2 2 2 2 2 2 2 2
left_child=1 3 4 8 13 6 -4 11 -1 -7 -9 -3 -6 -2
right_child=2 7 5 -5 12 9 -8 10 -10 -11 -12 -13 -14 -15
leaf_value=0 -0.0002949998741503805 0 0.00029938901904970409 5.6774125687184092e-06 -0.00041337250904180107 0.0090030601859092708 -0.0018940229348838329 0 0 -0.0025946141861379144 6.4202167523035306e-06 0 -0.00037361796665936711 -0.00092408493901602925
leaf_weight=32478 1498 12971 23659 347 3498 11515 16623 24805 30659 20357 282 14503 6510 295
leaf_count=32478 1498 12971 23659 347 3498 11515 16623 24805 30659 20357 282 14503 6510 295
internal_value=0.00215355 0.00520712 -0.00206718 0.00238076 -0.00835099 -0.00103944 -0.00238171 0.00862084 0.00222896 0.000657003 0.010448 0.00695239 -0.00656475 -0.0183212
internal_weight=200000 116045 83955 63484 11801 72154 40282 52561 63137 31872 25087 27474 10008 1793
internal_count=200000 116045 83955 63484 11801 72154 40282 52561 63137 31872 25087 27474 10008 1793
is_linear=0
shrinkage=0.03


Tree=2
num_leaves=16
num_cat=0
split_feature=40 10 40 40 6 8 29 40 40 0 40 40 8 10 40
split_gain=2856.01 1263.03 627.94 299.744 240.363 179.333 177.487 166.902 671.132 138.209 100.648 41.1638 34.5124 22.8328 1.17056
threshold=0.00090574257774278532 0.36054041981697088 0.15415346622467044 1.0000000180025095e-35 1.0000000180025095e-35 0.29464286565780645 1.0000000180025095e-35 1.3606827855110171 1.0043739080429079 2.5000000000000004 1.0000000180025095e-35 1.0000000180025095e-35 0.34821428358554846 1.6976498961448672 1.0322977686882952e-05
decision_type=2 2 2 2 2 2 2 2 2 2 2 2 2 2 2
left_child=1 3 4 6 13 11 -1 8 -4 -9 -7 -3 -6 -2 -5
right_child=2 5 7 14 12 10 -8 9 -10 -11 -12 -13 -14 -15 -16
leaf_value=0 -0.00031681128303660079 0 0.00021286258339695631 5.4958287614684876e-06 -0.00043595373751083386 0 0 0.008732968380331994 -0.0018526465181037783 -0.0025167757605537773 6.2328841912312773e-06 1.0300438402220604e-05 -0.00043560642273165285 -0.00098321815450815465 6.8218997617353806e-06
leaf_weight=32478 1432 27434 23992 211 3846 24805 30659 11515 16290 20357 493 116 5931 258 183
leaf_count=32478 1432 27434 23992 211 3846 24805 30659 11515 16290 20357 493 116 5931 258 183
internal_value=0.00220335 0.00524218 -0.00202593 0.00239175 -0.00854714 0.00866882 0.00222896 -0.00098955 -0.00227298 0.00063253 0.0104925 0.00699419 -0.00674133 -0.0189941 0.0284772
internal_weight=200000 116379 83621 63531 11467 52848 63137 72154 40282 31872 25298 27550 9777 1690 394
internal_count=200000 116379 83621 63531 11467 52848 63137 72154 40282 31872 25298 27550 9777 1690 394
is_linear=0
shrinkage=0.03


Tree=3
num_leaves=16
num_cat=0
split_feature=40 10 40 40 6 8 29 28 40 40 40 8 39 35 40
split_gain=2830.29 1262.57 605.147 299.744 240.811 179.556 177.487 167.338 168.881 100.648 38.8204 31.3231 25.7994 20.4051 1.17056
threshold=0.00090574257774278532 0.36054041981697088 0.15415346622467044 1.0000000180025095e-35 1.0000000180025095e-35 0.29464286565780645 1.0000000180025095e-35 0.92857143282890331 1.0016598105430605 1.0000000180025095e-35 1.0000000180025095e-35 0.31250000000000006 0.73571428656578075 7.6499998569488534 1.0322977686882952e-05
decision_type=2 2 2 2 2 2 2 2 2 2 2 2 2 2 2
left_child=1 3 4 6 13 10 -1 8 -4 -7 -3 -6 -9 -2 -5
right_child=2 5 7 14 11 9 -8 12 -10 -11 -12 -13 -14 -15 -16
leaf_value=0 -0.00031956567532769866 0 0.0002818891706888191 5.3309538986244324e-06 -0.0004561302144598821 0 0 0.044137876510900689 -0.0013622917700826375 6.0458976654943389e-06 9.9914252501539852e-06 -0.00040633964337715876 0.2471053068583236 -0.0012968873986724345 6.6172427688833191e-06
leaf_weight=32478 1535 27434 23643 211 3395 24805 30659 1067 47293 493 116 6382 151 155 183
leaf_count=32478 1535 27434 23643 211 3395 24805 30659 1067 47293 493 116 6382 151 155 183
internal_value=0.00221655 0.00524167 -0.00199364 0.00239175 -0.0083954 0.00866769 0.00222896 -0.000976245 -0.00116556 0.0104925 0.00699201 -0.00658791 0.0100493 -0.0188521 0.0284772
internal_weight=200000 116379 83621 63531 11467 52848 63137 72154 70936 25298 27550 9777 1218 1690 394
internal_count=200000 116379 83621 63531 11467 52848 63137 72154 70936 25298 27550 9777 1218 1690 394
is_linear=0
shrinkage=0.03


Tree=4
num_leaves=16
num_cat=0
split_feature=40 10 40 40 6 8 29 28 40 40 40 8 13 36 10
split_gain=2772.79 1268.66 596.682 248.102 224.431 179.84 177.487 153.987 180.598 75.9213 52.6551 28.6705 27.2677 23.9681 23.9377
threshold=0.0022547222906723623 0.36054041981697088 0.15415346622467044 1.0000000180025095e-35 1.0000000180025095e-35 0.27678571641445165 1.0000000180025095e-35 0.92857143282890331 1.0075234174728396 1.0000000180025095e-35 0.00090574257774278532 0.34821428358554846 4.2249999046325692 0.25000000745058065 1.6976498961448672
decision_type=2 2 2 2 2 2 2 2 2 2 2 2 2 2 2
left_child=1 3 4 6 14 13 -1 8 -4 -7 -5 -6 -9 -3 -2
right_child=2 5 7 10 11 9 -8 12 -10 -11 -12 -13 -14 -15 -16
leaf_value=0 -0.00033222301698357826 0 0.00015383623217439483 5.2328577301138896e-06 -0.00047273850608802869 0 0 0.040339423851265613 -0.0013873721664099568 6.0879247483609624e-06 -2.3324582911567237e-07 -0.00043535617529228418 0.087787840799584085 0 -0.00094460765834872653
leaf_weight=32478 1324 11932 24309 394 3710 28029 30659 896 46627 711 61 5848 322 12449 251
leaf_count=32478 1324 11932 24309 394 3710 28029 30659 896 46627 711 61 5848 322 12449 251
internal_value=0.00226275 0.00524672 -0.00191879 0.00238804 -0.00838319 0.00866889 0.00222896 -0.000921363 -0.00110297 0.0102766 0.0244615 -0.00665411 0.00965517 0.00677372 -0.0188762
internal_weight=200000 116713 83287 63592 11133 53121 63137 72154 70936 28740 455 9558 1218 24381 1575
internal_count=200000 116713 83287 63592 11133 53121 63137 72154 70936 28740 455 9558 1218 24381 1575
is_linear=0
shrinkage=0.03


Tree=5
num_leaves=16
num_cat=0
split_feature=40 10 40 40 6 8 29 40 40 0 40 40 8 36 8
split_gain=2762.37 1268.2 595.097 248.102 218.87 179.625 177.487 148.311 649.449 130.921 74.6359 52.6551 28.6705 23.9681 20.8268
threshold=0.0022547222906723623 0.36054041981697088 0.15415346622467044 1.0000000180025095e-35 1.0000000180025095e-35 0.27678571641445165 1.0000000180025095e-35 1.3606827855110171 1.0075234174728396 2.5000000000000004 1.0000000180025095e-35 0.00090574257774278532 0.34821428358554846 0.25000000745058065 1.991071403026581
decision_type=2 2 2 2 2 2 2 2 2 2 2 2 2 2 2
left_child=1 3 4 6 14 13 -1 8 -4 -9 -7 -5 -6 -3 -2
right_child=2 5 7 11 12 10 -8 9 -10 -11 -12 -13 -14 -15 -16
leaf_value=0 -0.00032097702634875517 0 0.00014994563500979501 5.0758719982104727e-06 -0.0004585563509053878 0 0 0.0085307437841032965 -0.0017855168272853108 -0.0024539115827039095 5.905287005910132e-06 -2.2624845424220381e-07 -0.00042229549003351571 0 -0.00086035581784580685
leaf_weight=32478 1295 11932 24325 394 3710 28029 30659 11515 15957 20357 711 61 5848 12449 280
leaf_count=32478 1295 11932 24325 394 3710 28029 30659 11515 15957 20357 711 61 5848 12449 280
internal_value=0.00226785 0.0052462 -0.00190582 0.00238804 -0.00836163 0.00866776 0.00222896 -0.000909721 -0.00211956 0.000619352 0.0102745 0.0244615 -0.00665411 0.00677372 -0.0187238
internal_weight=200000 116713 83287 63592 11133 53121 63137 72154 40282 31872 28740 455 9558 24381 1575
internal_count=200000 116713 83287 63592 11133 53121 63137 72154 40282 31872 28740 455 9558 24381 1575
is_linear=0
shrinkage=0.03


Tree=6
num_leaves=16
num_cat=0
split_feature=40 10 40 40 6 8 29 40 40 40 40 40 8 36 8
split_gain=2740.15 1268.2 585.544 248.102 219.066 179.625 177.487 142.088 667.047 149.861 74.6359 52.6551 25.2063 23.9681 18.8954
threshold=0.0022547222906723623 0.36054041981697088 0.15415346622467044 1.0000000180025095e-35 1.0000000180025095e-35 0.27678571641445165 1.0000000180025095e-35 1.0102376937866213 1.2014176249504092 0.55894470214843761 1.0000000180025095e-35 0.00090574257774278532 0.34821428358554846 0.25000000745058065 1.991071403026581
decision_type=2 2 2 2 2 2 2 2 2 2 2 2 2 2 2
left_child=1 3 4 6 14 13 -1 9 -9 -4 -7 -5 -6 -3 -2
right_child=2 5 7 11 12 10 -8 8 -10 -11 -12 -13 -14 -15 -16
leaf_value=0 -0.00031134771555829254 0 -0.005212292887599051 4.9235958382641583e-06 -0.00044479966037822623 0 0 -0.001537786603034159 0.00084663105776085895 0.00039161327075880754 5.7281283957328292e-06 -2.1946100061493497e-07 -0.00040962662533251018 0 -0.00083454514331043254
leaf_weight=32478 1295 11932 9340 394 3710 28029 30659 12304 35192 15318 711 61 5848 12449 280
leaf_count=32478 1295 11932 9340 394 3710 28029 30659 12304 35192 15318 711 61 5848 12449 280
internal_value=0.00227985 0.0052462 -0.001877 0.00238804 -0.00828079 0.00866776 0.00222896 -0.000888932 -0.00184816 0.000958715 0.0102745 0.0244615 -0.0065725 0.00677372 -0.0186476
internal_weight=200000 116713 83287 63592 11133 53121 63137 72154 47496 24658 28740 455 9558 24381 1575
internal_count=200000 116713 83287 63592 11133 53121 63137 72154 47496 24658 28740 455 9558 24381 1575
is_linear=0
shrinkage=0.03


Tree=7
num_leaves=16
num_cat=0
split_feature=40 10 40 40 6 8 29 28 40 40 40 29 40 36 39
split_gain=2713.93 1267.29 547.997 248.102 223.683 179.197 177.487 136.997 163.033 72.0982 52.6551 28.4263 24.2402 23.9681 20.7299
threshold=0.0022547222906723623 0.36054041981697088 0.17645703256130221 1.0000000180025095e-35 1.0000000180025095e-35 0.27678571641445165 1.0000000180025095e-35 0.92857143282890331 1.0130025148391726 1.0000000180025095e-35 0.00090574257774278532 0.94642856717109691 0.0041657907422631988 0.25000000745058065 0.058928571641445167
decision_type=2 2 2 2 2 2 2 2 2 2 2 2 2 2 2
left_child=1 3 4 6 14 13 -1 8 -4 -7 -5 -9 -6 -3 -2
right_child=2 5 7 10 12 9 -8 11 -10 -11 -12 -13 -14 -15 -16
leaf_value=0 -0.00031897459941146927 0 7.0597316341244461e-05 4.7758879631162332e-06 6.5076647615928459e-06 0 0 0.041098588167890741 -0.001312424948720934 5.5562845438608447e-06 -2.1287717059648678e-07 0.24394638924168463 -0.0004785757685914861 0 -0.00034303648875257033
leaf_weight=32478 136 11932 24311 394 236 28029 30659 1084 45961 711 61 132 9963 12449 1464
leaf_count=32478 136 11932 24311 394 236 28029 30659 1084 45961 711 61 132 9963 12449 1464
internal_value=0.00229305 0.00524517 -0.00184387 0.00238804 -0.00783371 0.0086655 0.00222896 -0.000855248 -0.00102801 0.0102704 0.0244615 0.00912829 -0.00619767 0.00677372 -0.0182625
internal_weight=200000 116713 83287 63592 11799 53121 63137 71488 70272 28740 455 1216 10199 24381 1600
internal_count=200000 116713 83287 63592 11799 53121 63137 71488 70272 28740 455 1216 10199 24381 1600
is_linear=0
shrinkage=0.03


Tree=8
num_leaves=16
num_cat=0
split_feature=40 10 40 40 6 8 29 17 40 40 40 40 40 36 39
split_gain=2710.39 1266.38 533.862 248.102 201.988 178.769 177.487 136.8 98.2751 85.1894 69.6043 52.6551 24.2402 23.9681 18.569
threshold=0.0022547222906723623 0.36054041981697088 0.17645703256130221 1.0000000180025095e-35 1.0000000180025095e-35 0.27678571641445165 1.0000000180025095e-35 -0.22252074629068372 1.3606827855110171 1.0075234174728396 1.0000000180025095e-35 0.00090574257774278532 0.0041657907422631988 0.25000000745058065 0.058928571641445167
decision_type=2 2 2 2 2 2 2 2 2 2 2 2 2 2 2
left_child=1 3 4 6 14 13 -1 9 -9 -4 -7 -5 -6 -3 -2
right_child=2 5 7 11 12 10 -8 8 -10 -11 -12 -13 -14 -15 -16
leaf_value=0 -0.00030940536142912519 0 -8.3807159040865983e-06 4.6326113242227471e-06 6.3124348187450627e-06 0 0 -0.00044725533719513604 0.0051903298163020941 -0.0023915762748137493 5.3895960075450179e-06 -2.0649085547859349e-07 -0.00046421849553374156 0 -0.00033274539408999318
leaf_weight=32478 136 11932 9400 394 236 28029 30659 23282 19452 19354 711 61 9963 12449 1464
leaf_count=32478 136 11932 9400 394 236 28029 30659 23282 19452 19354 711 61 9963 12449 1464
internal_value=0.00229395 0.00524415 -0.00184026 0.00238804 -0.00775235 0.00866324 0.00222896 -0.000864481 0.000212009 -0.00246435 0.0102662 0.0244615 -0.00619767 0.00677372 -0.0176625
internal_weight=200000 116713 83287 63592 11799 53121 63137 71488 42734 28754 28740 455 10199 24381 1600
internal_count=200000 116713 83287 63592 11799 53121 63137 71488 42734 28754 28740 455 10199 24381 1600
is_linear=0
shrinkage=0.03


Tree=9
num_leaves=16
num_cat=0
split_feature=40 10 40 40 6 29 8 40 40 40 10 40 8 36 8
split_gain=2652.03 1253.05 567.325 250.881 200.761 177.487 173.018 129.628 594.693 146.085 78.8066 50.0932 26.0409 22.8544 19.6058
threshold=0.0041657907422631988 0.36054041981697088 0.15415346622467044 1.0000000180025095e-35 1.0000000180025095e-35 1.0000000180025095e-35 0.27678571641445165 1.0130025148391726 1.2014176249504092 0.55894470214843761 0.50442510843276989 0.00013099954230710867 0.34821428358554846 0.25000000745058065 0.9553571641445161
decision_type=2 2 2 2 2 2 2 2 2 2 2 2 2 2 2
left_child=1 3 4 5 14 -1 13 9 -9 -4 -8 -5 -6 -3 -2
right_child=2 6 7 11 12 -7 10 8 -10 -11 -12 -13 -14 -15 -16
leaf_value=0 -0.00030477408323106777 0 -0.0050299693245419207 4.4430619662362444e-06 -0.00044199055964599124 0 0 -0.0014565953308781901 0.00072655647206519363 0.0003173081150619859 0 6.519291018489473e-06 -0.00042539642533625713 0 -0.00055050578803930879
leaf_weight=32478 959 11952 9340 347 3596 30659 27405 11971 35192 15651 1577 133 5726 12496 518
leaf_count=32478 959 11952 9340 347 3596 30659 27405 11971 35192 15651 1577 133 5726 12496 518
internal_value=0.00232965 0.0052379 -0.0017739 0.00239323 -0.00818687 0.00222896 0.00862493 -0.000814092 -0.00173971 0.000932736 0.0101929 0.024 -0.00655868 0.0067662 -0.0184631
internal_weight=200000 117047 82953 63617 10799 63137 53430 72154 47163 24991 28982 480 9322 24448 1477
internal_count=200000 117047 82953 63617 10799 63137 53430 72154 47163 24991 28982 480 9322 24448 1477
is_linear=0
shrinkage=0.03


Tree=10
num_leaves=16
num_cat=0
split_feature=40 10 40 40 6 29 8 28 40 10 40 29 8 36 8
split_gain=2640.32 1253.81 565.953 245.152 196.887 177.487 173.018 126.054 149.908 78.8066 54.6005 29.9978 25.7748 22.8544 17.7698
threshold=0.0041657907422631988 0.36054041981697088 0.15415346622467044 1.0000000180025095e-35 1.0000000180025095e-35 1.0000000180025095e-35 0.27678571641445165 0.92857143282890331 1.0156805515289309 0.50442510843276989 0.00090574257774278532 0.94642856717109691 0.34821428358554846 0.25000000745058065 0.9553571641445161
decision_type=2 2 2 2 2 2 2 2 2 2 2 2 2 2 2
left_child=1 3 4 5 14 -1 13 8 -4 -8 -5 -9 -6 -3 -2
right_child=2 6 7 10 12 -7 9 11 -10 -11 -12 -13 -14 -15 -16
leaf_value=0 -0.00029563086073413573 0 5.8306180237493842e-05 4.3603411255089766e-06 -0.00042873084285661154 0 0 0.039247592765271198 -0.0012536628674282785 0 3.6702492324185866e-06 0.23645049097578308 -0.00041263453257616941 0 -0.00053399061439812941
leaf_weight=32478 959 11952 25308 394 3596 30659 27405 1086 45628 1577 86 132 5726 12496 518
leaf_count=32478 959 11952 25308 394 3596 30659 27405 1086 45628 1577 86 132 5726 12496 518
internal_value=0.00233505 0.00523687 -0.00175943 0.00239134 -0.00816464 0.00222896 0.00862493 -0.000800787 -0.000965095 0.0101929 0.02375 0.00876847 -0.00655224 0.0067662 -0.0183412
internal_weight=200000 117047 82953 63617 10799 63137 53430 72154 70936 28982 480 1218 9322 24448 1477
internal_count=200000 117047 82953 63617 10799 63137 53430 72154 70936 28982 480 1218 9322 24448 1477
is_linear=0
shrinkage=0.03


Tree=11
num_leaves=16
num_cat=0
split_feature=40 10 40 40 6 29 8 17 29 40 10 40 8 36 39
split_gain=2621.79 1253.81 549.462 245.152 199.194 177.487 173.018 127.157 89.3058 83.5618 78.8066 54.6005 24.3219 22.8544 19.9485
threshold=0.0041657907422631988 0.36054041981697088 0.17645703256130221 1.0000000180025095e-35 1.0000000180025095e-35 1.0000000180025095e-35 0.27678571641445165 -0.22252074629068372 0.66071426868438732 1.0184006690979006 0.50442510843276989 0.00090574257774278532 0.31250000000000006 0.25000000745058065 0.058928571641445167
decision_type=2 2 2 2 2 2 2 2 2 2 2 2 2 2 2
left_child=1 3 4 5 14 -1 13 9 -9 -4 -8 -5 -6 -3 -2
right_child=2 6 7 11 12 -7 10 8 -10 -11 -12 -13 -14 -15 -16
leaf_value=0 -0.00028211105226729529 0 -4.6535828635579143e-06 4.229530891743707e-06 -0.00042971386583288935 0 0 3.7754605733597219e-06 0.042962672098973989 -0.0023521983995719018 0 3.5601417554460268e-06 -0.00041595499681691808 0 -0.00032494830716988076
leaf_weight=32478 136 11952 9962 394 3290 30659 27405 41356 1378 18792 1577 86 6673 12496 1366
leaf_count=32478 136 11952 9962 394 3290 30659 27405 41356 1378 18792 1577 86 6673 12496 1366
internal_value=0.00234525 0.00523687 -0.00173484 0.00239134 -0.00783166 0.00222896 0.00862493 -0.00075705 0.000280807 -0.00229951 0.0101929 0.02375 -0.0062963 0.0067662 -0.018016
internal_weight=200000 117047 82953 63617 11465 63137 53430 71488 42734 28754 28982 480 9963 24448 1502
internal_count=200000 117047 82953 63617 11465 63137 53430 71488 42734 28754 28982 480 9963 24448 1502
is_linear=0
shrinkage=0.03


Tree=12
num_leaves=16
num_cat=0
split_feature=40 10 40 40 6 29 8 40 40 40 10 40 40 36 39
split_gain=2595.74 1253.81 526.719 245.152 204.006 177.487 173.018 124.221 550.307 119.449 78.8066 54.6005 46.9744 22.8544 19.8034
threshold=0.0041657907422631988 0.36054041981697088 0.17645703256130221 1.0000000180025095e-35 1.0000000180025095e-35 1.0000000180025095e-35 0.27678571641445165 1.0156805515289309 1.2014176249504092 0.55894470214843761 0.50442510843276989 0.00090574257774278532 0.0062920530326664456 0.25000000745058065 0.058928571641445167
decision_type=2 2 2 2 2 2 2 2 2 2 2 2 2 2 2
left_child=1 3 4 5 14 -1 13 9 -9 -4 -8 -5 -6 -3 -2
right_child=2 6 7 11 12 -7 10 8 -10 -11 -12 -13 -14 -15 -16
leaf_value=0 -0.00027364772069927648 0 -0.0054873697632769813 4.1026449649913965e-06 1.1842944068293312e-05 0 0 -0.0013869837873294567 0.00071854516618751352 0.00023820094724653988 0 3.4533375027826461e-06 -0.00045074641480536478 0 -0.00031519985795478431
leaf_weight=32478 136 11952 8674 394 244 30659 27405 11638 35192 15984 1577 86 9719 12496 1366
leaf_count=32478 136 11952 8674 394 244 30659 27405 11638 35192 15984 1577 86 9719 12496 1366
internal_value=0.00235965 0.00523687 -0.00170012 0.00239134 -0.00766943 0.00222896 0.00862493 -0.000742782 -0.00165022 0.000980615 0.0101929 0.02375 -0.00611563 0.0067662 -0.017976
internal_weight=200000 117047 82953 63617 11465 63137 53430 71488 46830 24658 28982 480 9963 24448 1502
internal_count=200000 117047 82953 63617 11465 63137 53430 71488 46830 24658 28982 480 9963 24448 1502
is_linear=0
shrinkage=0.03


Tree=13
num_leaves=16
num_cat=0
split_feature=40 10 40 40 6 29 8 17 12 40 10 40 40 36 39
split_gain=2589.25 1253.81 527.327 245.152 201.061 177.487 173.018 117.793 87.4805 83.0059 78.8066 54.6005 45.2569 22.8544 19.5146
threshold=0.0041657907422631988 0.36054041981697088 0.17645703256130221 1.0000000180025095e-35 1.0000000180025095e-35 1.0000000180025095e-35 0.27678571641445165 -0.22252074629068372 0.80357143282890331 1.0212965011596682 0.50442510843276989 0.00090574257774278532 0.0062920530326664456 0.25000000745058065 0.058928571641445167
decision_type=2 2 2 2 2 2 2 2 2 2 2 2 2 2 2
left_child=1 3 4 5 14 -1 13 9 -9 -4 -8 -5 -6 -3 -2
right_child=2 6 7 11 12 -7 10 8 -10 -11 -12 -13 -14 -15 -16
leaf_value=0 -0.00026543828907829819 0 -2.0733134548844672e-06 3.9795656160416543e-06 1.1487655746244526e-05 0 0 -7.9066986405190518e-06 0.029388146611810058 -0.0023048769598056204 0 3.3497373776991645e-06 -0.00043722402236120382 0 -0.0003057438622161408
leaf_weight=32478 136 11952 10095 394 244 30659 27405 40254 2480 18659 1577 86 9719 12496 1366
leaf_count=32478 136 11952 10095 394 244 30659 27405 40254 2480 18659 1577 86 9719 12496 1366
internal_value=0.00236325 0.00523687 -0.00169144 0.00239134 -0.0076642 0.00222896 0.00862493 -0.00073355 0.000265362 -0.00221813 0.0101929 0.02375 -0.00612165 0.0067662 -0.0178961
internal_weight=200000 117047 82953 63617 11465 63137 53430 71488 42734 28754 28982 480 9963 24448 1502
internal_count=200000 117047 82953 63617 11465 63137 53430 71488 42734 28754 28982 480 9963 24448 1502
is_linear=0
shrinkage=0.03


Tree=14
num_leaves=16
num_cat=0
split_feature=40 10 40 40 6 29 29 28 40 40 36 8 40 13 8
split_gain=2566.41 1243.21 555.274 236.05 182.19 177.487 169.913 111.114 133.987 63.729 41.9841 26.2244 25.1027 23.7776 23.2325
threshold=0.0062920530326664456 0.36054041981697088 0.17645703256130221 1.0000000180025095e-35 1.0000000180025095e-35 1.0000000180025095e-35 0.30357143282890325 0.92857143282890331 1.0184006690979006 0.00090574257774278532 0.25000000745058065 0.34821428358554846 0.029631713405251506 4.2249999046325692 0.9553571641445161
decision_type=2 2 2 2 2 2 2 2 2 2 2 2 2 2 2
left_child=1 3 4 5 14 -1 10 8 -4 -5 -3 -8 -6 -9 -2
right_child=2 6 7 9 12 -7 11 13 -10 -11 -12 -13 -14 -15 -16
leaf_value=0 -0.00027639293868465424 0 5.3599376847155586e-05 3.8601786475604047e-06 -0.00017257905450533074 0 0 0.035127339813311814 -0.0011741476224021239 3.410293048430352e-06 0 0 -0.00094295656193862584 0.079776103332519999 -0.00055115755717819262
leaf_weight=32478 917 13957 24977 394 2817 30659 9746 894 45295 113 16302 13732 6902 322 495
leaf_count=32478 917 13957 24977 394 2817 30659 9746 894 45295 113 16302 13732 6902 322 495
internal_value=0.00237855 0.00522964 -0.00167213 0.00239268 -0.00790495 0.00222896 0.00858961 -0.000701656 -0.00085724 0.0227811 0.00710367 0.0105047 -0.00644202 0.00828947 -0.0179745
internal_weight=200000 117381 82619 63644 11131 63137 53737 71488 70272 507 30259 23478 9719 1216 1412
internal_count=200000 117381 82619 63644 11131 63137 53737 71488 70272 507 30259 23478 9719 1216 1412
is_linear=0
shrinkage=0.03


Tree=15
num_leaves=16
num_cat=0
split_feature=40 10 40 40 6 29 29 17 29 40 40 36 8 40 8
split_gain=2553.72 1245.1 554.98 222.654 178.185 177.487 169.913 107.158 84.5621 83.632 74.5331 41.9841 26.2244 25.1027 21.1847
threshold=0.0062920530326664456 0.36054041981697088 0.17645703256130221 1.0000000180025095e-35 1.0000000180025095e-35 1.0000000180025095e-35 0.30357143282890325 -0.22252074629068372 0.66071426868438732 1.0242218971252444 0.00013099954230710867 0.25000000745058065 0.34821428358554846 0.029631713405251506 0.9553571641445161
decision_type=2 2 2 2 2 2 2 2 2 2 2 2 2 2 2
left_child=1 3 4 5 14 -1 11 9 -9 -4 -5 -3 -8 -6 -2
right_child=2 6 7 10 13 -7 12 8 -10 -11 -12 -13 -14 -15 -16
leaf_value=0 -0.00026810115052411458 0 6.9467473276871218e-06 3.6938022698737727e-06 -0.0001674016828701708 0 0 2.5632894999232479e-06 0.040765659787118484 -0.0022705898852069342 5.7687418242542899e-06 0 0 -0.0009146678650804672 -0.00053462283046284682
leaf_weight=32478 917 13957 10233 347 2817 30659 9746 41356 1378 18521 160 16302 13732 6902 495
leaf_count=32478 917 13957 10233 347 2817 30659 9746 41356 1378 18521 160 16302 13732 6902 495
internal_value=0.00238305 0.00522708 -0.00165761 0.00238797 -0.00788878 0.00222896 0.00858961 -0.000687388 0.000265362 -0.00210336 0.0221893 0.00710367 0.0105047 -0.00644202 -0.017847
internal_weight=200000 117381 82619 63644 11131 63137 53737 71488 42734 28754 507 30259 23478 9719 1412
internal_count=200000 117381 82619 63644 11131 63137 53737 71488 42734 28754 507 30259 23478 9719 1412
is_linear=0
shrinkage=0.03


Tree=16
num_leaves=16
num_cat=0
split_feature=40 10 40 40 29 6 29 28 40 40 36 8 0 40 8
split_gain=2526.86 1245.1 555.688 222.654 177.487 174.796 169.913 103.873 122.405 74.5331 41.9841 26.2244 24.9762 24.1572 19.2313
threshold=0.0062920530326664456 0.36054041981697088 0.17645703256130221 1.0000000180025095e-35 1.0000000180025095e-35 1.0000000180025095e-35 0.30357143282890325 0.92857143282890331 1.0184006690979006 0.00013099954230710867 0.25000000745058065 0.34821428358554846 2.5000000000000004 0.029631713405251506 0.9553571641445161
decision_type=2 2 2 2 2 2 2 2 2 2 2 2 2 2 2
left_child=1 3 5 4 -1 14 10 8 -4 -5 -3 -8 -9 -7 -2
right_child=2 6 7 9 -6 13 11 12 -10 -11 -12 -13 -14 -15 -16
leaf_value=0 -0.00026005811600839118 0 5.1782993121910324e-05 3.582988201777559e-06 0 -0.00016237963238406567 0 0.096879683256640897 -0.0011189097880999678 5.5956795695266609e-06 0 0 0.029424307322446018 -0.0008872278291280532 -0.00051858414554896144
leaf_weight=32478 917 13957 24977 347 30659 2817 9746 378 45295 160 16302 13732 838 6902 495
leaf_count=32478 917 13957 24977 347 30659 2817 9746 378 45295 160 16302 13732 838 6902 495
internal_value=0.00239805 0.00522708 -0.0016213 0.00238797 0.00222896 -0.00785644 0.00858961 -0.000650459 -0.000800888 0.0221893 0.00710367 0.0105047 0.00804276 -0.0064235 -0.0177195
internal_weight=200000 117381 82619 63644 63137 11131 53737 71488 70272 507 30259 23478 1216 9719 1412
internal_count=200000 117381 82619 63644 63137 11131 53737 71488 70272 507 30259 23478 1216 9719 1412
is_linear=0
shrinkage=0.03


Tree=17
num_leaves=16
num_cat=0
split_feature=40 10 40 40 29 29 6 40 40 40 40 36 8 40 39
split_gain=2510.81 1245.1 550.934 222.654 177.487 169.913 167.556 101.791 465.829 110.809 74.5331 41.9841 26.2244 23.2298 19.466
threshold=0.0062920530326664456 0.36054041981697088 0.17645703256130221 1.0000000180025095e-35 1.0000000180025095e-35 0.30357143282890325 1.0000000180025095e-35 1.0212965011596682 1.2014176249504092 0.55894470214843761 0.00013099954230710867 0.25000000745058065 0.34821428358554846 0.029631713405251506 0.058928571641445167
decision_type=2 2 2 2 2 2 2 2 2 2 2 2 2 2 2
left_child=1 3 6 4 -1 11 14 9 -9 -4 -5 -3 -7 -8 -2
right_child=2 5 7 10 -6 12 13 8 -10 -11 -12 -13 -14 -15 -16
leaf_value=0 -0.00023333857424943442 0 -0.0053257498392035264 3.4754985557242322e-06 0 0 -0.0001575082434125437 -0.0013038260339345137 0.000709221876823316 0.00014061952310135119 5.4278091824408599e-06 0 0 -0.00086061099425421156 -0.00029110071384719379
leaf_weight=32478 133 13957 8674 347 30659 9746 2817 10972 35192 16650 160 16302 13732 6902 1279
leaf_count=32478 133 13957 8674 347 30659 9746 2817 10972 35192 16650 160 16302 13732 6902 1279
internal_value=0.00240705 0.00522708 -0.00159951 0.00238797 0.00222896 0.00858961 -0.00780792 -0.000632833 -0.00147128 0.000895593 0.0221893 0.00710367 0.0105047 -0.00640498 -0.0174646
internal_weight=200000 117381 82619 63644 63137 53737 11131 71488 46164 25324 507 30259 23478 9719 1412
internal_count=200000 117381 82619 63644 63137 53737 11131 71488 46164 25324 507 30259 23478 9719 1412
is_linear=0
shrinkage=0.03


Tree=18
num_leaves=16
num_cat=0
split_feature=40 10 40 40 29 29 6 34 39 40 36 8 8 39 39
split_gain=2510.81 1245.1 533.848 222.654 177.487 169.913 159.232 100.976 98.3857 74.5331 41.9841 26.2244 22.8447 20.6262 18.2732
threshold=0.0062920530326664456 0.36054041981697088 0.17645703256130221 1.0000000180025095e-35 1.0000000180025095e-35 0.30357143282890325 1.0000000180025095e-35 1.0000000180025095e-35 0.79999998211860668 0.00013099954230710867 0.25000000745058065 0.34821428358554846 0.34821428358554846 0.50892856717109691 0.058928571641445167
decision_type=2 2 2 2 2 2 2 2 2 2 2 2 2 2 2
left_child=1 3 6 4 -1 10 14 13 -9 -5 -3 -7 -8 -4 -2
right_child=2 5 7 9 -6 11 12 8 -10 -11 -12 -13 -14 -15 -16
leaf_value=0 -0.0002263384170219514 0 0.016763578712829689 3.3712335990525055e-06 0 0 -0.00038394685074640483 -0.00055252311131662667 0.13517382036699849 5.264974906967635e-06 0 0 -0.00044956531647547714 0.066146966564272755 -0.00028236769243177799
leaf_weight=32478 133 13957 851 347 30659 9746 3619 70220 275 160 16302 13732 6100 142 1279
leaf_count=32478 133 13957 851 347 30659 9746 3619 70220 275 160 16302 13732 6100 142 1279
internal_value=0.00240705 0.00522708 -0.00159951 0.00238797 0.00222896 0.00858961 -0.0077109 -0.000647941 -0.000781758 0.0221893 0.00710367 0.0105047 -0.00634325 0.00885196 -0.0171246
internal_weight=200000 117381 82619 63644 63137 53737 11131 71488 70495 507 30259 23478 9719 993 1412
internal_count=200000 117381 82619 63644 63137 53737 11131 71488 70495 507 30259 23478 9719 993 1412
is_linear=0
shrinkage=0.03


Tree=19
num_leaves=16
num_cat=0
split_feature=40 10 40 40 29 29 6 40 40 40 40 36 8 8 39
split_gain=2417.67 1245.1 522.339 222.654 177.487 169.913 158.61 116.077 435.566 128.047 74.5331 41.9841 26.2244 20.8125 17.5469
threshold=0.0062920530326664456 0.36054041981697088 0.17645703256130221 1.0000000180025095e-35 1.0000000180025095e-35 0.30357143282890325 1.0000000180025095e-35 1.0212965011596682 1.2266252636909487 0.55894470214843761 0.00013099954230710867 0.25000000745058065 0.34821428358554846 0.31250000000000006 0.058928571641445167
decision_type=2 2 2 2 2 2 2 2 2 2 2 2 2 2 2
left_child=1 3 6 4 -1 11 14 9 -9 -4 -5 -3 -7 -8 -2
right_child=2 5 7 10 -6 12 13 8 -10 -11 -12 -13 -14 -15 -16
leaf_value=0 -0.00021954826451129285 0 -0.0051670370306740685 3.2700965910809305e-06 0 0 -0.00038331178769871176 -0.0012934147122683438 0.00083661230015771827 0.00015145430641392473 5.1070256597586048e-06 0 0 -0.00042038424912088608 -0.00027389666165882461
leaf_weight=32478 133 13957 8674 347 30659 9746 3202 11636 34528 16650 160 16302 13732 6517 1279
leaf_count=32478 133 13957 8674 347 30659 9746 3202 11636 34528 16650 160 16302 13732 6517 1279
internal_value=0.00245985 0.00522708 -0.0014717 0.00238797 0.00222896 0.00858961 -0.00751684 -0.000530439 -0.00142579 0.00110172 0.0221893 0.00710367 0.0105047 -0.00615187 -0.0169122
internal_weight=200000 117381 82619 63644 63137 53737 11131 71488 46164 25324 507 30259 23478 9719 1412
internal_count=200000 117381 82619 63644 63137 53737 11131 71488 46164 25324 507 30259 23478 9719 1412
is_linear=0
shrinkage=0.03


Tree=20
num_leaves=16
num_cat=0
split_feature=40 10 40 40 29 29 6 40 40 40 40 36 29 8 8
split_gain=2403.32 1235.68 529.151 210.963 177.487 170.954 159.257 107.853 427.953 120.903 85.468 42.9306 24.1032 23.1367 18.9677
threshold=0.0083537800237536448 0.36054041981697088 0.17645703256130221 1.0000000180025095e-35 1.0000000180025095e-35 0.30357143282890325 1.0000000180025095e-35 1.0242218971252444 1.2266252636909487 0.55894470214843761 0.00013099954230710867 0.25000000745058065 0.37500000000000006 0.34821428358554846 0.9553571641445161
decision_type=2 2 2 2 2 2 2 2 2 2 2 2 2 2 2
left_child=1 3 6 4 -1 11 14 9 -9 -4 -5 -3 -7 -8 -2
right_child=2 5 7 10 -6 12 13 8 -10 -11 -12 -13 -14 -15 -16
leaf_value=0 -0.00023704252147359621 0 -0.0050120259197538467 3.1719936933485026e-06 0 0 -0.00039808312845901407 -0.0013292641400935669 0.00081151393115298667 0.00012523698099436192 4.7566853197477127e-06 0 0 -0.00048113342925810504 -0.000555568751085428
leaf_weight=32478 852 14005 8674 347 30659 11616 3514 11303 34528 16983 175 16392 12043 5969 462
leaf_count=32478 852 14005 8674 347 30659 11616 3514 11303 34528 16983 175 16392 12043 5969 462
internal_value=0.00246885 0.00521837 -0.00146454 0.00238599 0.00222896 0.00855391 -0.0076549 -0.000529599 -0.00140145 0.00102779 0.0213793 0.0070655 0.0104662 -0.00629864 -0.0174429
internal_weight=200000 117715 82285 63659 63137 54056 10797 71488 45831 25657 522 30397 23659 9483 1314
internal_count=200000 117715 82285 63659 63137 54056 10797 71488 45831 25657 522 30397 23659 9483 1314
is_linear=0
shrinkage=0.03


Tree=21
num_leaves=16
num_cat=0
split_feature=40 10 40 40 29 29 6 40 40 40 40 36 29 8 8
split_gain=2407.52 1235.68 525.311 210.963 177.487 170.954 155.366 99.2686 412.161 114.896 85.468 42.9306 24.1032 23.1367 17.0603
threshold=0.0083537800237536448 0.36054041981697088 0.17645703256130221 1.0000000180025095e-35 1.0000000180025095e-35 0.30357143282890325 1.0000000180025095e-35 1.0242218971252444 1.286999583244324 0.55894470214843761 0.00013099954230710867 0.25000000745058065 0.37500000000000006 0.34821428358554846 0.9553571641445161
decision_type=2 2 2 2 2 2 2 2 2 2 2 2 2 2 2
left_child=1 3 6 4 -1 11 14 9 -9 -4 -5 -3 -7 -8 -2
right_child=2 5 7 10 -6 12 13 8 -10 -11 -12 -13 -14 -15 -16
leaf_value=0 -0.00022993124582938832 0 -0.0048616651421612318 3.0768338825480475e-06 0 0 -0.00038614063460524361 -0.0013910032690418908 0.0011337700370475546 0.00012147987156453106 4.6139847601552798e-06 0 0 -0.00046669942638036184 -0.00053890168855286517
leaf_weight=32478 852 14005 8674 347 30659 11616 3514 12631 33200 16983 175 16392 12043 5969 462
leaf_count=32478 852 14005 8674 347 30659 11616 3514 12631 33200 16983 175 16392 12043 5969 462
internal_value=0.00246645 0.00521837 -0.00147038 0.00238599 0.00222896 0.00855391 -0.00763823 -0.000538832 -0.00137527 0.000955295 0.0213793 0.0070655 0.0104662 -0.00629864 -0.0173059
internal_weight=200000 117715 82285 63659 63137 54056 10797 71488 45831 25657 522 30397 23659 9483 1314
internal_count=200000 117715 82285 63659 63137 54056 10797 71488 45831 25657 522 30397 23659 9483 1314
is_linear=0
shrinkage=0.03


Tree=22
num_leaves=16
num_cat=0
split_feature=40 10 40 40 29 29 6 40 40 40 40 36 29 8 8
split_gain=2393.89 1235.68 527.596 210.963 177.487 170.954 154.08 95.4661 403.148 112.318 85.468 42.9306 24.1032 23.1367 16.447
threshold=0.0083537800237536448 0.36054041981697088 0.17645703256130221 1.0000000180025095e-35 1.0000000180025095e-35 0.30357143282890325 1.0000000180025095e-35 1.0267385840415957 1.286999583244324 0.55894470214843761 0.00013099954230710867 0.25000000745058065 0.37500000000000006 0.34821428358554846 0.9553571641445161
decision_type=2 2 2 2 2 2 2 2 2 2 2 2 2 2 2
left_child=1 3 6 4 -1 11 14 9 -9 -4 -5 -3 -7 -8 -2
right_child=2 5 7 10 -6 12 13 8 -10 -11 -12 -13 -14 -15 -16
leaf_value=0 -0.00022303330845450668 0 -0.0047158151878963946 2.9845288660716059e-06 0 0 -0.00037455641556708629 -0.0013980003886735833 0.001099756935936128 0.0001113977493988717 4.4755652173506228e-06 0 0 -0.00045269844358895097 -0.00052273463789627927
leaf_weight=32478 852 14005 8674 347 30659 11616 3514 12298 33200 17316 175 16392 12043 5969 462
leaf_count=32478 852 14005 8674 347 30659 11616 3514 12298 33200 17316 175 16392 12043 5969 462
internal_value=0.00247425 0.00521837 -0.00145142 0.00238599 0.00222896 0.00855391 -0.00763268 -0.000517849 -0.00134643 0.000932666 0.0213793 0.0070655 0.0104662 -0.00629864 -0.0172603
internal_weight=200000 117715 82285 63659 63137 54056 10797 71488 45498 25990 522 30397 23659 9483 1314
internal_count=200000 117715 82285 63659 63137 54056 10797 71488 45498 25990 522 30397 23659 9483 1314
is_linear=0
shrinkage=0.03


Tree=23
num_leaves=16
num_cat=0
split_feature=40 10 40 40 29 29 6 40 40 40 40 36 29 8 37
split_gain=2384.63 1236.06 500.657 208.438 177.487 170.954 145.113 87.7623 87.7012 398.786 104.837 42.9306 24.1032 21.0512 14.9913
threshold=0.0083537800237536448 0.36054041981697088 0.17645703256130221 1.0000000180025095e-35 1.0000000180025095e-35 0.30357143282890325 1.0000000180025095e-35 0.00013099954230710867 1.0297239422798159 1.2266252636909487 0.55894470214843761 0.25000000745058065 0.37500000000000006 0.34821428358554846 1.3482142686843874
decision_type=2 2 2 2 2 2 2 2 2 2 2 2 2 2 2
left_child=1 3 6 4 -1 11 14 -5 10 -10 -4 -3 -7 -8 -2
right_child=2 5 8 7 -6 12 13 -9 9 -11 -12 -13 -14 -15 -16
leaf_value=0 -0.00021477270355619758 0 -0.0045743407322595018 2.8949930000894579e-06 0 0 -0.00036331972310007371 4.3412982608301028e-06 -0.0013297033148524074 0.00072016270402888672 0.00010588877197424778 0 0 -0.00043911749028128241 -0.00065521475116058609
leaf_weight=32478 969 14005 8674 347 30659 11616 3514 175 10637 34528 17649 16392 12043 5969 345
leaf_count=32478 969 14005 8674 347 30659 11616 3514 175 10637 34528 17649 16392 12043 5969 345
internal_value=0.00247905 0.00521786 -0.00143902 0.00238505 0.00222896 0.00855391 -0.00746041 0.0212644 -0.000529599 -0.00133178 0.000846788 0.0070655 0.0104662 -0.00616577 -0.0168037
internal_weight=200000 117715 82285 63659 63137 54056 10797 522 71488 45165 26323 30397 23659 9483 1314
internal_count=200000 117715 82285 63659 63137 54056 10797 522 71488 45165 26323 30397 23659 9483 1314
is_linear=0
shrinkage=0.03


Tree=24
num_leaves=16
num_cat=0
split_feature=40 10 40 40 29 29 6 40 28 40 36 40 29 29 37
split_gain=2378.52 1236.44 481.841 205.928 177.487 170.954 148.935 90.0871 87.7364 100.742 42.9306 29.7168 24.1032 24.0676 14.9913
threshold=0.0083537800237536448 0.36054041981697088 0.17645703256130221 1.0000000180025095e-35 1.0000000180025095e-35 0.30357143282890325 1.0000000180025095e-35 0.00013099954230710867 0.92857143282890331 0.99559384584426891 0.25000000745058065 0.010374342557042839 0.37500000000000006 0.94642856717109691 1.3482142686843874
decision_type=2 2 2 2 2 2 2 2 2 2 2 2 2 2 2
left_child=1 3 6 4 -1 10 14 -5 9 -4 -3 -8 -7 -10 -2
right_child=2 5 8 7 -6 12 11 -9 13 -11 -12 -13 -14 -15 -16
leaf_value=0 -0.00020832952244951162 0 0.00042650239498643401 2.8081432100867744e-06 0 0 1.004606437312561e-05 4.2110593130051986e-06 0.035138972342710857 -0.0006454557560276389 0 -0.00042805998675241378 0 0.22048726262454829 -0.00063555830862576854
leaf_weight=32478 969 14005 22313 347 30659 11616 245 175 1084 47959 16392 9238 12043 132 345
leaf_count=32478 969 14005 22313 347 30659 11616 245 175 1084 47959 16392 9238 12043 132 345
internal_value=0.00248205 0.00521735 -0.001431 0.00238411 0.00222896 0.00855391 -0.00733815 0.0211494 -0.000538832 -0.000677083 0.0070655 -0.00602657 0.0104662 0.00745066 -0.0168037
internal_weight=200000 117715 82285 63659 63137 54056 10797 522 71488 70272 30397 9483 23659 1216 1314
internal_count=200000 117715 82285 63659 63137 54056 10797 522 71488 70272 30397 9483 23659 1216 1314
is_linear=0
shrinkage=0.03


Tree=25
num_leaves=16
num_cat=0
split_feature=40 10 40 40 29 29 6 40 40 40 40 36 40 29 14
split_gain=2271.24 1236.44 503.189 205.928 177.487 170.954 142.521 117.109 378.549 136.07 90.0871 42.9306 28.3577 24.1032 14.2927
threshold=0.0083537800237536448 0.36054041981697088 0.17645703256130221 1.0000000180025095e-35 1.0000000180025095e-35 0.30357143282890325 1.0000000180025095e-35 1.0297239422798159 1.286999583244324 0.55894470214843761 0.00013099954230710867 0.25000000745058065 0.010374342557042839 0.37500000000000006 -0.09160324931144713
decision_type=2 2 2 2 2 2 2 2 2 2 2 2 2 2 2
left_child=1 3 6 4 -1 11 14 9 -9 -4 -5 -3 -8 -7 -2
right_child=2 5 7 10 -6 13 12 8 -10 -11 -12 -13 -14 -15 -16
leaf_value=0 -0.00020066251886358558 0 -0.0044499055821413105 2.7238989137841709e-06 0 0 9.7446824419318212e-06 -0.0013532952736735003 0.0010527776858814577 0.00010943550467606811 4.0847275336150423e-06 0 -0.00041521818714984138 0 -0.00025320722593341497
leaf_weight=32478 76 14005 8674 347 30659 11616 245 11965 33200 17649 175 16392 9238 12043 1238
leaf_count=32478 76 14005 8674 347 30659 11616 245 11965 33200 17649 175 16392 9238 12043 1238
internal_value=0.00254445 0.00521735 -0.00127933 0.00238411 0.00222896 0.00855391 -0.00731592 -0.000367614 -0.00129459 0.00122288 0.0211494 0.0070655 -0.0060329 0.0104662 -0.0165753
internal_weight=200000 117715 82285 63659 63137 54056 10797 71488 45165 26323 522 30397 9483 23659 1314
internal_count=200000 117715 82285 63659 63137 54056 10797 71488 45165 26323 522 30397 9483 23659 1314
is_linear=0
shrinkage=0.03


Tree=26
num_leaves=16
num_cat=0
split_feature=40 10 40 40 29 29 6 40 40 40 40 36 40 29 14
split_gain=2277.01 1236.81 502.657 203.434 177.487 170.954 139.554 109.159 375.881 128.347 88.9108 42.9306 24.4713 24.1032 14.0867
threshold=0.0083537800237536448 0.36054041981697088 0.17645703256130221 1.0000000180025095e-35 1.0000000180025095e-35 0.30357143282890325 1.0000000180025095e-35 1.0326723456382754 1.286999583244324 0.55894470214843761 0.00013099954230710867 0.25000000745058065 0.010374342557042839 0.37500000000000006 -0.09160324931144713
decision_type=2 2 2 2 2 2 2 2 2 2 2 2 2 2 2
left_child=1 3 6 4 -1 11 14 9 -9 -4 -5 -3 -8 -7 -2
right_child=2 5 7 10 -6 13 12 8 -10 -11 -12 -13 -14 -15 -16
leaf_value=0 -0.00019464264329767801 0 -0.0043164084146770712 2.6421819463706458e-06 0 0 9.4523419686738663e-06 -0.0013873959629638218 0.0010211943553050139 0.00010591886604202538 3.9621857076065907e-06 0 -0.00040276164153534618 0 -0.00024561100915541256
leaf_weight=32478 76 14005 8674 347 30659 11616 245 11632 33200 17982 175 16392 9238 12043 1238
leaf_count=32478 76 14005 8674 347 30659 11616 245 11632 33200 17982 175 16392 9238 12043 1238
internal_value=0.00254055 0.00521684 -0.00128808 0.00238317 0.00222896 0.00855391 -0.00732148 -0.000376846 -0.00128078 0.00114346 0.0210345 0.0070655 -0.00605188 0.0104662 -0.016484
internal_weight=200000 117715 82285 63659 63137 54056 10797 71488 44832 26656 522 30397 9483 23659 1314
internal_count=200000 117715 82285 63659 63137 54056 10797 71488 44832 26656 522 30397 9483 23659 1314
is_linear=0
shrinkage=0.03


Tree=27
num_leaves=16
num_cat=0
split_feature=40 10 40 40 29 29 6 40 40 40 40 36 29 40 40
split_gain=2286.2 1236.81 494.944 203.434 177.487 170.954 132.32 101.835 365.983 122.253 88.9108 42.9306 24.1032 23.2073 16.5798
threshold=0.0083537800237536448 0.36054041981697088 0.17645703256130221 1.0000000180025095e-35 1.0000000180025095e-35 0.30357143282890325 1.0000000180025095e-35 1.0326723456382754 1.286999583244324 0.55894470214843761 0.00013099954230710867 0.25000000745058065 0.37500000000000006 0.010374342557042839 0.010374342557042839
decision_type=2 2 2 2 2 2 2 2 2 2 2 2 2 2 2
left_child=1 3 6 4 -1 11 14 9 -9 -4 -5 -3 -7 -8 -2
right_child=2 5 7 10 -6 12 13 8 -10 -11 -12 -13 -14 -15 -16
leaf_value=0 -1.537130561045017e-05 0 -0.0041869161622367593 2.5629164879795265e-06 0 0 9.1687717096136474e-06 -0.0013457740840749073 0.00099055852464586375 0.00010274130006076459 3.8433201363783936e-06 0 0 -0.00039067879228928582 -0.00027867125125920976
leaf_weight=32478 89 14005 8674 347 30659 11616 245 11632 33200 17982 175 16392 12043 9238 1225
leaf_count=32478 89 14005 8674 347 30659 11616 245 11632 33200 17982 175 16392 12043 9238 1225
internal_value=0.00253515 0.00521684 -0.00130121 0.00238317 0.00222896 0.00855391 -0.00728814 -0.00039699 -0.00127007 0.00107143 0.0210345 0.0070655 0.0104662 -0.00605188 -0.01621
internal_weight=200000 117715 82285 63659 63137 54056 10797 71488 44832 26656 522 30397 23659 9483 1314
internal_count=200000 117715 82285 63659 63137 54056 10797 71488 44832 26656 522 30397 23659 9483 1314
is_linear=0
shrinkage=0.03


Tree=28
num_leaves=16
num_cat=0
split_feature=40 10 40 7 29 6 40 40 40 40 40 36 29 40 40
split_gain=2283.44 1237.57 479.922 199.964 170.954 133.772 127.477 95.1745 381.915 113.703 53.3574 42.9306 24.1032 21.4779 16.4589
threshold=0.0083537800237536448 0.36054041981697088 0.17645703256130221 1.0000000180025095e-35 0.30357143282890325 1.0000000180025095e-35 1.0000000180025095e-35 1.038695812225342 1.2266252636909487 0.55894470214843761 1.0000000180025095e-35 0.25000000745058065 0.37500000000000006 0.010374342557042839 0.010374342557042839
decision_type=2 2 2 2 2 2 2 2 2 2 2 2 2 2 2
left_child=1 3 5 10 11 14 -5 9 -9 -4 -1 -3 -6 -7 -2
right_child=2 4 7 6 12 13 -8 8 -10 -11 -12 -13 -14 -15 -16
leaf_value=0 -1.4910166442136662e-05 0 -0.0040613086773696565 0 0 8.8937085583252496e-06 3.0669368100230445e-06 -0.001355212990140663 0.00059803432938273875 9.8577015201434311e-05 2.3406761538155924e-06 0 0 -0.00037895842852060728 -0.00027031111372143344
leaf_weight=32450 89 14005 8674 30687 11616 245 462 9638 34528 18648 60 16392 12043 9238 1225
leaf_count=32450 89 14005 8674 30687 11616 245 462 9638 34528 18648 60 16392 12043 9238 1225
internal_value=0.00253575 0.00521582 -0.00129829 0.00238128 0.00855391 -0.00719366 0.00409901 -0.000407901 -0.00126885 0.000983823 0.000735466 0.0070655 0.0104662 -0.00595065 -0.0161644
internal_weight=200000 117715 82285 63659 54056 10797 31149 71488 44166 27322 32510 30397 23659 9483 1314
internal_count=200000 117715 82285 63659 54056 10797 31149 71488 44166 27322 32510 30397 23659 9483 1314
is_linear=0
shrinkage=0.03


Tree=29
num_leaves=16
num_cat=0
split_feature=40 10 40 7 29 6 40 40 40 40 40 40 36 29 40
split_gain=2271.34 1237.95 449.021 199.735 170.954 146.015 125.4 100.583 371.233 88.2286 53.3574 47.6553 42.9306 24.1032 16.209
threshold=0.0083537800237536448 0.36054041981697088 0.21087211370468142 1.0000000180025095e-35 0.30357143282890325 1.0000000180025095e-35 1.0000000180025095e-35 1.038695812225342 1.2266252636909487 0.55894470214843761 1.0000000180025095e-35 0.012340211775153877 0.25000000745058065 0.37500000000000006 0.010374342557042839
decision_type=2 2 2 2 2 2 2 2 2 2 2 2 2 2 2
left_child=1 3 5 10 12 14 -5 9 -9 -4 -1 -7 -3 -6 -2
right_child=2 4 7 6 13 11 -8 8 -10 -11 -12 -13 -14 -15 -16
leaf_value=0 -1.4462861448872581e-05 0 -0.0049219209257333413 0 0 8.28954391468348e-06 2.974928705722353e-06 -0.0013145566004364431 0.00058009329950125654 9.5619704745391324e-05 2.2704558692011246e-06 -0.00044515964507411022 0 0 -0.00026721554322636532
leaf_weight=32450 89 14005 7675 30687 11616 468 462 9638 34528 18648 60 10001 16392 12043 1238
leaf_count=32450 89 14005 7675 30687 11616 468 462 9638 34528 18648 60 10001 16392 12043 1238
internal_value=0.00254235 0.00521531 -0.00128152 0.00238034 0.00855391 -0.00669888 0.00409708 -0.000374952 -0.00124983 0.00109296 0.000735466 -0.00551055 0.0070655 0.0104662 -0.0160739
internal_weight=200000 117715 82285 63659 54056 11796 31149 70489 44166 26323 32510 10469 30397 23659 1327
internal_count=200000 117715 82285 63659 54056 11796 31149 70489 44166 26323 32510 10469 30397 23659 1327
is_linear=0
shrinkage=0.03


Tree=30
num_leaves=16
num_cat=0
split_feature=40 10 40 7 29 6 40 40 40 40 40 40 36 29 40
split_gain=2278.49 1237.95 447.331 199.735 170.954 144.61 125.4 91.7967 357.669 83.2497 53.3574 46.4159 42.9306 24.1032 16.0906
threshold=0.0083537800237536448 0.36054041981697088 0.21087211370468142 1.0000000180025095e-35 0.30357143282890325 1.0000000180025095e-35 1.0000000180025095e-35 1.038695812225342 1.286999583244324 0.55894470214843761 1.0000000180025095e-35 0.012340211775153877 0.25000000745058065 0.37500000000000006 0.010374342557042839
decision_type=2 2 2 2 2 2 2 2 2 2 2 2 2 2 2
left_child=1 3 5 10 12 14 -5 9 -9 -4 -1 -7 -3 -6 -2
right_child=2 4 7 6 13 11 -8 8 -10 -11 -12 -13 -14 -15 -16
leaf_value=0 -1.4028975605406418e-05 0 -0.0047742632979613404 0 0 8.0408575972429602e-06 2.8856808445506825e-06 -0.0013699407967242875 0.00092549794003996791 9.2751113603029565e-05 2.2023421931250908e-06 -0.00043180485572188689 0 0 -0.00025919907692957431
leaf_weight=32450 89 14005 7675 30687 11616 468 462 10966 33200 18648 60 10001 16392 12043 1238
leaf_count=32450 89 14005 7675 30687 11616 468 462 10966 33200 18648 60 10001 16392 12043 1238
internal_value=0.00253815 0.00521531 -0.00129173 0.00238034 0.00855391 -0.00669888 0.00409708 -0.000386869 -0.00122266 0.00101546 0.000735466 -0.00551629 0.0070655 0.0104662 -0.0160286
internal_weight=200000 117715 82285 63659 54056 11796 31149 70489 44166 26323 32510 10469 30397 23659 1327
internal_count=200000 117715 82285 63659 54056 11796 31149 70489 44166 26323 32510 10469 30397 23659 1327
is_linear=0
shrinkage=0.03


Tree=31
num_leaves=16
num_cat=0
split_feature=40 10 40 7 29 6 40 40 40 40 40 40 36 29 40
split_gain=2284.93 1238.7 442.289 199.278 170.954 139.677 121.297 87.6657 236.927 107.483 53.3574 46.4159 42.9306 24.1032 17.4049
threshold=0.0083537800237536448 0.36054041981697088 0.21087211370468142 1.0000000180025095e-35 0.30357143282890325 1.0000000180025095e-35 1.0000000180025095e-35 0.99559384584426891 1.3606827855110171 0.68216520547866832 1.0000000180025095e-35 0.012340211775153877 0.25000000745058065 0.37500000000000006 0.010374342557042839
decision_type=2 2 2 2 2 2 2 2 2 2 2 2 2 2 2
left_child=1 3 5 10 12 14 -5 9 -9 -4 -1 -7 -3 -6 -2
right_child=2 4 7 6 13 11 -8 8 -10 -11 -12 -13 -14 -15 -16
leaf_value=0 -1.3608106337244224e-05 0 -0.0045557143552491866 0 0 7.7996318693256911e-06 2.7991104192141619e-06 -0.00064466320177907323 0.0011873841001660806 0.00062962360232671048 2.1362719273313382e-06 -0.00041885071005023027 0 0 -0.00025142310462168704
leaf_weight=32450 89 14005 10006 30687 11616 468 462 17289 31872 11322 60 10001 16392 12043 1238
leaf_count=32450 89 14005 10006 30687 11616 468 462 17289 31872 11322 60 10001 16392 12043 1238
internal_value=0.00253335 0.00521429 -0.00130194 0.00237845 0.00855391 -0.00667854 0.00409323 -0.00040219 -0.00109904 0.00120405 0.000735466 -0.00551629 0.0070655 0.0104662 -0.0158478
internal_weight=200000 117715 82285 63659 54056 11796 31149 70489 49161 21328 32510 10469 30397 23659 1327
internal_count=200000 117715 82285 63659 54056 11796 31149 70489 49161 21328 32510 10469 30397 23659 1327
is_linear=0
shrinkage=0.03


Tree=32
num_leaves=16
num_cat=0
split_feature=40 10 40 7 29 6 40 40 40 40 40 40 36 29 40
split_gain=2173.81 1238.7 461.351 199.278 170.954 138.32 129.296 339.971 121.297 112.423 53.3574 44.7392 42.9306 24.1032 17.1601
threshold=0.0083537800237536448 0.36054041981697088 0.21087211370468142 1.0000000180025095e-35 0.30357143282890325 1.0000000180025095e-35 1.038695812225342 1.286999583244324 1.0000000180025095e-35 0.55894470214843761 1.0000000180025095e-35 0.012340211775153877 0.25000000745058065 0.37500000000000006 0.010374342557042839
decision_type=2 2 2 2 2 2 2 2 2 2 2 2 2 2 2
left_child=1 3 5 10 12 14 9 -8 -5 -4 -1 -7 -3 -6 -2
right_child=2 4 6 8 13 11 7 -9 -10 -11 -12 -13 -14 -15 -16
leaf_value=0 -1.3199863147126886e-05 0 -0.0044943639683650248 0 0 7.5656429132459328e-06 -0.0013095026767691864 0.00086211147883378636 2.7151371066377372e-06 9.3957499760628316e-05 2.072183769511398e-06 -0.00040628518874872335 0 0 -0.00024388041148303645
leaf_weight=32450 89 14005 7675 30687 11616 468 10966 33200 462 18648 60 10001 16392 12043 1238
leaf_count=32450 89 14005 7675 30687 11616 468 10966 33200 462 18648 60 10001 16392 12043 1238
internal_value=0.00259935 0.00521429 -0.00114152 0.00237845 0.00855391 -0.00663276 -0.000222588 -0.00121451 0.00409323 0.0014417 0.000735466 -0.00547617 0.0070655 0.0104662 -0.0157573
internal_weight=200000 117715 82285 63659 54056 11796 70489 44166 31149 26323 32510 10469 30397 23659 1327
internal_count=200000 117715 82285 63659 54056 11796 70489 44166 31149 26323 32510 10469 30397 23659 1327
is_linear=0
shrinkage=0.03


Tree=33
num_leaves=16
num_cat=0
split_feature=40 10 40 7 29 6 40 40 40 40 40 40 36 29 40
split_gain=2164.84 1238.7 436.549 199.278 170.954 140.522 121.297 119.988 325.306 107.121 59.6448 53.3574 42.9306 24.1032 16.9171
threshold=0.0083537800237536448 0.36054041981697088 0.21087211370468142 1.0000000180025095e-35 0.30357143282890325 1.0000000180025095e-35 1.0000000180025095e-35 1.038695812225342 1.3036422133445742 0.55894470214843761 0.014174921903759243 1.0000000180025095e-35 0.25000000745058065 0.37500000000000006 0.010374342557042839
decision_type=2 2 2 2 2 2 2 2 2 2 2 2 2 2 2
left_child=1 3 5 11 12 14 -5 9 -9 -4 -7 -1 -3 -6 -2
right_child=2 4 7 6 13 10 -8 8 -10 -11 -12 -13 -14 -15 -16
leaf_value=0 -1.2803867252713079e-05 0 -0.0043595330493140742 0 0 5.9299230456093947e-06 2.633682993438605e-06 -0.0012952184666939247 0.00089985599629054699 9.1138774767809445e-05 -0.000416608724746908 2.0100182564260558e-06 0 0 -0.00023656399913854535
leaf_weight=32450 89 14005 7675 30687 11616 644 462 11298 32868 18648 9825 60 16392 12043 1238
leaf_count=32450 89 14005 7675 30687 11616 644 462 11298 32868 18648 9825 60 16392 12043 1238
internal_value=0.00260475 0.00521429 -0.0011284 0.00237845 0.00855391 -0.00646999 0.00409323 -0.000234505 -0.00119006 0.00136876 -0.00530423 0.000735466 0.0070655 0.0104662 -0.0156669
internal_weight=200000 117715 82285 63659 54056 11796 31149 70489 44166 26323 10469 32510 30397 23659 1327
internal_count=200000 117715 82285 63659 54056 11796 31149 70489 44166 26323 10469 32510 30397 23659 1327
is_linear=0
shrinkage=0.03


Tree=34
num_leaves=16
num_cat=0
split_feature=40 10 40 7 29 6 40 40 40 40 40 40 36 29 40
split_gain=2166.34 1238.7 437.856 199.278 170.954 138.834 121.297 116.414 327.722 103.682 56.1595 53.3574 42.9306 24.1032 16.7962
threshold=0.0083537800237536448 0.36054041981697088 0.21087211370468142 1.0000000180025095e-35 0.30357143282890325 1.0000000180025095e-35 1.0000000180025095e-35 1.0418481826782229 1.286999583244324 0.55894470214843761 0.014174921903759243 1.0000000180025095e-35 0.25000000745058065 0.37500000000000006 0.010374342557042839
decision_type=2 2 2 2 2 2 2 2 2 2 2 2 2 2 2
left_child=1 3 5 11 12 14 -5 9 -9 -4 -7 -1 -3 -6 -2
right_child=2 4 7 6 13 10 -8 8 -10 -11 -12 -13 -14 -15 -16
leaf_value=0 -1.2419751235131694e-05 0 -0.0042287470578346517 0 0 5.7520253542411338e-06 2.5546725036354468e-06 -0.0013190625026325044 0.00080925245458005643 8.5849199509514565e-05 -0.00040411046300450079 1.9497177087332743e-06 0 0 -0.00022946707916438904
leaf_weight=32450 89 14005 7675 30687 11616 644 462 10633 33200 18981 9825 60 16392 12043 1238
leaf_count=32450 89 14005 7675 30687 11616 644 462 10633 33200 18981 9825 60 16392 12043 1238
internal_value=0.00260385 0.00521429 -0.00113058 0.00237845 0.00855391 -0.00648016 0.00409323 -0.000235356 -0.00118609 0.00132803 -0.00532143 0.000735466 0.0070655 0.0104662 -0.0156217
internal_weight=200000 117715 82285 63659 54056 11796 31149 70489 43833 26656 10469 32510 30397 23659 1327
internal_count=200000 117715 82285 63659 54056 11796 31149 70489 43833 26656 10469 32510 30397 23659 1327
is_linear=0
shrinkage=0.03


Tree=35
num_leaves=16
num_cat=0
split_feature=40 10 40 7 29 6 40 40 40 40 40 40 36 29 40
split_gain=2175.81 1238.7 431.448 199.278 170.954 131.467 121.297 108.209 317.021 98.3589 55.021 53.3574 42.9306 24.1032 16.08
threshold=0.0083537800237536448 0.36054041981697088 0.21087211370468142 1.0000000180025095e-35 0.30357143282890325 1.0000000180025095e-35 1.0000000180025095e-35 1.0418481826782229 1.3036422133445742 0.55894470214843761 0.014174921903759243 1.0000000180025095e-35 0.25000000745058065 0.37500000000000006 0.010374342557042839
decision_type=2 2 2 2 2 2 2 2 2 2 2 2 2 2 2
left_child=1 3 5 11 12 14 -5 9 -9 -4 -7 -1 -3 -6 -2
right_child=2 4 7 6 13 10 -8 8 -10 -11 -12 -13 -14 -15 -16
leaf_value=0 -1.2047158698077764e-05 0 -0.0041018846460996114 0 0 5.5794645936139103e-06 2.4780323285263833e-06 -0.0013080313431287473 0.00084858274276442881 8.3273723524229136e-05 -0.00039198714911436571 1.8912261774712764e-06 0 0 -0.00022258306678945737
leaf_weight=32450 89 14005 7675 30687 11616 644 462 10965 32868 18981 9825 60 16392 12043 1238
leaf_count=32450 89 14005 7675 30687 11616 644 462 10965 32868 18981 9825 60 16392 12043 1238
internal_value=0.00259815 0.00521429 -0.00114444 0.00237845 0.00855391 -0.00645473 0.00409323 -0.000255785 -0.0011724 0.0012515 -0.00532716 0.000735466 0.0070655 0.0104662 -0.0153504
internal_weight=200000 117715 82285 63659 54056 11796 31149 70489 43833 26656 10469 32510 30397 23659 1327
internal_count=200000 117715 82285 63659 54056 11796 31149 70489 43833 26656 10469 32510 30397 23659 1327
is_linear=0
shrinkage=0.03


Tree=36
num_leaves=16
num_cat=0
split_feature=40 10 40 7 29 6 40 40 40 40 40 40 36 29 40
split_gain=2168.83 1238.7 426.509 199.278 170.954 122.149 121.297 102.175 311.665 94.3429 55.021 53.3574 42.9306 24.1032 17.1026
threshold=0.0083537800237536448 0.36054041981697088 0.21087211370468142 1.0000000180025095e-35 0.30357143282890325 1.0000000180025095e-35 1.0000000180025095e-35 1.0451431870460512 1.3036422133445742 0.55894470214843761 0.014174921903759243 1.0000000180025095e-35 0.25000000745058065 0.37500000000000006 0.014174921903759243
decision_type=2 2 2 2 2 2 2 2 2 2 2 2 2 2 2
left_child=1 3 5 11 12 14 -5 9 -9 -4 -7 -1 -3 -6 -2
right_child=2 4 7 6 13 10 -8 8 -10 -11 -12 -13 -14 -15 -16
leaf_value=0 -3.244744688939113e-05 0 -0.0039788281067166236 0 0 5.4120806558054928e-06 2.4036913586705923e-06 -0.0013315361006312296 0.00082312526048149604 7.752033389027726e-05 -0.00038022753464093473 1.8344893921471379e-06 0 0 -0.00041961909528557016
leaf_weight=32450 358 14005 7675 30687 11616 644 462 10632 32868 19314 9825 60 16392 12043 969
leaf_count=32450 358 14005 7675 30687 11616 644 462 10632 32868 19314 9825 60 16392 12043 969
internal_value=0.00260235 0.00521429 -0.00113423 0.00237845 0.00855391 -0.00641404 0.00409323 -0.000250677 -0.00115034 0.00119938 -0.00532716 0.000735466 0.0070655 0.0104662 -0.0149887
internal_weight=200000 117715 82285 63659 54056 11796 31149 70489 43500 26989 10469 32510 30397 23659 1327
internal_count=200000 117715 82285 63659 54056 11796 31149 70489 43500 26989 10469 32510 30397 23659 1327
is_linear=0
shrinkage=0.03


Tree=37
num_leaves=16
num_cat=0
split_feature=40 10 40 7 29 6 40 40 40 40 40 40 36 29 40
split_gain=2164 1239.08 412.08 199.049 170.954 119.762 119.272 95.3471 299.984 90.5066 62.8977 53.3574 42.9306 24.1032 16.0164
threshold=0.0083537800237536448 0.36054041981697088 0.21087211370468142 1.0000000180025095e-35 0.30357143282890325 1.0000000180025095e-35 1.0000000180025095e-35 1.0451431870460512 1.3606827855110171 0.55894470214843761 0.016057942062616352 1.0000000180025095e-35 0.25000000745058065 0.37500000000000006 0.014174921903759243
decision_type=2 2 2 2 2 2 2 2 2 2 2 2 2 2 2
left_child=1 3 5 11 12 14 -5 9 -9 -4 -7 -1 -3 -6 -2
right_child=2 4 7 6 13 10 -8 8 -10 -11 -12 -13 -14 -15 -16
leaf_value=0 -3.1474023482709386e-05 0 -0.0038594632635151247 0 0 4.9599608861780003e-06 2.3315806179104746e-06 -0.0013472518469801271 0.0010244747391725889 7.5194723873568927e-05 -0.00038941409474515262 1.7794547103827237e-06 0 0 -0.00040703052242700304
leaf_weight=32450 358 14005 7675 30687 11616 870 462 11628 31872 19314 9599 60 16392 12043 969
leaf_count=32450 358 14005 7675 30687 11616 870 462 11628 31872 19314 9599 60 16392 12043 969
internal_value=0.00260475 0.00521378 -0.00112767 0.00237751 0.00855391 -0.0063174 0.0040913 -0.000259189 -0.00112828 0.00114158 -0.00524119 0.000735466 0.0070655 0.0104662 -0.0148078
internal_weight=200000 117715 82285 63659 54056 11796 31149 70489 43500 26989 10469 32510 30397 23659 1327
internal_count=200000 117715 82285 63659 54056 11796 31149 70489 43500 26989 10469 32510 30397 23659 1327
is_linear=0
shrinkage=0.03


Tree=38
num_leaves=16
num_cat=0
split_feature=40 10 40 7 29 40 6 40 40 40 40 40 36 29 40
split_gain=2164.64 1239.46 410.234 198.821 170.954 117.263 116.248 88.0855 285.805 86.7499 61.872 53.3574 42.9306 24.1032 16.2057
threshold=0.0083537800237536448 0.36054041981697088 0.21087211370468142 1.0000000180025095e-35 0.30357143282890325 1.0000000180025095e-35 1.0000000180025095e-35 1.0451431870460512 1.3606827855110171 0.55894470214843761 0.016057942062616352 1.0000000180025095e-35 0.25000000745058065 0.37500000000000006 0.014174921903759243
decision_type=2 2 2 2 2 2 2 2 2 2 2 2 2 2 2
left_child=1 3 6 11 12 -5 14 9 -9 -4 -8 -1 -3 -6 -2
right_child=2 4 7 5 13 -7 10 8 -10 -11 -12 -13 -14 -15 -16
leaf_value=0 -3.0529802778228121e-05 0 -0.0037436793656096708 0 0 2.2616331993731607e-06 4.8111620595926456e-06 -0.0013068342915707235 0.00099374049699741123 7.293888215736186e-05 -0.00037773167190279801 1.7260710690712421e-06 0 0 -0.00039481960675419298
leaf_weight=32450 358 14005 7675 30687 11616 462 870 11628 31872 19314 9599 60 16392 12043 969
leaf_count=32450 358 14005 7675 30687 11616 462 870 11628 31872 19314 9599 60 16392 12043 969
internal_value=0.00260385 0.00521327 -0.00112912 0.00237657 0.00855391 0.00408938 -0.00630722 -0.000262594 -0.00109793 0.00108377 -0.00524692 0.000735466 0.0070655 0.0104662 -0.0146722
internal_weight=200000 117715 82285 63659 54056 31149 11796 70489 43500 26989 10469 32510 30397 23659 1327
internal_count=200000 117715 82285 63659 54056 31149 11796 70489 43500 26989 10469 32510 30397 23659 1327
is_linear=0
shrinkage=0.03


Tree=39
num_leaves=16
num_cat=0
split_feature=40 10 40 7 29 40 6 39 40 40 40 36 29 0 40
split_gain=2160.17 1239.46 411.275 198.821 170.954 117.263 116.248 83.6484 93.8224 61.872 53.3574 42.9306 24.1032 19.5917 16.2057
threshold=0.0083537800237536448 0.36054041981697088 0.21087211370468142 1.0000000180025095e-35 0.30357143282890325 1.0000000180025095e-35 1.0000000180025095e-35 0.75000000000000011 1.0486806631088259 0.016057942062616352 1.0000000180025095e-35 0.25000000745058065 0.37500000000000006 2.5000000000000004 0.014174921903759243
decision_type=2 2 2 2 2 2 2 2 2 2 2 2 2 2 2
left_child=1 3 6 10 11 -5 14 8 -4 -8 -1 -3 -6 -9 -2
right_child=2 4 7 5 12 -7 9 13 -10 -11 -12 -13 -14 -15 -16
leaf_value=0 -2.9613908694881249e-05 0 3.6201295911269854e-05 0 0 2.1937842033919658e-06 4.6668271978048908e-06 0.23539260883278715 -0.00090821910894233198 -0.00036639972174571414 1.6742889369991049e-06 0 0 0.061822056000281345 -0.00038297501855156715
leaf_weight=32450 358 14005 27318 30687 11616 462 870 110 42798 9599 60 16392 12043 263 969
leaf_count=32450 358 14005 27318 30687 11616 462 870 110 42798 9599 60 16392 12043 263 969
internal_value=0.00260655 0.00521327 -0.00112256 0.00237657 0.00855391 0.00408938 -0.00630722 -0.000254933 -0.00033031 -0.00524692 0.000735466 0.0070655 0.0104662 0.0139142 -0.0146722
internal_weight=200000 117715 82285 63659 54056 31149 11796 70489 70116 10469 32510 30397 23659 373 1327
internal_count=200000 117715 82285 63659 54056 31149 11796 70489 70116 10469 32510 30397 23659 373 1327
is_linear=0
shrinkage=0.03


Tree=40
num_leaves=16
num_cat=0
split_feature=40 10 40 7 29 40 6 40 40 40 40 40 36 29 40
split_gain=2159.67 1239.46 408.169 198.821 170.954 117.263 110.601 79.1101 270.885 81.4128 60.8548 53.3574 42.9306 24.1032 15.8601
threshold=0.0083537800237536448 0.36054041981697088 0.21087211370468142 1.0000000180025095e-35 0.30357143282890325 1.0000000180025095e-35 1.0000000180025095e-35 1.0486806631088259 1.3606827855110171 0.55894470214843761 0.016057942062616352 1.0000000180025095e-35 0.25000000745058065 0.37500000000000006 0.014174921903759243
decision_type=2 2 2 2 2 2 2 2 2 2 2 2 2 2 2
left_child=1 3 6 11 12 -5 14 9 -9 -4 -8 -1 -3 -6 -2
right_child=2 4 7 5 13 -7 10 8 -10 -11 -12 -13 -14 -15 -16
leaf_value=0 -2.872549143403482e-05 0 -0.0036324550235187188 0 0 2.1279706772902067e-06 4.5268223818707272e-06 -0.0013320616421742108 0.00092696331297145924 6.4580093782035613e-05 -0.00035540773009334268 1.6240602688891317e-06 0 0 -0.00037148576799502013
leaf_weight=32450 358 14005 7675 30687 11616 462 870 11295 31872 19647 9599 60 16392 12043 969
leaf_count=32450 358 14005 7675 30687 11616 462 870 11295 31872 19647 9599 60 16392 12043 969
internal_value=0.00260685 0.00521327 -0.00112183 0.00237657 0.00855391 0.00408938 -0.00628688 -0.000257487 -0.00105706 0.00100578 -0.00525265 0.000735466 0.0070655 0.0104662 -0.0144461
internal_weight=200000 117715 82285 63659 54056 31149 11796 70489 43167 27322 10469 32510 30397 23659 1327
internal_count=200000 117715 82285 63659 54056 31149 11796 70489 43167 27322 10469 32510 30397 23659 1327
is_linear=0
shrinkage=0.03


Tree=41
num_leaves=16
num_cat=0
split_feature=40 10 40 7 29 40 6 34 28 40 40 36 29 39 40
split_gain=2157.48 1240.22 407.711 198.364 170.954 113.297 107.089 78.4967 79.5152 58.8457 53.3574 42.9306 24.1032 20.8199 16.082
threshold=0.0083537800237536448 0.36054041981697088 0.21087211370468142 1.0000000180025095e-35 0.30357143282890325 1.0000000180025095e-35 1.0000000180025095e-35 1.0000000180025095e-35 0.92857143282890331 0.016057942062616352 1.0000000180025095e-35 0.25000000745058065 0.37500000000000006 0.48749999701976782 0.018265789374709133
decision_type=2 2 2 2 2 2 2 2 2 2 2 2 2 2 2
left_child=1 3 6 10 11 -5 14 13 -9 -8 -1 -3 -6 -4 -2
right_child=2 4 7 5 12 -7 9 8 -10 -11 -12 -13 -14 -15 -16
leaf_value=0 -4.1946803006014453e-05 0 0.017404259098036858 0 0 2.0641315569715002e-06 4.3910177104146151e-06 -4.9641136566980362e-05 0.044546816579302422 -0.0003447454981905424 1.5753384608224575e-06 0 0 0.061766462520126693 -0.00053619207908922497
leaf_weight=32450 525 14005 784 30687 11616 462 870 68325 1215 9599 60 16392 12043 165 802
leaf_count=32450 525 14005 784 30687 11616 462 870 68325 1215 9599 60 16392 12043 165 802
internal_value=0.00260715 0.00521225 -0.00111965 0.00237468 0.00855391 0.00408552 -0.00628179 -0.000255785 -0.000372735 -0.00526411 0.000735466 0.0070655 0.0104662 0.00831401 -0.0143105
internal_weight=200000 117715 82285 63659 54056 31149 11796 70489 69540 10469 32510 30397 23659 949 1327
internal_count=200000 117715 82285 63659 54056 31149 11796 70489 69540 10469 32510 30397 23659 949 1327
is_linear=0
shrinkage=0.03


Tree=42
num_leaves=16
num_cat=0
split_feature=40 10 40 7 29 40 6 40 40 40 40 40 36 29 40
split_gain=2140.62 1240.22 391.7 198.364 170.954 113.297 105.662 77.2128 273.961 78.8042 56.965 53.3574 42.9306 24.1032 16.4601
threshold=0.0083537800237536448 0.36054041981697088 0.21087211370468142 1.0000000180025095e-35 0.30357143282890325 1.0000000180025095e-35 1.0000000180025095e-35 1.0553724169731142 1.3036422133445742 0.55894470214843761 0.016057942062616352 1.0000000180025095e-35 0.25000000745058065 0.37500000000000006 0.018265789374709133
decision_type=2 2 2 2 2 2 2 2 2 2 2 2 2 2 2
left_child=1 3 6 11 12 -5 14 9 -9 -4 -8 -1 -3 -6 -2
right_child=2 4 7 5 13 -7 10 8 -10 -11 -12 -13 -14 -15 -16
leaf_value=0 -4.0688398915834001e-05 0 -0.0035219921387161478 0 0 2.0022076102623553e-06 4.2592871791021897e-06 -0.0013722884318582897 0.0007076933263179024 6.3043425974513407e-05 -0.00033440313324482613 1.528078306997784e-06 0 0 -0.00052010631671654817
leaf_weight=32450 525 14005 7675 30687 11616 462 870 9633 32868 20313 9599 60 16392 12043 802
leaf_count=32450 525 14005 7675 30687 11616 462 870 9633 32868 20313 9599 60 16392 12043 802
internal_value=0.00261735 0.00521225 -0.00109485 0.00237468 0.00855391 0.00408552 -0.00615463 -0.000248124 -0.00105386 0.000975418 -0.00514376 0.000735466 0.0070655 0.0104662 -0.0141296
internal_weight=200000 117715 82285 63659 54056 31149 11796 70489 42501 27988 10469 32510 30397 23659 1327
internal_count=200000 117715 82285 63659 54056 31149 11796 70489 42501 27988 10469 32510 30397 23659 1327
is_linear=0
shrinkage=0.03


Tree=43
num_leaves=16
num_cat=0
split_feature=40 10 40 7 29 40 6 28 40 40 40 36 29 29 40
split_gain=2131.38 1240.59 374.243 198.136 170.954 111.339 106.637 75.0171 91.5675 72.7039 53.3574 42.9306 25.3395 24.1032 16.6508
threshold=0.0083537800237536448 0.36054041981697088 0.21087211370468142 1.0000000180025095e-35 0.30357143282890325 1.0000000180025095e-35 1.0000000180025095e-35 0.92857143282890331 1.0553724169731142 0.018265789374709133 1.0000000180025095e-35 0.25000000745058065 0.94642856717109691 0.37500000000000006 0.018265789374709133
decision_type=2 2 2 2 2 2 2 2 2 2 2 2 2 2 2
left_child=1 3 6 10 11 -5 14 8 -4 -8 -1 -3 -9 -6 -2
right_child=2 4 7 5 13 -7 9 12 -10 -11 -12 -13 -14 -15 -16
leaf_value=0 -3.9467746948359007e-05 0 3.2352717137747214e-05 0 0 1.9421413819544847e-06 4.3811109877745468e-06 0.032041601527775763 -0.0010161064000439746 -0.00034905963742671556 1.4822359577878504e-06 0 0.21065761137807773 0 -0.00050450312721505176
leaf_weight=32450 525 14005 27972 30687 11616 462 1145 1083 41302 9324 60 16392 132 12043 802
leaf_count=32450 525 14005 27972 30687 11616 462 1145 1083 41302 9324 60 16392 132 12043 802
internal_value=0.00262245 0.00521174 -0.00108173 0.00237374 0.00855391 0.0040836 -0.00602747 -0.000254082 -0.000383694 -0.00501194 0.000735466 0.0070655 0.0071358 0.0104662 -0.0140392
internal_weight=200000 117715 82285 63659 54056 31149 11796 70489 69274 10469 32510 30397 1215 23659 1327
internal_count=200000 117715 82285 63659 54056 31149 11796 70489 69274 10469 32510 30397 1215 23659 1327
is_linear=0
shrinkage=0.03


Tree=44
num_leaves=16
num_cat=0
split_feature=40 10 40 7 29 40 6 34 28 40 40 36 29 39 40
split_gain=2129.06 1240.97 372.378 197.908 170.954 109.398 103.457 73.8868 75.3165 72.7039 53.3574 42.9306 24.1032 20.0921 16.48
threshold=0.0083537800237536448 0.36054041981697088 0.21087211370468142 1.0000000180025095e-35 0.30357143282890325 1.0000000180025095e-35 1.0000000180025095e-35 1.0000000180025095e-35 0.92857143282890331 0.018265789374709133 1.0000000180025095e-35 0.25000000745058065 0.37500000000000006 0.50892856717109691 0.018265789374709133
decision_type=2 2 2 2 2 2 2 2 2 2 2 2 2 2 2
left_child=1 3 6 10 11 -5 14 13 -9 -8 -1 -3 -6 -4 -2
right_child=2 4 7 5 12 -7 9 8 -10 -11 -12 -13 -14 -15 -16
leaf_value=0 -3.8283714539908246e-05 0 0.016796880818771863 0 0 1.8838771404958499e-06 4.249677658141326e-06 -4.8586310733863044e-05 0.042227933236300544 -0.0003385878483039141 1.4377688790542149e-06 0 0 0.061975107079284837 -0.0004893680333986003
leaf_weight=32450 525 14005 808 30687 11616 462 1145 68325 1215 9324 60 16392 12043 141 802
leaf_count=32450 525 14005 808 30687 11616 462 1145 68325 1215 9324 60 16392 12043 141 802
internal_value=0.00262335 0.00521123 -0.00107881 0.0023728 0.00855391 0.00408167 -0.00601221 -0.000253231 -0.000366695 -0.00501194 0.000735466 0.0070655 0.0104662 0.00806112 -0.0139035
internal_weight=200000 117715 82285 63659 54056 31149 11796 70489 69540 10469 32510 30397 23659 949 1327
internal_count=200000 117715 82285 63659 54056 31149 11796 70489 69540 10469 32510 30397 23659 949 1327
is_linear=0
shrinkage=0.03


Tree=45
num_leaves=16
num_cat=0
split_feature=40 10 40 7 29 40 6 40 40 40 40 40 36 29 40
split_gain=2123.28 1241.35 370.519 197.681 170.954 107.475 98.1328 72.5774 261.097 76.6019 71.7558 53.3574 42.9306 24.1032 17.0056
threshold=0.0083537800237536448 0.36054041981697088 0.21087211370468142 1.0000000180025095e-35 0.30357143282890325 1.0000000180025095e-35 1.0000000180025095e-35 1.0553724169731142 1.3606827855110171 0.55894470214843761 0.018265789374709133 1.0000000180025095e-35 0.25000000745058065 0.37500000000000006 0.010374342557042839
decision_type=2 2 2 2 2 2 2 2 2 2 2 2 2 2 2
left_child=1 3 6 11 12 -5 14 9 -9 -4 -8 -1 -3 -6 -2
right_child=2 4 7 5 13 -7 10 8 -10 -11 -12 -13 -14 -15 -16
leaf_value=0 -2.2904238364546138e-06 0 -0.0034158453667467799 0 0 1.8273608262809747e-06 4.1221873283970965e-06 -0.0013907280174810417 0.00084024099673639645 6.1202179853739677e-05 -0.00032843021285479667 1.3946358126825883e-06 0 0 -0.00012601174030270972
leaf_weight=32450 89 14005 7675 30687 11616 462 1145 10629 31872 20313 9324 60 16392 12043 1238
leaf_count=32450 89 14005 7675 30687 11616 462 1145 10629 31872 20313 9324 60 16392 12043 1238
internal_value=0.00262635 0.00521072 -0.00107079 0.00237186 0.00855391 0.00407975 -0.00599186 -0.000247273 -0.00102845 0.000938974 -0.00501767 0.000735466 0.0070655 0.0104662 -0.0136775
internal_weight=200000 117715 82285 63659 54056 31149 11796 70489 42501 27988 10469 32510 30397 23659 1327
internal_count=200000 117715 82285 63659 54056 31149 11796 70489 42501 27988 10469 32510 30397 23659 1327
is_linear=0
shrinkage=0.03


Tree=46
num_leaves=16
num_cat=0
split_feature=40 10 40 7 29 40 6 40 34 28 40 36 29 27 40
split_gain=2127.72 1241.35 368.003 197.681 170.954 107.475 94.9548 70.8139 70.6133 70.3937 53.3574 42.9306 24.1032 20.677 18.1952
threshold=0.0083537800237536448 0.36054041981697088 0.21087211370468142 1.0000000180025095e-35 0.30357143282890325 1.0000000180025095e-35 1.0000000180025095e-35 0.018265789374709133 1.0000000180025095e-35 0.92857143282890331 1.0000000180025095e-35 0.25000000745058065 0.37500000000000006 0.70386826992034923 0.018265789374709133
decision_type=2 2 2 2 2 2 2 2 2 2 2 2 2 2 2
left_child=1 3 6 10 11 -5 14 -8 13 -10 -1 -3 -6 -4 -2
right_child=2 4 8 5 12 -7 7 -9 9 -11 -12 -13 -14 -15 -16
leaf_value=0 -3.4369536152899004e-05 0 0.026578393334148208 0 0 1.7725400014925455e-06 3.9985217085452066e-06 -0.00031857730646915275 -4.6447473986993173e-05 0.040935888009309432 1.3527967383021108e-06 0 0 0.0070094686565916739 -0.00047090664018756094
leaf_weight=32450 525 14005 565 30687 11616 462 1145 9324 68325 1215 60 16392 12043 384 802
leaf_count=32450 525 14005 565 30687 11616 462 1145 9324 68325 1215 60 16392 12043 384 802
internal_value=0.00262365 0.00521072 -0.00107735 0.00237186 0.00855391 0.00407975 -0.00598169 -0.0050234 -0.000256636 -0.000367558 0.000735466 0.0070655 0.0104662 0.00787144 -0.0135418
internal_weight=200000 117715 82285 63659 54056 31149 11796 10469 70489 69540 32510 30397 23659 949 1327
internal_count=200000 117715 82285 63659 54056 31149 11796 10469 70489 69540 32510 30397 23659 949 1327
is_linear=0
shrinkage=0.03


Tree=47
num_leaves=16
num_cat=0
split_feature=40 10 40 7 29 40 6 40 40 40 40 40 36 29 40
split_gain=2122.79 1241.35 368.335 197.681 170.954 107.475 93.9495 70.8139 70.6994 252.838 75.5763 53.3574 42.9306 24.1032 18.7788
threshold=0.0083537800237536448 0.36054041981697088 0.21087211370468142 1.0000000180025095e-35 0.30357143282890325 1.0000000180025095e-35 1.0000000180025095e-35 0.018265789374709133 1.0553724169731142 1.3606827855110171 0.55894470214843761 1.0000000180025095e-35 0.25000000745058065 0.37500000000000006 0.018265789374709133
decision_type=2 2 2 2 2 2 2 2 2 2 2 2 2 2 2
left_child=1 3 6 11 12 -5 14 -8 10 -10 -4 -1 -3 -6 -2
right_child=2 4 8 5 13 -7 7 -9 9 -11 -12 -13 -14 -15 -16
leaf_value=0 -3.3338450068312024e-05 0 -0.0033119765815247666 0 0 1.7193638014477692e-06 3.878566057288826e-06 -0.00030901998727507821 -0.0013476127527370005 0.0008115899721194581 5.930204086910865e-05 1.3122128361530473e-06 0 0 -0.00045677944098193406
leaf_weight=32450 525 14005 7675 30687 11616 462 1145 9324 10629 31872 20313 60 16392 12043 802
leaf_count=32450 525 14005 7675 30687 11616 462 1145 9324 10629 31872 20313 60 16392 12043 802
internal_value=0.00262665 0.00521072 -0.00107006 0.00237186 0.00855391 0.00407975 -0.0059766 -0.0050234 -0.000248975 -0.00101998 0.000921824 0.000735466 0.0070655 0.0104662 -0.0134966
internal_weight=200000 117715 82285 63659 54056 31149 11796 10469 70489 42501 27988 32510 30397 23659 1327
internal_count=200000 117715 82285 63659 54056 31149 11796 10469 70489 42501 27988 32510 30397 23659 1327
is_linear=0
shrinkage=0.03


Tree=48
num_leaves=16
num_cat=0
split_feature=40 10 40 7 29 40 6 40 39 40 40 36 29 40 0
split_gain=2127.72 1241.35 365.717 197.681 170.954 107.475 89.733 68.9488 66.9033 72.775 53.3574 42.9306 24.1032 18.2162 12.3567
threshold=0.0083537800237536448 0.36054041981697088 0.21087211370468142 1.0000000180025095e-35 0.30357143282890325 1.0000000180025095e-35 1.0000000180025095e-35 0.018265789374709133 0.79999998211860668 1.0553724169731142 1.0000000180025095e-35 0.25000000745058065 0.37500000000000006 0.018265789374709133 2.5000000000000004
decision_type=2 2 2 2 2 2 2 2 2 2 2 2 2 2 2
left_child=1 3 6 10 11 -5 13 -8 9 -4 -1 -3 -6 -2 -10
right_child=2 4 8 5 12 -7 7 -9 14 -11 -12 -13 -14 -15 -16
leaf_value=0 -3.2338296566262678e-05 0 2.9593169035804047e-05 0 0 1.6677828874043363e-06 3.762209075570174e-06 -0.00029974938765682584 0.31160693926993838 -0.00085374307810738993 1.2728464510684559e-06 0 0 -0.00044307605775247613 0.095050145562850047
leaf_weight=32450 525 14005 27987 30687 11616 462 1145 9324 78 42227 60 16392 12043 802 197
leaf_count=32450 525 14005 27987 30687 11616 462 1145 9324 78 42227 60 16392 12043 802 197
internal_value=0.00262365 0.00521072 -0.00107735 0.00237186 0.00855391 0.00407975 -0.00596643 -0.00503486 -0.000259189 -0.000317031 0.000735466 0.0070655 0.0104662 -0.0133157 0.0145091
internal_weight=200000 117715 82285 63659 54056 31149 11796 10469 70489 70214 32510 30397 23659 1327 275
internal_count=200000 117715 82285 63659 54056 31149 11796 10469 70489 70214 32510 30397 23659 1327 275
is_linear=0
shrinkage=0.03


Tree=49
num_leaves=16
num_cat=0
split_feature=40 10 40 7 29 40 6 39 40 40 40 36 29 40 0
split_gain=2113.39 1242.49 351.305 196.998 170.954 101.807 90.3828 66.8725 71.2991 65.5625 53.3574 42.9306 24.1032 21.4836 12.3567
threshold=0.0083537800237536448 0.36054041981697088 0.21087211370468142 1.0000000180025095e-35 0.30357143282890325 1.0000000180025095e-35 1.0000000180025095e-35 0.79999998211860668 0.99559384584426891 0.018265789374709133 1.0000000180025095e-35 0.25000000745058065 0.37500000000000006 0.010374342557042839 2.5000000000000004
decision_type=2 2 2 2 2 2 2 2 2 2 2 2 2 2 2
left_child=1 3 6 10 11 -5 13 8 -4 -8 -1 -3 -6 -2 -9
right_child=2 4 7 5 12 -7 9 14 -10 -11 -12 -13 -14 -15 -16
leaf_value=0 7.7967736226321196e-07 0 0.00040356152934073615 0 0 1.6177494007822062e-06 3.6493428033030662e-06 0.3022587310918402 -8.3341278391634398e-05 -0.00029075690602712109 1.2346610575364021e-06 0 0 -0.00010500860660688389 0.092198641195964562
leaf_weight=32450 89 14005 21328 30687 11616 462 1145 78 48886 9324 60 16392 12043 1238 197
leaf_count=32450 89 14005 21328 30687 11616 462 1145 78 48886 9324 60 16392 12043 1238 197
internal_value=0.00263085 0.00520919 -0.00105767 0.00236903 0.00855391 0.00407397 -0.00584944 -0.000255785 -0.000313613 -0.00491451 0.000735466 0.0070655 0.0104662 -0.0132253 0.0145091
internal_weight=200000 117715 82285 63659 54056 31149 11796 70489 70214 10469 32510 30397 23659 1327 275
internal_count=200000 117715 82285 63659 54056 31149 11796 70489 70214 10469 32510 30397 23659 1327 275
is_linear=0
shrinkage=0.03


Tree=50
num_leaves=16
num_cat=0
split_feature=40 10 40 7 29 40 6 40 40 40 40 40 36 40 29
split_gain=2090.14 1243.24 336.251 196.544 170.954 98.1137 86.0451 65.4716 244.933 72.5493 63.3627 53.3574 42.9306 25.6908 24.1032
threshold=0.0083537800237536448 0.36054041981697088 0.21087211370468142 1.0000000180025095e-35 0.30357143282890325 1.0000000180025095e-35 1.0000000180025095e-35 1.0587456822395327 1.3606827855110171 0.55894470214843761 0.018265789374709133 1.0000000180025095e-35 0.25000000745058065 0.012340211775153877 0.37500000000000006
decision_type=2 2 2 2 2 2 2 2 2 2 2 2 2 2 2
left_child=1 3 6 11 12 -5 13 9 -9 -4 -8 -1 -3 -2 -6
right_child=2 4 7 5 14 -7 10 8 -10 -11 -12 -13 -14 -15 -16
leaf_value=0 -3.2469566074155504e-06 0 -0.0032256119250303199 0 0 1.56921691875874e-06 3.5398625192039832e-06 -0.0014072109370622042 0.00080530878694124147 5.394136374522386e-05 -0.00028203419884630744 1.19762122581031e-06 0 -0.0001374731478367288 0
leaf_weight=32450 200 14005 7675 30687 11616 462 1145 10296 31872 20646 9324 60 16392 1127 12043
leaf_count=32450 200 14005 7675 30687 11616 462 1145 10296 31872 20646 9324 60 16392 1127 12043
internal_value=0.00264405 0.00520817 -0.00102412 0.00236714 0.00855391 0.00407011 -0.00571211 -0.000239612 -0.000988902 0.000876028 -0.00479989 0.000735466 0.0070655 -0.0129088 0.0104662
internal_weight=200000 117715 82285 63659 54056 31149 11796 70489 42168 28321 10469 32510 30397 1327 23659
internal_count=200000 117715 82285 63659 54056 31149 11796 70489 42168 28321 10469 32510 30397 1327 23659
is_linear=0
shrinkage=0.03


Tree=51
num_leaves=16
num_cat=0
split_feature=40 10 40 7 29 40 6 40 28 40 40 36 40 29 12
split_gain=2077.11 1243.62 311.708 196.317 170.954 96.2927 88.5222 92.4199 64.3138 76.8125 53.3574 42.9306 25.2241 24.1032 23.6098
threshold=0.0083537800237536448 0.36054041981697088 0.21087211370468142 1.0000000180025095e-35 0.30357143282890325 1.0000000180025095e-35 1.0000000180025095e-35 0.020560622215271 0.92857143282890331 1.0587456822395327 1.0000000180025095e-35 0.25000000745058065 0.012340211775153877 0.37500000000000006 0.80357143282890331
decision_type=2 2 2 2 2 2 2 2 2 2 2 2 2 2 2
left_child=1 3 6 10 11 -5 12 -8 9 -4 -1 -3 -2 -6 -10
right_child=2 4 8 5 13 -7 7 -9 14 -11 -12 -13 -14 -15 -16
leaf_value=0 -3.1495479091931016e-06 0 2.8790433716539277e-05 0 0 1.522140411195978e-06 3.6879043617349391e-06 -0.00028124620877732569 -0.007984149741625866 -0.00095097933073016159 1.1616925890360007e-06 0 -0.00013334895340162694 0 0.052250233386474519
leaf_weight=32450 200 14005 28305 30687 11616 462 1427 9042 246 40969 60 16392 1127 12043 969
leaf_count=32450 200 14005 28305 30687 11616 462 1427 9042 246 40969 60 16392 1127 12043 969
internal_value=0.00265155 0.00520766 -0.00100516 0.0023662 0.00855391 0.00406819 -0.00551882 -0.00459356 -0.000249826 -0.000369836 0.000735466 0.0070655 -0.0128184 0.0104662 0.00659259
internal_weight=200000 117715 82285 63659 54056 31149 11796 10469 70489 69274 32510 30397 1327 23659 1215
internal_count=200000 117715 82285 63659 54056 31149 11796 10469 70489 69274 32510 30397 1327 23659 1215
is_linear=0
shrinkage=0.03


Tree=52
num_leaves=16
num_cat=0
split_feature=40 10 40 7 29 40 6 40 34 39 40 36 40 29 39
split_gain=2075.45 1244.38 311.207 195.863 170.954 92.7017 87.5516 92.4199 64.049 61.9367 53.3574 42.9306 26.5502 24.1032 20.718
threshold=0.0083537800237536448 0.36054041981697088 0.21087211370468142 1.0000000180025095e-35 0.30357143282890325 1.0000000180025095e-35 1.0000000180025095e-35 0.020560622215271 1.0000000180025095e-35 0.79999998211860668 1.0000000180025095e-35 0.25000000745058065 0.012340211775153877 0.37500000000000006 0.50178572535514843
decision_type=2 2 2 2 2 2 2 2 2 2 2 2 2 2 2
left_child=1 3 6 10 11 -5 12 -8 14 -10 -1 -3 -2 -6 -4
right_child=2 4 8 5 13 -7 7 -9 9 -11 -12 -13 -14 -15 -16
leaf_value=0 -3.0550614719173154e-06 0 0.016274033822897334 0 0 1.4764761988600987e-06 3.5772672308829327e-06 -0.00027280882251400594 -3.3262346619337827e-05 0.11831084450204843 1.1268418113649207e-06 0 -0.00012934848479957814 0 0.059072745737056911
leaf_weight=32450 200 14005 798 30687 11616 462 1427 9042 69265 275 60 16392 1127 12043 151
leaf_count=32450 200 14005 798 30687 11616 462 1427 9042 69265 275 60 16392 1127 12043 151
internal_value=0.00265155 0.00520664 -0.00100371 0.00236432 0.00855391 0.00406434 -0.00551373 -0.00459356 -0.000248975 -0.000354616 0.000735466 0.0070655 -0.0127732 0.0104662 0.0074921
internal_weight=200000 117715 82285 63659 54056 31149 11796 10469 70489 69540 32510 30397 1327 23659 949
internal_count=200000 117715 82285 63659 54056 31149 11796 10469 70489 69540 32510 30397 1327 23659 949
is_linear=0
shrinkage=0.03


Tree=53
num_leaves=16
num_cat=0
split_feature=40 10 40 7 29 40 6 40 40 40 40 40 36 40 29
split_gain=2068.73 1245.9 310.209 194.957 170.954 85.7244 84.6719 92.4199 59.9301 124.94 97.1313 53.3574 42.9306 26.2305 24.1032
threshold=0.0083537800237536448 0.36054041981697088 0.21087211370468142 1.0000000180025095e-35 0.30357143282890325 1.0000000180025095e-35 1.0000000180025095e-35 0.020560622215271 0.99559384584426891 1.3606827855110171 0.55894470214843761 1.0000000180025095e-35 0.25000000745058065 0.014174921903759243 0.37500000000000006
decision_type=2 2 2 2 2 2 2 2 2 2 2 2 2 2 2
left_child=1 3 6 11 12 -5 13 -8 10 -10 -4 -1 -3 -2 -6
right_child=2 4 8 5 14 -7 7 -9 9 -11 -12 -13 -14 -15 -16
leaf_value=0 -1.5225891818796731e-05 0 -0.0031287094098923262 0 0 1.4321819128942955e-06 3.4699492139564011e-06 -0.00026462455783858585 -0.00011359324590917319 0.00077750773862083971 0.00058467086710114059 1.0930365570239733e-06 0 -0.00023877751610650177 0
leaf_weight=32450 358 14005 7675 30687 11616 462 1427 9042 17289 31872 13653 60 16392 969 12043
leaf_count=32450 358 14005 7675 30687 11616 462 1427 9042 17289 31872 13653 60 16392 969 12043
internal_value=0.00265365 0.0052046 -0.000995686 0.00236055 0.00855391 0.00405663 -0.00549847 -0.00459356 -0.000242165 -0.000818332 0.0010859 0.000735466 0.0070655 -0.0126375 0.0104662
internal_weight=200000 117715 82285 63659 54056 31149 11796 10469 70489 49161 21328 32510 30397 1327 23659
internal_count=200000 117715 82285 63659 54056 31149 11796 10469 70489 49161 21328 32510 30397 1327 23659
is_linear=0
shrinkage=0.03


Tree=54
num_leaves=16
num_cat=0
split_feature=40 10 40 7 29 40 6 40 40 40 40 40 36 40 29
split_gain=2060.95 1245.9 311.117 194.957 170.954 85.7244 83.7227 92.4199 62.8084 226.417 71.8105 53.3574 42.9306 26.3088 24.1032
threshold=0.0083537800237536448 0.36054041981697088 0.21087211370468142 1.0000000180025095e-35 0.30357143282890325 1.0000000180025095e-35 1.0000000180025095e-35 0.020560622215271 1.0587456822395327 1.3606827855110171 0.55894470214843761 1.0000000180025095e-35 0.25000000745058065 0.018265789374709133 0.37500000000000006
decision_type=2 2 2 2 2 2 2 2 2 2 2 2 2 2 2
left_child=1 3 6 11 12 -5 13 -8 10 -10 -4 -1 -3 -2 -6
right_child=2 4 8 5 14 -7 7 -9 9 -11 -12 -13 -14 -15 -16
leaf_value=0 -2.4796166972595924e-05 0 -0.0030348481275955567 0 0 1.3892164555074668e-06 3.3658507375377081e-06 -0.00025668582110342829 -0.0013320595612525781 0.00075418250646221618 5.1530998133573816e-05 1.0602454603132539e-06 0 -0.00040746507475736233 0
leaf_weight=32450 525 14005 7675 30687 11616 462 1427 9042 10296 31872 20646 60 16392 802 12043
leaf_count=32450 525 14005 7675 30687 11616 462 1427 9042 10296 31872 20646 60 16392 802 12043
internal_value=0.00265845 0.0052046 -0.000984019 0.00236055 0.00855391 0.00405663 -0.00549339 -0.00459356 -0.000229397 -0.00096329 0.000863317 0.000735466 0.0070655 -0.0125923 0.0104662
internal_weight=200000 117715 82285 63659 54056 31149 11796 10469 70489 42168 28321 32510 30397 1327 23659
internal_count=200000 117715 82285 63659 54056 31149 11796 10469 70489 42168 28321 32510 30397 1327 23659
is_linear=0
shrinkage=0.03


Tree=55
num_leaves=16
num_cat=0
split_feature=40 10 40 7 29 40 6 40 40 40 40 40 36 40 29
split_gain=2057.22 1246.28 309.017 194.731 170.954 84.0227 77.9082 90.5375 60.03 232.16 68.7747 53.3574 42.9306 27.6578 24.1032
threshold=0.0083537800237536448 0.36054041981697088 0.21087211370468142 1.0000000180025095e-35 0.30357143282890325 1.0000000180025095e-35 1.0000000180025095e-35 0.020560622215271 1.0662958621978762 1.3606827855110171 0.55894470214843761 1.0000000180025095e-35 0.25000000745058065 0.014174921903759243 0.37500000000000006
decision_type=2 2 2 2 2 2 2 2 2 2 2 2 2 2 2
left_child=1 3 6 11 12 -5 13 -8 10 -10 -4 -1 -3 -2 -6
right_child=2 4 8 5 14 -7 7 -9 9 -11 -12 -13 -14 -15 -16
leaf_value=0 -1.4025230055054954e-05 0 -0.0029438026837676897 0 0 1.3475399618422428e-06 3.2648752154115778e-06 -0.00024898524647032545 -0.0014583039588309007 0.0007315570312683516 4.9514923811498389e-05 1.0284380965038564e-06 0 -0.00021939023838058589 0
leaf_weight=32450 358 14005 7675 30687 11616 462 1427 9042 9630 31872 21312 60 16392 969 12043
leaf_count=32450 358 14005 7675 30687 11616 462 1427 9042 9630 31872 21312 60 16392 969 12043
internal_value=0.00266025 0.00520409 -0.000978915 0.0023596 0.00855391 0.0040547 -0.00547304 -0.00460502 -0.000226844 -0.000958508 0.000820713 0.000735466 0.0070655 -0.012321 0.0104662
internal_weight=200000 117715 82285 63659 54056 31149 11796 10469 70489 41502 28987 32510 30397 1327 23659
internal_count=200000 117715 82285 63659 54056 31149 11796 10469 70489 41502 28987 32510 30397 1327 23659
is_linear=0
shrinkage=0.03


Tree=56
num_leaves=16
num_cat=0
split_feature=40 10 40 7 29 40 6 40 34 40 40 36 40 29 40
split_gain=2058.67 1246.28 305.926 194.731 170.954 84.0227 72.303 88.6744 59.6739 60.1549 53.3574 42.9306 30.1884 24.1032 20.5832
threshold=0.0083537800237536448 0.36054041981697088 0.21087211370468142 1.0000000180025095e-35 0.30357143282890325 1.0000000180025095e-35 1.0000000180025095e-35 0.020560622215271 1.0000000180025095e-35 1.0705034732818606 1.0000000180025095e-35 0.25000000745058065 0.018265789374709133 0.37500000000000006 2.349014520645142
decision_type=2 2 2 2 2 2 2 2 2 2 2 2 2 2 2
left_child=1 3 6 10 11 -5 12 -8 14 -10 -1 -3 -2 -6 -4
right_child=2 4 8 5 13 -7 7 -9 9 -11 -12 -13 -14 -15 -16
leaf_value=0 -2.2220096386710869e-05 0 0.016370050452703247 0 0 1.3071137629869754e-06 3.1669289589492803e-06 -0.00024151568907621561 2.4608379173394691e-05 -0.001004424698942399 9.975849536087407e-07 0 -0.00038865941536322387 0 0.10052135937469421
leaf_weight=32450 525 14005 830 30687 11616 462 1427 9042 28812 40728 60 16392 802 12043 119
leaf_count=32450 525 14005 830 30687 11616 462 1427 9042 28812 40728 60 16392 802 12043 119
internal_value=0.00265935 0.00520409 -0.000981102 0.0023596 0.00855391 0.0040547 -0.0054527 -0.00461649 -0.000232802 -0.000334771 0.000735466 0.0070655 -0.0120497 0.0104662 0.0072392
internal_weight=200000 117715 82285 63659 54056 31149 11796 10469 70489 69540 32510 30397 1327 23659 949
internal_count=200000 117715 82285 63659 54056 31149 11796 10469 70489 69540 32510 30397 1327 23659 949
is_linear=0
shrinkage=0.03


Tree=57
num_leaves=16
num_cat=0
split_feature=40 10 40 7 29 40 40 8 8 40 40 40 40 36 29
split_gain=2058.67 1246.28 299.694 194.731 170.954 84.0227 70.5237 98.2911 77 58.8325 116.375 98.335 53.3574 42.9306 24.1032
threshold=0.0083537800237536448 0.36054041981697088 0.21087211370468142 1.0000000180025095e-35 0.30357143282890325 1.0000000180025095e-35 0.020560622215271 1.366071403026581 1.2589285969734194 0.992779701948166 1.3606827855110171 0.68216520547866832 1.0000000180025095e-35 0.25000000745058065 0.37500000000000006
decision_type=2 2 2 2 2 2 2 2 2 2 2 2 2 2 2
left_child=1 3 6 12 13 -5 8 -8 -2 11 -11 -4 -1 -3 -6
right_child=2 4 9 5 14 -7 7 -9 -10 10 -12 -13 -14 -15 -16
leaf_value=0 -4.9784263525008001e-06 0 -0.0027809058108565479 0 0 1.267900350097366e-06 -0.00023427021840392921 -0.00091634853198000789 7.1017919833695501e-05 -7.2239375231437702e-05 0.00073974306129857208 0.00060767350521088266 9.676574050004784e-07 0 0
leaf_weight=32450 1890 14005 10006 30687 11616 462 9440 349 117 17622 31872 10989 60 16392 12043
leaf_count=32450 1890 14005 10006 30687 11616 462 9440 349 117 17622 31872 10989 60 16392 12043
internal_value=0.00265935 0.00520409 -0.000981102 0.0023596 0.00855391 0.0040547 -0.00540692 -0.00645725 -0.000284006 -0.000240463 -0.000804946 0.00109026 0.000735466 0.0070655 0.0104662
internal_weight=200000 117715 82285 63659 54056 31149 11796 9789 2007 70489 49494 20995 32510 30397 23659
internal_count=200000 117715 82285 63659 54056 31149 11796 9789 2007 70489 49494 20995 32510 30397 23659
is_linear=0
shrinkage=0.03


Tree=58
num_leaves=16
num_cat=0
split_feature=40 10 40 7 29 40 40 8 8 40 40 40 40 36 29
split_gain=2035.92 1246.28 294.712 194.731 170.954 84.0227 70.2096 90.7209 73.3115 59.991 232.748 68.7187 53.3574 42.9306 24.1032
threshold=0.0083537800237536448 0.36054041981697088 0.21087211370468142 1.0000000180025095e-35 0.30357143282890325 1.0000000180025095e-35 0.020560622215271 1.366071403026581 1.2589285969734194 1.0705034732818606 1.3606827855110171 0.55894470214843761 1.0000000180025095e-35 0.25000000745058065 0.37500000000000006
decision_type=2 2 2 2 2 2 2 2 2 2 2 2 2 2 2
left_child=1 3 6 12 13 -5 8 -8 -2 11 -11 -4 -1 -3 -6
right_child=2 4 9 5 14 -7 7 -9 -10 10 -12 -13 -14 -15 -16
leaf_value=0 -4.8290735619257657e-06 0 -0.0027727996803041648 0 0 1.2298633395944451e-06 -0.00022724211185181135 -0.00088885807602060763 6.8887382238684653e-05 -0.0015264262228415406 0.00071755076945961545 4.4358672062160613e-05 9.38627682850464e-07 0 0
leaf_weight=32450 1890 14005 7675 30687 11616 462 9440 349 117 9297 31872 21645 60 16392 12043
leaf_count=32450 1890 14005 7675 30687 11616 462 9440 349 117 9297 31872 21645 60 16392 12043
internal_value=0.00267345 0.00520409 -0.000946831 0.0023596 0.00855391 0.0040547 -0.00533571 -0.0063837 -0.000224215 -0.000212374 -0.000950958 0.000824693 0.000735466 0.0070655 0.0104662
internal_weight=200000 117715 82285 63659 54056 31149 11796 9789 2007 70489 41169 29320 32510 30397 23659
internal_count=200000 117715 82285 63659 54056 31149 11796 9789 2007 70489 41169 29320 32510 30397 23659
is_linear=0
shrinkage=0.03


Tree=59
num_leaves=16
num_cat=0
split_feature=40 10 40 7 29 40 40 8 8 34 28 40 36 29 31
split_gain=2031.24 1246.66 284.749 194.505 170.954 82.3381 68.8023 83.6672 66.7494 57.4442 59.2239 53.3574 42.9306 24.1032 21.2321
threshold=0.0083537800237536448 0.36054041981697088 0.21087211370468142 1.0000000180025095e-35 0.30357143282890325 1.0000000180025095e-35 0.020560622215271 1.366071403026581 1.2589285969734194 1.0000000180025095e-35 0.92857143282890331 1.0000000180025095e-35 0.25000000745058065 0.37500000000000006 0.65653356909751903
decision_type=2 2 2 2 2 2 2 2 2 2 2 2 2 2 2
left_child=1 3 6 11 12 -5 8 -8 -2 14 -11 -1 -3 -6 -4
right_child=2 4 9 5 13 -7 7 -9 -10 10 -12 -13 -14 -15 -16
leaf_value=0 -4.6842013550680082e-06 0 -0.0010694188551111953 0 0 1.1929674394066118e-06 -0.000220424848496257 -0.00086219233373998933 6.6820760771524093e-05 -3.2167691088947772e-05 0.037785311407541419 9.1046885236495017e-07 0 0 0.024628897908023088
leaf_weight=32450 1890 14005 232 30687 11616 462 9440 349 117 68325 1215 60 16392 12043 717
leaf_count=32450 1890 14005 232 30687 11616 462 9440 349 117 68325 1215 60 16392 12043 717
internal_value=0.00267585 0.00520358 -0.000940269 0.00235866 0.00855391 0.00405278 -0.00525432 -0.00629176 -0.00019432 -0.000218332 -0.000318378 0.000735466 0.0070655 0.0104662 0.00711275
internal_weight=200000 117715 82285 63659 54056 31149 11796 9789 2007 70489 69540 32510 30397 23659 949
internal_count=200000 117715 82285 63659 54056 31149 11796 9789 2007 70489 69540 32510 30397 23659 949
is_linear=0
shrinkage=0.03


Tree=60
num_leaves=16
num_cat=0
split_feature=40 10 40 7 29 40 40 8 8 40 40 40 40 36 29
split_gain=2021.27 1247.04 274.02 194.28 170.954 80.6706 65.4042 74.5865 63.8497 57.9944 219.372 67.4561 53.3574 42.9306 24.1032
threshold=0.0083537800237536448 0.36054041981697088 0.21087211370468142 1.0000000180025095e-35 0.30357143282890325 1.0000000180025095e-35 0.020560622215271 0.9553571641445161 1.2589285969734194 1.0705034732818606 1.3606827855110171 0.55894470214843761 1.0000000180025095e-35 0.25000000745058065 0.37500000000000006
decision_type=2 2 2 2 2 2 2 2 2 2 2 2 2 2 2
left_child=1 3 6 12 13 -5 8 -8 -2 11 -11 -4 -1 -3 -6
right_child=2 4 9 5 14 -7 7 -9 -10 10 -12 -13 -14 -15 -16
leaf_value=0 -4.5436753144159273e-06 0 -0.0026886506591623717 0 0 1.1571784162244133e-06 -0.00021381210304136932 -0.00075892304069989278 6.4816137948378372e-05 -0.001479668405423626 0.00066195283819659692 4.2942695846793682e-05 8.8315478679400166e-07 0 0
leaf_weight=32450 1890 14005 7675 30687 11616 462 9281 508 117 9297 31872 21645 60 16392 12043
leaf_count=32450 1890 14005 7675 30687 11616 462 9281 508 117 9297 31872 21645 60 16392 12043
internal_value=0.00268155 0.00520308 -0.000925685 0.00235772 0.00855391 0.00405085 -0.00515768 -0.00616917 -0.000224215 -0.000217481 -0.000943671 0.000802183 0.000735466 0.0070655 0.0104662
internal_weight=200000 117715 82285 63659 54056 31149 11796 9789 2007 70489 41169 29320 32510 30397 23659
internal_count=200000 117715 82285 63659 54056 31149 11796 9789 2007 70489 41169 29320 32510 30397 23659
is_linear=0
shrinkage=0.03


Tree=61
num_leaves=16
num_cat=0
split_feature=40 10 40 7 29 40 40 8 10 40 40 40 40 36 29
split_gain=2019.01 1247.41 268.497 194.054 170.954 79.0201 69.0292 82.6228 64.3471 55.7033 100.725 97.0793 53.3574 42.9306 24.1032
threshold=0.0083537800237536448 0.36054041981697088 0.21087211370468142 1.0000000180025095e-35 0.30357143282890325 1.0000000180025095e-35 0.02290768921375275 1.366071403026581 1.2055885791778567 0.992779701948166 1.3606827855110171 0.55894470214843761 1.0000000180025095e-35 0.25000000745058065 0.37500000000000006
decision_type=2 2 2 2 2 2 2 2 2 2 2 2 2 2 2
left_child=1 3 6 12 13 -5 8 -8 -2 11 -11 -4 -1 -3 -6
right_child=2 4 9 5 14 -7 7 -9 -10 10 -12 -13 -14 -15 -16
leaf_value=0 -4.0421183057300429e-06 0 -0.0026079911393875003 0 0 1.122463063737681e-06 -0.00022134949753598409 -0.00085597930279802286 9.8329375827871482e-05 -6.4131390564539246e-05 0.00064209425305069906 0.00062201600445158838 8.5666014319018159e-07 0 0
leaf_weight=32450 2246 14005 7675 30687 11616 462 9116 339 95 17622 31872 13320 60 16392 12043
leaf_count=32450 2246 14005 7675 30687 11616 462 9116 339 95 17622 31872 13320 60 16392 12043
internal_value=0.00268245 0.00520257 -0.000922768 0.00235678 0.00855391 0.00404893 -0.0051119 -0.00625383 -0.000499786 -0.000221737 -0.000771003 0.00107311 0.000735466 0.0070655 0.0104662
internal_weight=200000 117715 82285 63659 54056 31149 11796 9455 2341 70489 49494 20995 32510 30397 23659
internal_count=200000 117715 82285 63659 54056 31149 11796 9455 2341 70489 49494 20995 32510 30397 23659
is_linear=0
shrinkage=0.03


Tree=62
num_leaves=16
num_cat=0
split_feature=40 10 40 7 29 40 40 8 10 40 40 40 40 36 29
split_gain=2009.08 1247.79 268.411 193.828 170.954 77.3867 70.111 80.6952 64.0746 56.1491 209.287 67.1138 53.3574 42.9306 24.1032
threshold=0.0083537800237536448 0.36054041981697088 0.21087211370468142 1.0000000180025095e-35 0.30357143282890325 1.0000000180025095e-35 0.02290768921375275 1.366071403026581 1.2055885791778567 1.0705034732818606 1.3606827855110171 0.55894470214843761 1.0000000180025095e-35 0.25000000745058065 0.37500000000000006
decision_type=2 2 2 2 2 2 2 2 2 2 2 2 2 2 2
left_child=1 3 6 12 13 -5 8 -8 -2 11 -11 -4 -1 -3 -6
right_child=2 4 9 5 14 -7 7 -9 -10 10 -12 -13 -14 -15 -16
leaf_value=0 -3.9208547565581191e-06 0 -0.0025297514052058752 0 0 1.0887891718255506e-06 -0.00021470901260990457 -0.00083029992371408217 9.5379494553035374e-05 -0.0014333544115439812 0.0006228314254591781 4.1358032857407983e-05 8.309603388944762e-07 0 0
leaf_weight=32450 2246 14005 7675 30687 11616 462 9116 339 95 9297 31872 21645 60 16392 12043
leaf_count=32450 2246 14005 7675 30687 11616 462 9116 339 95 9297 31872 21645 60 16392 12043
internal_value=0.00268815 0.00520206 -0.000908185 0.00235583 0.00855391 0.004047 -0.00509664 -0.00624749 -0.000448526 -0.000207266 -0.00092181 0.000796044 0.000735466 0.0070655 0.0104662
internal_weight=200000 117715 82285 63659 54056 31149 11796 9455 2341 70489 41169 29320 32510 30397 23659
internal_count=200000 117715 82285 63659 54056 31149 11796 9455 2341 70489 41169 29320 32510 30397 23659
is_linear=0
shrinkage=0.03


Tree=63
num_leaves=16
num_cat=0
split_feature=40 10 40 7 29 40 40 8 10 39 40 40 36 29 17
split_gain=2008.12 1247.79 263.406 193.828 170.954 77.3867 69.6574 67.8388 60.6632 55.1822 60.2412 53.3574 42.9306 24.1032 12.425
threshold=0.0083537800237536448 0.36054041981697088 0.21087211370468142 1.0000000180025095e-35 0.30357143282890325 1.0000000180025095e-35 0.02290768921375275 1.366071403026581 1.4425640106201174 0.79999998211860668 1.0745742321014407 1.0000000180025095e-35 0.25000000745058065 0.37500000000000006 1.0000000180025095e-35
decision_type=2 2 2 2 2 2 2 2 2 2 2 2 2 2 2
left_child=1 3 6 11 12 -5 8 -8 -2 10 -4 -1 -3 -6 -11
right_child=2 4 9 5 13 -7 7 -9 -10 14 -12 -13 -14 -15 -16
leaf_value=0 -3.4270542270769655e-06 0 2.5366325182614479e-05 0 0 1.0561254966707839e-06 -0.00020826774223160749 -0.00080539092600265976 0.00010678516127634073 0.072090668808367397 -0.00097938008333890367 8.0603152872764186e-07 0 0 0.27679291343578227
leaf_weight=32450 2276 14005 29652 30687 11616 462 9116 339 65 163 40562 60 16392 12043 112
leaf_count=32450 2276 14005 29652 30687 11616 462 9116 339 65 163 40562 60 16392 12043 112
internal_value=0.00268875 0.00520206 -0.000906727 0.00235583 0.00855391 0.004047 -0.00505595 -0.00620307 -0.000422896 -0.000212374 -0.000264904 0.000735466 0.0070655 0.0104662 0.0132
internal_weight=200000 117715 82285 63659 54056 31149 11796 9455 2341 70489 70214 32510 30397 23659 275
internal_count=200000 117715 82285 63659 54056 31149 11796 9455 2341 70489 70214 32510 30397 23659 275
is_linear=0
shrinkage=0.03


Tree=64
num_leaves=16
num_cat=0
split_feature=40 10 40 7 29 40 40 8 10 40 40 40 40 36 29
split_gain=2006.68 1247.79 256.703 193.828 170.954 77.3867 67.1052 61.6236 60.4458 56.2038 96.3535 90.5792 53.3574 42.9306 24.1032
threshold=0.0083537800237536448 0.36054041981697088 0.2227655425667763 1.0000000180025095e-35 0.30357143282890325 1.0000000180025095e-35 0.02290768921375275 1.901785731315613 1.4425640106201174 0.992779701948166 1.3606827855110171 0.55894470214843761 1.0000000180025095e-35 0.25000000745058065 0.37500000000000006
decision_type=2 2 2 2 2 2 2 2 2 2 2 2 2 2 2
left_child=1 3 6 12 13 -5 8 -8 -2 11 -11 -4 -1 -3 -6
right_child=2 4 9 5 14 -7 7 -9 -10 10 -12 -13 -14 -15 -16
leaf_value=0 -3.3242426002646519e-06 0 -0.0028275982271671694 0 0 1.0244417317706606e-06 -0.00020567964004483466 -0.00091640911443699197 0.00010358160643805049 -6.0556400466768356e-05 0.00062265415396984083 0.00060135379357684009 7.818505828658127e-07 0 0
leaf_weight=32450 2276 14005 7342 30687 11616 462 9519 269 65 17622 31872 13320 60 16392 12043
leaf_count=32450 2276 14005 7342 30687 11616 462 9519 269 65 17622 31872 13320 60 16392 12043
internal_value=0.00268965 0.00520206 -0.000904539 0.00235583 0.00855391 0.004047 -0.00493445 -0.00602575 -0.000371636 -0.000207823 -0.000756455 0.00110638 0.000735466 0.0070655 0.0104662
internal_weight=200000 117715 82285 63659 54056 31149 12129 9788 2341 70156 49494 20662 32510 30397 23659
internal_count=200000 117715 82285 63659 54056 31149 12129 9788 2341 70156 49494 20662 32510 30397 23659
is_linear=0
shrinkage=0.03


Tree=65
num_leaves=16
num_cat=0
split_feature=40 10 40 7 29 40 40 8 40 40 40 8 40 36 8
split_gain=1996.46 1258 240.81 194.099 169.913 82.3346 81.3593 71.1458 56.1106 209.589 61.4039 53.898 52.4069 41.9841 26.2244
threshold=0.0062920530326664456 0.36054041981697088 0.2227655425667763 1.0000000180025095e-35 0.30357143282890325 0.02290768921375275 1.0000000180025095e-35 1.4732142686843874 1.0745742321014407 1.3606827855110171 0.55894470214843761 2.1696429252624516 1.0000000180025095e-35 0.25000000745058065 0.34821428358554846
decision_type=2 2 2 2 2 2 2 2 2 2 2 2 2 2 2
left_child=1 3 5 12 13 7 -5 -2 10 -10 -4 -7 -1 -3 -6
right_child=2 4 8 6 14 11 -8 -9 9 -11 -12 -13 -14 -15 -16
leaf_value=0 -2.6536098904468564e-06 0 -0.0027427702803521545 0 0 -0.00019990082948218981 1.0036018223060422e-06 8.1221979488353666e-05 -0.0015070011954356102 0.0006039745293507456 3.9157419529228988e-05 -0.00089086437968426873 7.5839506537983827e-07 0 0
leaf_weight=32450 2558 13957 7342 30687 9746 9544 448 117 8964 31872 21978 244 59 16302 13732
leaf_count=32450 2558 13957 7342 30687 9746 9544 448 117 8964 31872 21978 244 59 16302 13732
internal_value=0.00269505 0.0052097 -0.000877643 0.00235592 0.00858961 -0.00472037 0.00404882 -5.60748e-05 -0.000194994 -0.0009139 0.000806276 -0.0059951 0.000734566 0.00710367 0.0105047
internal_weight=200000 117381 82619 63644 53737 12463 31135 2675 70156 40836 29320 9788 32509 30259 23478
internal_count=200000 117381 82619 63644 53737 12463 31135 2675 70156 40836 29320 9788 32509 30259 23478
is_linear=0
shrinkage=0.03


Tree=66
num_leaves=16
num_cat=0
split_feature=40 10 40 7 29 40 40 10 40 40 40 40 12 36 8
split_gain=1996.27 1258.76 235.917 193.648 169.913 82.5588 78.0099 72.7252 52.448 201.645 59.3061 52.4069 46.855 41.9841 26.2244
threshold=0.0062920530326664456 0.36054041981697088 0.2227655425667763 1.0000000180025095e-35 0.30357143282890325 0.02290768921375275 1.0000000180025095e-35 1.4283473491668703 1.0745742321014407 1.3606827855110171 0.55894470214843761 1.0000000180025095e-35 -0.69642856717109669 0.25000000745058065 0.34821428358554846
decision_type=2 2 2 2 2 2 2 2 2 2 2 2 2 2 2
left_child=1 3 5 11 13 7 -5 -2 10 -10 -4 -1 -7 -3 -6
right_child=2 4 8 6 14 12 -8 -9 9 -11 -12 -13 -14 -15 -16
leaf_value=0 -2.2562244497869103e-06 0 -0.0026604871719415894 0 0 -0.00073529239521282559 9.734937676368608e-07 8.9509695528461363e-05 -0.0014617911595725421 0.0005858552934702232 3.7982696943352127e-05 7.3564321341844311e-07 -0.00018985229587884853 0 0
leaf_weight=32450 2593 13957 7342 30687 9746 393 448 82 8964 31872 21978 59 9395 16302 13732
leaf_count=32450 2593 13957 7342 30687 9746 393 448 82 8964 31872 21978 59 9395 16302 13732
internal_value=0.00269415 0.00520868 -0.000878369 0.00235403 0.00858961 -0.00468186 0.00404497 -1.1215e-05 -0.000202691 -0.000897737 0.000765348 0.000734566 -0.00595832 0.00710367 0.0105047
internal_weight=200000 117381 82619 63644 53737 12463 31135 2675 70156 40836 29320 32509 9788 30259 23478
internal_count=200000 117381 82619 63644 53737 12463 31135 2675 70156 40836 29320 32509 9788 30259 23478
is_linear=0
shrinkage=0.03


Tree=67
num_leaves=16
num_cat=0
split_feature=40 10 40 7 29 40 40 8 40 40 40 40 36 12 8
split_gain=2000.22 1259.14 232.728 193.423 169.913 81.0916 76.3616 70.9585 52.8922 90.2568 89.3272 52.4069 41.9841 40.3335 26.2244
threshold=0.0062920530326664456 0.36054041981697088 0.2227655425667763 1.0000000180025095e-35 0.30357143282890325 0.02290768921375275 1.0000000180025095e-35 1.2589285969734194 0.9896228313446046 1.3606827855110171 0.55894470214843761 1.0000000180025095e-35 0.25000000745058065 -0.69642856717109669 0.34821428358554846
decision_type=2 2 2 2 2 2 2 2 2 2 2 2 2 2 2
left_child=1 3 5 11 12 7 -5 -2 10 -10 -4 -1 -3 -7 -6
right_child=2 4 8 6 14 13 -8 -9 9 -11 -12 -13 -14 -15 -16
leaf_value=0 -3.1330485907130922e-06 0 -0.0025806725567833417 0 0 -0.00071323362335644087 9.4428895460775499e-07 6.2890391581984194e-05 -5.2953546820862712e-05 0.00056827963466611652 0.00067392516471566019 7.1357391701588978e-07 0 -0.00018415672700248305 0
leaf_weight=32450 2522 13957 7342 30687 9746 393 448 153 17955 31872 12987 59 16302 9395 13732
leaf_count=32450 2522 13957 7342 30687 9746 393 448 153 17955 31872 12987 59 16302 9395 13732
internal_value=0.00269115 0.00520817 -0.000884905 0.00235309 0.00858961 -0.0046626 0.00404304 -3.36449e-05 -0.000213809 -0.00073996 0.0010758 0.000734566 0.00710367 -0.00592767 0.0105047
internal_weight=200000 117381 82619 63644 53737 12463 31135 2675 70156 49827 20329 32509 30259 9788 23478
internal_count=200000 117381 82619 63644 53737 12463 31135 2675 70156 49827 20329 32509 30259 9788 23478
is_linear=0
shrinkage=0.03


Tree=68
num_leaves=16
num_cat=0
split_feature=40 10 40 7 29 40 40 8 40 40 40 40 36 12 8
split_gain=1983.09 1259.14 233.578 193.423 169.913 79.6376 76.3616 70.2309 52.9714 204.095 59.6771 52.4069 41.9841 36.7964 26.2244
threshold=0.0062920530326664456 0.36054041981697088 0.2227655425667763 1.0000000180025095e-35 0.30357143282890325 0.02290768921375275 1.0000000180025095e-35 1.9553571343421938 1.0793546438217165 1.3606827855110171 0.55894470214843761 1.0000000180025095e-35 0.25000000745058065 -0.37499999999999994 0.34821428358554846
decision_type=2 2 2 2 2 2 2 2 2 2 2 2 2 2 2
left_child=1 3 5 11 12 7 -5 -2 10 -10 -4 -1 -3 -7 -6
right_child=2 4 8 6 14 13 -8 -9 9 -11 -12 -13 -14 -15 -16
leaf_value=0 -2.1493784187992005e-06 0 -0.0025032523800798414 0 0 -0.00059610891708080152 9.1596028596952231e-07 8.8829666762564174e-05 -0.0015598414554035148 0.00055123124562613305 3.7788410740683705e-05 6.9216669950541315e-07 0 -0.00017190834186497209 0
leaf_weight=32450 2592 13957 7342 30687 9746 945 448 83 8632 31872 22310 59 16302 8843 13732
leaf_count=32450 2592 13957 7342 30687 9746 945 448 83 8632 31872 22310 59 16302 8843 13732
internal_value=0.00270195 0.00520817 -0.000858761 0.00235309 0.00858961 -0.00464334 0.00404304 -5.60748e-05 -0.000186442 -0.000891764 0.000777013 0.000734566 0.00710367 -0.00589702 0.0105047
internal_weight=200000 117381 82619 63644 53737 12463 31135 2675 70156 40504 29652 32509 30259 9788 23478
internal_count=200000 117381 82619 63644 53737 12463 31135 2675 70156 40504 29652 32509 30259 9788 23478
is_linear=0
shrinkage=0.03


Tree=69
num_leaves=16
num_cat=0
split_feature=40 10 40 7 29 40 40 10 40 40 40 40 36 12 29
split_gain=1983.51 1250.52 241.576 192.478 170.756 67.9443 62.6704 57.22 53.3574 51.4293 89.3272 83.8389 43.0697 37.6025 24.1032
threshold=0.0083537800237536448 0.36054041981697088 0.2227655425667763 1.0000000180025095e-35 0.30357143282890325 1.0000000180025095e-35 0.02290768921375275 1.5384101271629336 1.0000000180025095e-35 0.9896228313446046 0.55894470214843761 1.3606827855110171 0.25000000745058065 -0.37499999999999994 0.37500000000000006
decision_type=2 2 2 2 2 2 2 2 2 2 2 2 2 2 2
left_child=1 3 6 8 12 -5 7 -2 -1 10 -4 -11 -3 -8 -6
right_child=2 4 9 5 14 -7 13 -9 -10 11 -12 -13 -14 -15 -16
leaf_value=0 -2.9743245867831604e-06 0 -0.0024281548086774463 0 0 8.7858813490193539e-07 -0.00057822564956837741 9.3974022570923936e-05 6.7140169852025077e-07 -5.1570926524236445e-05 0.00065257375745196979 0.00053469430825734917 0 -0.00016675109160902292 0
leaf_weight=32450 2279 14005 7342 30687 11616 462 945 62 60 17955 12987 31872 16392 8843 12043
leaf_count=32450 2279 14005 7342 30687 11616 462 945 62 60 17955 12987 31872 16392 8843 12043
internal_value=0.00270165 0.00519951 -0.000871726 0.00235018 0.00855502 0.00403544 -0.0047811 -0.000371636 0.000735466 -0.000195849 0.0010758 -0.000714673 0.00706747 -0.00583572 0.0104662
internal_weight=200000 117715 82285 63659 54056 31149 12129 2341 32510 70156 20329 49827 30397 9788 23659
internal_count=200000 117715 82285 63659 54056 31149 12129 2341 32510 70156 20329 49827 30397 9788 23659
is_linear=0
shrinkage=0.03


Tree=70
num_leaves=16
num_cat=0
split_feature=40 10 40 7 29 40 40 10 40 40 40 40 36 12 29
split_gain=1965.26 1251.28 235.171 192.029 170.756 64.9333 61.1583 57.1169 53.3667 193.052 60.2963 53.3574 43.0697 34.68 24.1032
threshold=0.0083537800237536448 0.36054041981697088 0.2227655425667763 1.0000000180025095e-35 0.30357143282890325 1.0000000180025095e-35 0.02290768921375275 1.5384101271629336 1.0793546438217165 1.3606827855110171 0.55894470214843761 1.0000000180025095e-35 0.25000000745058065 -0.37499999999999994 0.37500000000000006
decision_type=2 2 2 2 2 2 2 2 2 2 2 2 2 2 2
left_child=1 3 6 11 12 -5 7 -2 10 -10 -4 -1 -3 -8 -6
right_child=2 4 8 5 14 -7 13 -9 9 -11 -12 -13 -14 -15 -16
leaf_value=0 -2.8850948491796442e-06 0 -0.0023553101644171229 0 0 8.5223049085487746e-07 -0.00056087888008132618 9.1154801893796199e-05 -0.0015114990839456824 0.00051865347900962862 3.7480038286220291e-05 6.5125964756464335e-07 0 -0.00016174855886075224 0
leaf_weight=32450 2279 14005 7342 30687 11616 462 945 62 8632 31872 22310 60 16392 8843 12043
leaf_count=32450 2279 14005 7342 30687 11616 462 945 62 8632 31872 22310 60 16392 8843 12043
internal_value=0.00271215 0.00519849 -0.000844747 0.00234829 0.00855502 0.00403159 -0.00470195 -0.000346006 -0.000177889 -0.000885838 0.000789154 0.000735466 0.00706747 -0.00574377 0.0104662
internal_weight=200000 117715 82285 63659 54056 31149 12129 2341 70156 40504 29652 32510 30397 9788 23659
internal_count=200000 117715 82285 63659 54056 31149 12129 2341 70156 40504 29652 32510 30397 9788 23659
is_linear=0
shrinkage=0.03


Tree=71
num_leaves=16
num_cat=0
split_feature=40 10 40 7 29 40 40 8 40 34 40 36 8 29 40
split_gain=1962.08 1251.66 228.514 191.804 170.756 63.4534 62.3886 73.7406 53.3574 51.0056 53.2692 43.0697 41.7911 24.1032 22.2732
threshold=0.0083537800237536448 0.36054041981697088 0.2227655425667763 1.0000000180025095e-35 0.30357143282890325 1.0000000180025095e-35 0.025896107777953151 1.2946428656578066 1.0000000180025095e-35 1.0000000180025095e-35 1.0793546438217165 0.25000000745058065 0.9553571641445161 0.37500000000000006 2.349014520645142
decision_type=2 2 2 2 2 2 2 2 2 2 2 2 2 2 2
left_child=1 3 6 8 11 -5 7 -2 -1 14 -11 -3 -8 -6 -4
right_child=2 4 9 5 13 -7 12 -9 -10 10 -12 -13 -14 -15 -16
leaf_value=0 -3.9500075372844032e-06 0 0.015857748875331631 0 0 8.2666357612923115e-07 -0.00018625897061256693 7.3312476873101465e-05 6.3172185813770406e-07 2.206980137434415e-05 -0.00098095036431947277 0 -0.00077037918594605518 0 0.096575147608958425
leaf_weight=32450 2548 14005 814 30687 11616 462 8963 143 60 29155 40068 16392 475 12043 119
leaf_count=32450 2548 14005 814 30687 11616 462 8963 143 60 29155 40068 16392 475 12043 119
internal_value=0.00271365 0.00519798 -0.000840372 0.00234735 0.00855502 0.00402966 -0.00464259 -0.000613155 0.000735466 -0.000183021 -0.000276931 0.00706747 -0.00579148 0.0104662 0.00678457
internal_weight=200000 117715 82285 63659 54056 31149 12129 2691 32510 70156 69223 30397 9438 23659 933
internal_count=200000 117715 82285 63659 54056 31149 12129 2691 32510 70156 69223 30397 9438 23659 933
is_linear=0
shrinkage=0.03


Tree=72
num_leaves=16
num_cat=0
split_feature=40 10 40 7 29 40 40 8 40 28 40 36 12 29 12
split_gain=1961.75 1252.04 226.142 191.58 170.756 61.9906 61.7773 70.8182 53.3574 50.9125 60.2186 43.0697 40.6352 24.1032 22.4659
threshold=0.0083537800237536448 0.36054041981697088 0.2227655425667763 1.0000000180025095e-35 0.30357143282890325 1.0000000180025095e-35 0.025896107777953151 1.2946428656578066 1.0000000180025095e-35 0.92857143282890331 0.9896228313446046 0.25000000745058065 -0.69642856717109669 0.37500000000000006 0.80357143282890331
decision_type=2 2 2 2 2 2 2 2 2 2 2 2 2 2 2
left_child=1 3 6 8 11 -5 7 -2 -1 10 -4 -3 -8 -6 -11
right_child=2 4 9 5 13 -7 12 -9 -10 14 -12 -13 -14 -15 -16
leaf_value=0 -3.8315073111658266e-06 0 0.00041624262448907053 0 0 8.0186366884535415e-07 -0.00073378536558516407 7.1113102566908439e-05 6.127702023935729e-07 -0.0090772269348517124 -5.0392801009676578e-05 0 -0.00018067120149418988 0 0.04767310724753665
leaf_weight=32450 2548 14005 20316 30687 11616 462 372 143 60 246 48625 16392 9066 12043 969
leaf_count=32450 2548 14005 20316 30687 11616 462 372 143 60 246 48625 16392 9066 12043 969
internal_value=0.00271335 0.00519747 -0.000840372 0.00234641 0.00855502 0.00402774 -0.0046228 -0.000613155 0.000735466 -0.000186442 -0.000293729 0.00706747 -0.00576605 0.0104662 0.00590123
internal_weight=200000 117715 82285 63659 54056 31149 12129 2691 32510 70156 68941 30397 9438 23659 1215
internal_count=200000 117715 82285 63659 54056 31149 12129 2691 32510 70156 68941 30397 9438 23659 1215
is_linear=0
shrinkage=0.03


Tree=73
num_leaves=16
num_cat=0
split_feature=40 10 40 7 29 40 40 8 40 40 40 40 36 12 29
split_gain=1946.61 1252.04 225.974 191.58 170.756 61.9906 61.7022 70.6646 53.3574 50.68 183.522 59.7801 43.0697 37.8795 24.1032
threshold=0.0083537800237536448 0.36054041981697088 0.2227655425667763 1.0000000180025095e-35 0.30357143282890325 1.0000000180025095e-35 0.025896107777953151 1.2946428656578066 1.0000000180025095e-35 1.0793546438217165 1.3606827855110171 0.55894470214843761 0.25000000745058065 -0.73214286565780629 0.37500000000000006
decision_type=2 2 2 2 2 2 2 2 2 2 2 2 2 2 2
left_child=1 3 6 8 12 -5 7 -2 -1 11 -11 -4 -3 -8 -6
right_child=2 4 9 5 14 -7 13 -9 -10 10 -12 -13 -14 -15 -16
leaf_value=0 -3.7165620918308897e-06 0 -0.0022978002322605121 0 0 7.7780775877999354e-07 -0.00071503942740768812 6.8979709489901174e-05 5.9438709632176565e-07 -0.0014352138164674376 0.00051585038145192407 3.6486269916794688e-05 0 -0.00017525106544936421 0
leaf_weight=32450 2548 14005 7342 30687 11616 462 353 143 60 8632 31872 22310 16392 9085 12043
leaf_count=32450 2548 14005 7342 30687 11616 462 353 143 60 8632 31872 22310 16392 9085 12043
internal_value=0.00272295 0.00519747 -0.000817038 0.00234641 0.00855502 0.00402774 -0.00459807 -0.000590858 0.000735466 -0.00016335 -0.000853249 0.000779037 0.00706747 -0.00574062 0.0104662
internal_weight=200000 117715 82285 63659 54056 31149 12129 2691 32510 70156 40504 29652 30397 9438 23659
internal_count=200000 117715 82285 63659 54056 31149 12129 2691 32510 70156 40504 29652 30397 9438 23659
is_linear=0
shrinkage=0.03


Tree=74
num_leaves=16
num_cat=0
split_feature=40 10 40 7 29 40 40 10 40 40 40 40 36 12 29
split_gain=1952.28 1252.04 222.576 191.58 170.756 61.9906 61.0944 66.1031 53.3574 49.6837 89.1279 74.3135 43.0697 34.1684 24.1032
threshold=0.0083537800237536448 0.36054041981697088 0.2227655425667763 1.0000000180025095e-35 0.30357143282890325 1.0000000180025095e-35 0.025896107777953151 1.2055885791778567 1.0000000180025095e-35 0.9896228313446046 0.55894470214843761 1.3606827855110171 0.25000000745058065 -0.73214286565780629 0.37500000000000006
decision_type=2 2 2 2 2 2 2 2 2 2 2 2 2 2 2
left_child=1 3 6 8 12 -5 7 -2 -1 10 -4 -11 -3 -8 -6
right_child=2 4 9 5 14 -7 13 -9 -10 11 -12 -13 -14 -15 -16
leaf_value=0 -3.3822808857835938e-06 0 -0.0022288662252926967 0 0 7.5447352601659373e-07 -0.00069358824458545744 7.0804400357482743e-05 5.7655548343211279e-07 -4.7272207193230357e-05 0.00061450318568665005 0.00050037487000836628 0 -0.00016999353348588333 0
leaf_weight=32450 2582 14005 7342 30687 11616 462 353 109 60 17955 12987 31872 16392 9085 12043
leaf_count=32450 2582 14005 7342 30687 11616 462 353 109 60 17955 12987 31872 16392 9085 12043
internal_value=0.00271935 0.00519747 -0.000825788 0.00234641 0.00855502 0.00402774 -0.00457828 -0.000590858 0.000735466 -0.000177034 0.00107285 -0.000686977 0.00706747 -0.00571519 0.0104662
internal_weight=200000 117715 82285 63659 54056 31149 12129 2691 32510 70156 20329 49827 30397 9438 23659
internal_count=200000 117715 82285 63659 54056 31149 12129 2691 32510 70156 20329 49827 30397 9438 23659
is_linear=0
shrinkage=0.03


Tree=75
num_leaves=16
num_cat=0
split_feature=40 10 40 7 29 40 8 40 40 40 40 40 36 12 29
split_gain=1940.53 1254.7 223.721 190.014 170.756 60.9429 62.3636 53.3574 52.2284 51.3221 186.285 59.5315 43.0697 32.9583 24.1032
threshold=0.0083537800237536448 0.36054041981697088 0.2227655425667763 1.0000000180025095e-35 0.30357143282890325 0.025896107777953151 1.991071403026581 1.0000000180025095e-35 1.0000000180025095e-35 1.0843653082847597 1.3606827855110171 0.55894470214843761 0.25000000745058065 -0.73214286565780629 0.37500000000000006
decision_type=2 2 2 2 2 2 2 2 2 2 2 2 2 2 2
left_child=1 3 5 7 12 6 -2 -1 -5 11 -11 -4 -3 -7 -6
right_child=2 4 9 8 14 13 -8 -9 -10 10 -12 -13 -14 -15 -16
leaf_value=0 -3.045621734207634e-06 0 -0.002162000238533916 0 0 -0.00067278059724789371 8.4381533321986919e-05 5.592588189291494e-07 7.3183932023609597e-07 -0.0015190328265571463 0.00048536362390811538 3.5242841868198139e-05 0 -0.0001648937274813068 0
leaf_weight=32450 2611 14005 7342 30687 11616 353 80 60 462 8300 31872 22642 16392 9085 12043
leaf_count=32450 2611 14005 7342 30687 11616 353 80 60 462 8300 31872 22642 16392 9085 12043
internal_value=0.00272325 0.0051939 -0.000811205 0.00233981 0.00855502 -0.00457334 -0.000590858 0.000735466 0.00401425 -0.000160785 -0.000861794 0.000778415 0.00706747 -0.00570884 0.0104662
internal_weight=200000 117715 82285 63659 54056 12129 2691 32510 31149 70156 40172 29984 30397 9438 23659
internal_count=200000 117715 82285 63659 54056 12129 2691 32510 31149 70156 40172 29984 30397 9438 23659
is_linear=0
shrinkage=0.03


Tree=76
num_leaves=16
num_cat=0
split_feature=40 10 40 7 29 40 8 40 40 39 40 36 12 29 0
split_gain=1943.65 1255.46 223.028 189.568 170.756 60.2624 58.9333 53.3574 49.5927 49.579 53.6718 43.0697 31.7701 24.1032 11.5297
threshold=0.0083537800237536448 0.36054041981697088 0.2227655425667763 1.0000000180025095e-35 0.30357143282890325 0.025896107777953151 1.991071403026581 1.0000000180025095e-35 1.0000000180025095e-35 0.79999998211860668 1.0843653082847597 0.25000000745058065 -0.73214286565780629 0.37500000000000006 2.5000000000000004
decision_type=2 2 2 2 2 2 2 2 2 2 2 2 2 2 2
left_child=1 3 5 7 11 6 -2 -1 -5 10 -4 -3 -7 -6 -11
right_child=2 4 9 8 13 12 -8 -9 -10 14 -12 -13 -14 -15 -16
leaf_value=0 -2.9542530821814045e-06 0 2.2621038439943522e-05 0 0 -0.00065259717933045683 8.1850087322327345e-05 5.4248105436127499e-07 7.0988414062901316e-07 0.27898910119165277 -0.00095266518310983643 0 -0.00015994691565686758 0 0.080723627040670071
leaf_weight=32450 2611 14005 29983 30687 11616 353 80 60 462 78 39898 16392 9085 12043 197
leaf_count=32450 2611 14005 29983 30687 11616 353 80 60 462 78 39898 16392 9085 12043 197
internal_value=0.00272025 0.00519288 -0.000817038 0.00233793 0.00855502 -0.00457334 -0.000613155 0.000735466 0.0040104 -0.000167626 -0.000217656 0.00706747 -0.00570248 0.0104662 0.0125455
internal_weight=200000 117715 82285 63659 54056 12129 2691 32510 31149 70156 69881 30397 9438 23659 275
internal_count=200000 117715 82285 63659 54056 12129 2691 32510 31149 70156 69881 30397 9438 23659 275
is_linear=0
shrinkage=0.03


Tree=77
num_leaves=16
num_cat=0
split_feature=40 10 40 7 29 40 8 40 40 34 40 36 8 29 39
split_gain=1945.06 1255.46 222.181 189.568 170.756 60.1119 55.4995 53.3574 49.5927 48.0499 48.6764 43.0697 30.8999 24.1032 21.4842
threshold=0.0083537800237536448 0.36054041981697088 0.2227655425667763 1.0000000180025095e-35 0.30357143282890325 0.025896107777953151 1.991071403026581 1.0000000180025095e-35 1.0000000180025095e-35 1.0000000180025095e-35 1.0843653082847597 0.25000000745058065 5.5089285373687753 0.37500000000000006 0.53392857313156139
decision_type=2 2 2 2 2 2 2 2 2 2 2 2 2 2 2
left_child=1 3 5 7 11 6 -2 -1 -5 14 -11 -3 -7 -6 -4
right_child=2 4 9 8 13 12 -8 -9 -10 10 -12 -13 -14 -15 -16
leaf_value=0 -2.8656254897159624e-06 0 0.015233094843618246 0 0 -0.00016782628049470403 7.9394584702657499e-05 5.2620662273043667e-07 6.8858761641014281e-07 2.03293054258122e-05 -0.00095817111074981607 0 -0.0012190954905153607 0 0.07450909060973826
leaf_weight=32450 2611 14005 830 30687 11616 9345 80 60 462 29484 39739 16392 93 12043 103
leaf_count=32450 2611 14005 830 30687 11616 9345 80 60 462 29484 39739 16392 93 12043 103
internal_value=0.00271935 0.00519288 -0.000819226 0.00233793 0.00855502 -0.00456839 -0.000613155 0.000735466 0.0040104 -0.000171047 -0.000262196 0.00706747 -0.00569612 0.0104662 0.00659164
internal_weight=200000 117715 82285 63659 54056 12129 2691 32510 31149 70156 69223 30397 9438 23659 933
internal_count=200000 117715 82285 63659 54056 12129 2691 32510 31149 70156 69223 30397 9438 23659 933
is_linear=0
shrinkage=0.03


Tree=78
num_leaves=16
num_cat=0
split_feature=40 10 40 7 29 40 8 40 40 40 40 36 36 12 29
split_gain=1940.07 1258.51 220.856 187.788 170.756 61.0197 55.2986 53.3574 47.6845 87.9371 74.4439 43.0697 41.2258 30.1659 24.1032
threshold=0.0083537800237536448 0.36054041981697088 0.2227655425667763 1.0000000180025095e-35 0.30357143282890325 0.025896107777953151 1.991071403026581 1.0000000180025095e-35 0.9896228313446046 0.55894470214843761 1.3606827855110171 0.25000000745058065 0.19285714626312259 -0.37499999999999994 0.37500000000000006
decision_type=2 2 2 2 2 2 2 2 2 2 2 2 2 2 2
left_child=1 3 5 7 11 6 -2 -1 9 -4 -10 -3 -5 -7 -6
right_child=2 4 8 12 14 13 -8 -9 10 -11 -12 -13 -14 -15 -16
leaf_value=0 -2.7796567250244588e-06 0 -0.0020984287416938711 0 0 -0.00058068923759055683 7.7012747161577766e-05 5.1042042404852365e-07 -4.5377767575084374e-05 0.00059031767723446158 0.00052302055700840784 0 0 -0.00014347757994551978 0
leaf_weight=32450 2611 14005 7342 19588 11616 891 80 60 17955 12987 31872 16392 11561 8547 12043
leaf_count=32450 2611 14005 7342 19588 11616 891 80 60 17955 12987 31872 16392 11561 8547 12043
internal_value=0.00271845 0.0051888 -0.00081558 0.00233039 0.00855502 -0.00455355 -0.000568562 0.000735466 -0.000169337 0.00105514 -0.000668914 0.00706747 0.00399499 -0.00568976 0.0104662
internal_weight=200000 117715 82285 63659 54056 12129 2691 32510 70156 20329 49827 30397 31149 9438 23659
internal_count=200000 117715 82285 63659 54056 12129 2691 32510 70156 20329 49827 30397 31149 9438 23659
is_linear=0
shrinkage=0.03


Tree=79
num_leaves=16
num_cat=0
split_feature=40 10 40 7 29 40 40 8 34 28 36 36 12 29 39
split_gain=1933.01 1258.51 220.98 187.788 170.756 60.0379 53.3574 52.0713 46.96 47.876 43.0697 41.2258 28.8527 24.1032 19.8686
threshold=0.0083537800237536448 0.36054041981697088 0.2227655425667763 1.0000000180025095e-35 0.30357143282890325 0.025896107777953151 1.0000000180025095e-35 1.991071403026581 1.0000000180025095e-35 0.92857143282890331 0.25000000745058065 0.19285714626312259 -0.37499999999999994 0.37500000000000006 0.50178572535514843
decision_type=2 2 2 2 2 2 2 2 2 2 2 2 2 2 2
left_child=1 3 5 6 10 7 -1 -2 14 -10 -3 -5 -7 -6 -4
right_child=2 4 8 11 13 12 -8 -9 9 -11 -12 -13 -14 -15 -16
leaf_value=0 -2.6962670232737185e-06 0 0.014600363182614472 0 0 -0.00056326856046284022 4.9510781132706789e-07 7.4702364746730463e-05 -2.4045629094340112e-05 0.034985963548156716 0 0 -0.00013917325254715423 0 0.052110280479466163
leaf_weight=32450 2611 14005 782 19588 11616 891 60 80 68008 1215 16392 11561 8547 12043 151
leaf_count=32450 2611 14005 782 19588 11616 891 60 80 68008 1215 16392 11561 8547 12043 151
internal_value=0.00272295 0.0051888 -0.000804642 0.00233039 0.00855502 -0.00454366 0.000735466 -0.000590858 -0.000158219 -0.000248328 0.00706747 0.00399499 -0.00567069 0.0104662 0.00652733
internal_weight=200000 117715 82285 63659 54056 12129 32510 2691 70156 69223 30397 31149 9438 23659 933
internal_count=200000 117715 82285 63659 54056 12129 32510 2691 70156 69223 30397 31149 9438 23659 933
is_linear=0
shrinkage=0.03


Tree=80
num_leaves=16
num_cat=0
split_feature=40 10 40 7 29 40 40 8 40 40 40 36 36 5 29
split_gain=1926.43 1258.51 218.684 187.788 170.756 61.1735 53.3574 51.7795 46.4775 171.773 57.7186 43.0697 41.2258 28.3685 24.1032
threshold=0.0083537800237536448 0.36054041981697088 0.2227655425667763 1.0000000180025095e-35 0.30357143282890325 0.025896107777953151 1.0000000180025095e-35 1.991071403026581 1.0843653082847597 1.3606827855110171 0.55894470214843761 0.25000000745058065 0.19285714626312259 9.5000000000000018 0.37500000000000006
decision_type=2 2 2 2 2 2 2 2 2 2 2 2 2 2 2
left_child=1 3 5 6 11 7 -1 -2 10 -10 -4 -3 -5 -7 -6
right_child=2 4 8 12 14 13 -8 -9 9 -11 -12 -13 -14 -15 -16
leaf_value=0 -2.6153790125755213e-06 0 -0.0020347545105702256 0 0 -0.00014652793350360119 4.8025457698725592e-07 7.2461293804328573e-05 -0.0014140540510445593 0.00048272319520112648 3.3248665182572507e-05 0 0 -0.0009997944934797161 0
leaf_weight=32450 2611 14005 7342 19588 11616 9324 60 80 8300 31872 22642 16392 11561 114 12043
leaf_count=32450 2611 14005 7342 19588 11616 9324 60 80 8300 31872 22642 16392 11561 114 12043
internal_value=0.00272715 0.0051888 -0.000794434 0.00233039 0.00855502 -0.00451397 0.000735466 -0.000523969 -0.000151377 -0.000818481 0.000742396 0.00706747 0.00399499 -0.00565162 0.0104662
internal_weight=200000 117715 82285 63659 54056 12129 32510 2691 70156 40172 29984 30397 31149 9438 23659
internal_count=200000 117715 82285 63659 54056 12129 32510 2691 70156 40172 29984 30397 31149 9438 23659
is_linear=0
shrinkage=0.03


Tree=81
num_leaves=16
num_cat=0
split_feature=40 10 40 7 29 40 40 6 39 40 36 36 38 29 0
split_gain=1930.65 1258.51 216.175 187.788 170.756 60.7193 53.3574 49.8334 46.2608 49.4771 43.0697 41.2258 25.7465 24.1032 17.762
threshold=0.0083537800237536448 0.36054041981697088 0.2227655425667763 1.0000000180025095e-35 0.30357143282890325 0.025896107777953151 1.0000000180025095e-35 0.21428572386503222 0.75000000000000011 1.0843653082847597 0.25000000745058065 0.19285714626312259 6.0089285373687753 0.37500000000000006 1.5000000000000002
decision_type=2 2 2 2 2 2 2 2 2 2 2 2 2 2 2
left_child=1 3 5 6 10 7 -1 -2 9 -4 -3 -5 -7 -6 -10
right_child=2 4 8 11 13 12 -8 -9 14 -11 -12 -13 -14 -15 -16
leaf_value=0 -9.030075809106051e-06 0 2.1458044438191229e-05 0 0 -0.00014090275279132107 4.6584693967763818e-07 5.5210757347496155e-06 0.30118055910085006 -0.00091338394835878075 0 0 -0.0010251750588628396 0 0.058178071932179186
leaf_weight=32450 1072 14005 29980 19588 11616 9315 60 1619 57 39803 16392 11561 123 12043 316
leaf_count=32450 1072 14005 29980 19588 11616 9315 60 1619 57 39803 16392 11561 123 12043 316
internal_value=0.00272445 0.0051888 -0.000800997 0.00233039 0.00855502 -0.00449913 0.000735466 -0.000523969 -0.00016164 -0.000217961 0.00706747 0.00399499 -0.00563255 0.0104662 0.0103753
internal_weight=200000 117715 82285 63659 54056 12129 32510 2691 70156 69783 30397 31149 9438 23659 373
internal_count=200000 117715 82285 63659 54056 12129 32510 2691 70156 69783 30397 31149 9438 23659 373
is_linear=0
shrinkage=0.03


Tree=82
num_leaves=16
num_cat=0
split_feature=40 10 40 7 29 40 40 8 39 40 36 36 29 12 0
split_gain=1929.24 1258.51 215.852 187.788 170.756 59.2153 53.3574 51.9739 44.8444 47.3538 43.0697 41.2258 24.1032 23.0171 18.1347
threshold=0.0083537800237536448 0.36054041981697088 0.2227655425667763 1.0000000180025095e-35 0.30357143282890325 0.025896107777953151 1.0000000180025095e-35 1.991071403026581 0.75000000000000011 0.9896228313446046 0.25000000745058065 0.19285714626312259 0.37500000000000006 -0.37499999999999994 1.5000000000000002
decision_type=2 2 2 2 2 2 2 2 2 2 2 2 2 2 2
left_child=1 3 5 6 10 7 -1 -2 9 -4 -3 -5 -6 -7 -10
right_child=2 4 8 11 12 13 -8 -9 14 -11 -12 -13 -14 -15 -16
leaf_value=0 -2.6558858875612258e-06 0 0.00036133772094964166 0 0 -0.00053209262725861534 4.518715314873091e-07 7.0558357264471897e-05 0.29214514232782463 -3.8962263398437112e-05 0 0 0 -0.000126375134381892 0.056432729774213812
leaf_weight=32450 2611 14005 20326 19588 11616 891 60 80 57 49457 16392 11561 12043 8547 316
leaf_count=32450 2611 14005 20326 19588 11616 891 60 80 57 49457 16392 11561 12043 8547 316
internal_value=0.00272535 0.0051888 -0.000798809 0.00233039 0.00855502 -0.00449419 0.000735466 -0.000568562 -0.000159929 -0.000215382 0.00706747 0.00399499 0.0104662 -0.00561348 0.0102145
internal_weight=200000 117715 82285 63659 54056 12129 32510 2691 70156 69783 30397 31149 23659 9438 373
internal_count=200000 117715 82285 63659 54056 12129 32510 2691 70156 69783 30397 31149 23659 9438 373
is_linear=0
shrinkage=0.03


Tree=83
num_leaves=16
num_cat=0
split_feature=40 10 40 7 29 40 40 6 39 40 36 36 29 5 0
split_gain=1920 1258.89 214.583 188.001 170.756 59.1418 49.6553 49.3914 44.7409 46.8653 43.0697 41.2258 24.1032 22.824 18.1347
threshold=0.0083537800237536448 0.36054041981697088 0.2227655425667763 1.0000000180025095e-35 0.30357143282890325 0.025896107777953151 1.0000000180025095e-35 0.21428572386503222 0.75000000000000011 1.0843653082847597 0.25000000745058065 0.19285714626312259 0.37500000000000006 12.500000000000002 1.5000000000000002
decision_type=2 2 2 2 2 2 2 2 2 2 2 2 2 2 2
left_child=1 3 5 6 10 7 -1 -2 9 -4 -3 -5 -6 -7 -10
right_child=2 4 8 11 12 13 -8 -9 14 -11 -12 -13 -14 -15 -16
leaf_value=0 -8.6794969582060228e-06 0 2.1329794776450851e-05 0 0 -0.0001322586667099702 4.3831538554268984e-07 5.4351200393339819e-06 0.28338078805798989 -0.00088481356200606433 0 0 0 -0.0011322513492811807 0.054739747880987392
leaf_weight=32450 1072 14005 29980 19588 11616 9359 60 1619 57 39803 16392 11561 12043 79 316
leaf_count=32450 1072 14005 29980 19588 11616 9359 60 1619 57 39803 16392 11561 12043 79 316
internal_value=0.00273075 0.00518829 -0.000784955 0.00232944 0.00855502 -0.00446945 0.00073362 -0.000546265 -0.000147956 -0.000203345 0.00706747 0.00399499 0.0104662 -0.00558805 0.0102145
internal_weight=200000 117715 82285 63659 54056 12129 32510 2691 70156 69783 30397 31149 23659 9438 373
internal_count=200000 117715 82285 63659 54056 12129 32510 2691 70156 69783 30397 31149 23659 9438 373
is_linear=0
shrinkage=0.03


Tree=84
num_leaves=16
num_cat=0
split_feature=40 10 40 7 29 40 8 40 28 40 36 36 29 12 5
split_gain=1922.34 1258.89 212.435 188.001 170.756 59.3668 51.4904 49.6553 44.0254 50.975 43.0697 41.2258 24.1032 21.6349 20.7505
threshold=0.0083537800237536448 0.36054041981697088 0.2227655425667763 1.0000000180025095e-35 0.30357143282890325 0.025896107777953151 1.2946428656578066 1.0000000180025095e-35 0.92857143282890331 1.0843653082847597 0.25000000745058065 0.19285714626312259 0.37500000000000006 0.80357143282890331 12.500000000000002
decision_type=2 2 2 2 2 2 2 2 2 2 2 2 2 2 2
left_child=1 3 5 7 10 6 -2 -1 9 -4 -3 -5 -6 -10 -7
right_child=2 4 8 11 12 14 -8 -9 13 -11 -12 -13 -14 -15 -16
leaf_value=0 -2.9749153108714774e-06 0 2.0744550992333675e-05 0 0 -0.00012829090670867107 4.9106644327776613e-05 4.2516592397640915e-07 -0.0098172691300495146 -0.0009343226337755041 0 0 0 0.041725965556702029 -0.0010982838088027453
leaf_weight=32450 2548 14005 29967 19588 11616 9359 143 60 246 38974 16392 11561 12043 969 79
leaf_count=32450 2548 14005 29967 19588 11616 9359 143 60 246 38974 16392 11561 12043 969 79
internal_value=0.00272925 0.00518829 -0.000788601 0.00232944 0.00855502 -0.00445461 -0.000523969 0.00073362 -0.000154798 -0.000254565 0.00706747 0.00399499 0.0104662 0.00550617 -0.00557533
internal_weight=200000 117715 82285 63659 54056 12129 2691 32510 70156 68941 30397 31149 23659 1215 9438
internal_count=200000 117715 82285 63659 54056 12129 2691 32510 70156 68941 30397 31149 23659 1215 9438
is_linear=0
shrinkage=0.03


Tree=85
num_leaves=16
num_cat=0
split_feature=40 10 40 7 29 40 40 6 36 39 40 36 29 12 17
split_gain=1927.98 1258.89 212.568 188.001 170.756 57.6576 49.6553 47.4226 43.0697 42.9746 46.4103 41.2258 24.1032 18.9337 12.1683
threshold=0.0083537800237536448 0.36054041981697088 0.2227655425667763 1.0000000180025095e-35 0.30357143282890325 0.025896107777953151 1.0000000180025095e-35 0.21428572386503222 0.25000000745058065 0.79999998211860668 0.98627725243568432 0.19285714626312259 0.37500000000000006 -0.37499999999999994 1.0000000180025095e-35
decision_type=2 2 2 2 2 2 2 2 2 2 2 2 2 2 2
left_child=1 3 5 6 8 7 -1 -2 -3 10 -4 -5 -6 -7 -11
right_child=2 4 9 11 12 13 -8 -9 -10 14 -12 -13 -14 -15 -16
leaf_value=0 -8.3298645901337323e-06 0 0.00040669940062701459 0 0 -0.00050616578324694749 4.1241094625711692e-07 5.3613138974801031e-06 0 0.058557565740797235 -3.5203543497557074e-05 0 0 -0.00011476739314787598 0.25095861050410678
leaf_weight=32450 1072 14005 19996 19588 11616 891 60 1619 16392 163 49885 11561 12043 8547 112
leaf_count=32450 1072 14005 19996 19588 11616 891 60 1619 16392 163 49885 11561 12043 8547 112
internal_value=0.00272565 0.00518829 -0.000797351 0.00232944 0.00855502 -0.00446451 0.00073362 -0.000590858 0.00706747 -0.00016335 -0.000209928 0.00399499 0.0104662 -0.00556898 0.0116727
internal_weight=200000 117715 82285 63659 54056 12129 32510 2691 30397 70156 69881 31149 23659 9438 275
internal_count=200000 117715 82285 63659 54056 12129 32510 2691 30397 70156 69881 31149 23659 9438 275
is_linear=0
shrinkage=0.03


Tree=86
num_leaves=16
num_cat=0
split_feature=40 10 40 7 29 40 40 8 36 34 29 36 29 31 5
split_gain=1915.78 1258.89 211.899 188.001 170.756 57.5851 49.6553 46.9251 43.0697 42.3801 43.1068 41.2258 24.1032 19.1297 18.8248
threshold=0.0083537800237536448 0.36054041981697088 0.2227655425667763 1.0000000180025095e-35 0.30357143282890325 0.025896107777953151 1.0000000180025095e-35 1.2946428656578066 0.25000000745058065 1.0000000180025095e-35 0.80357143282890331 0.19285714626312259 0.37500000000000006 0.65653356909751903 12.500000000000002
decision_type=2 2 2 2 2 2 2 2 2 2 2 2 2 2 2
left_child=1 3 5 6 8 7 -1 -2 -3 13 -11 -5 -6 -4 -7
right_child=2 4 9 11 12 14 -8 -9 -10 10 -12 -13 -14 -15 -16
leaf_value=0 -2.8818732614521205e-06 0 -0.0029281559163508723 0 0 -0.0001202648036911607 4.0003861786940339e-07 4.7883340935647304e-05 0 -2.0481681828429829e-05 0.056091823433883692 0 0 0.023489855599407524 -0.0010501503210412545
leaf_weight=32450 2548 14005 230 19588 11616 9359 60 143 16392 68578 645 11561 12043 703 79
leaf_count=32450 2548 14005 230 19588 11616 9359 60 143 16392 68578 645 11561 12043 703 79
internal_value=0.00273345 0.00518829 -0.000778392 0.00232944 0.00855502 -0.00443977 0.00073362 -0.000568562 0.00706747 -0.00014539 -0.000230993 0.00399499 0.0104662 0.00620579 -0.00554355
internal_weight=200000 117715 82285 63659 54056 12129 32510 2691 30397 70156 69223 31149 23659 933 9438
internal_count=200000 117715 82285 63659 54056 12129 32510 2691 30397 70156 69223 31149 23659 933 9438
is_linear=0
shrinkage=0.03


Tree=87
num_leaves=16
num_cat=0
split_feature=40 10 40 7 29 40 40 6 36 31 29 40 36 29 27
split_gain=1909.7 1258.89 210.137 188.001 170.756 56.1944 49.6553 47.4226 43.0697 41.4744 48.9179 43.8245 41.2258 24.1032 18.9484
threshold=0.0083537800237536448 0.36054041981697088 0.2227655425667763 1.0000000180025095e-35 0.30357143282890325 0.025896107777953151 1.0000000180025095e-35 0.21428572386503222 0.25000000745058065 0.92582416534423839 0.66071426868438732 1.0843653082847597 0.19285714626312259 0.37500000000000006 0.69341349601745617
decision_type=2 2 2 2 2 2 2 2 2 2 2 2 2 2 2
left_child=1 3 5 6 8 7 -1 -2 -3 11 -11 -4 -5 -6 -7
right_child=2 4 9 12 13 14 -8 -9 -10 10 -12 -13 -14 -15 -16
leaf_value=0 -8.3934533467021422e-06 0 7.9036223909758482e-06 0 0 -7.2229948449449786e-05 3.8803745933332125e-07 5.2869306783992835e-06 0 3.052343692736925e-05 0.030084058457534736 -0.0017235012821385154 0 0 -0.00018767724005547035
leaf_weight=32450 1072 14005 19273 19588 11616 1690 60 1619 16392 27458 1690 21735 11561 12043 7748
leaf_count=32450 1072 14005 19273 19588 11616 1690 60 1619 16392 27458 1690 21735 11561 12043 7748
internal_value=0.00273735 0.00518829 -0.000768913 0.00232944 0.00855502 -0.00441504 0.00073362 -0.000590858 0.00706747 -0.000138548 0.000726636 -0.000753512 0.00399499 0.0104662 -0.0055054
internal_weight=200000 117715 82285 63659 54056 12129 32510 2691 30397 70156 29148 41008 31149 23659 9438
internal_count=200000 117715 82285 63659 54056 12129 32510 2691 30397 70156 29148 41008 31149 23659 9438
is_linear=0
shrinkage=0.03


Tree=88
num_leaves=16
num_cat=0
split_feature=40 10 40 7 29 40 8 40 36 39 40 36 12 29 17
split_gain=1901.76 1258.89 200.837 188.001 170.756 61.837 55.8175 49.6553 43.0697 41.2404 44.3775 41.2258 25.0031 24.1032 11.1744
threshold=0.0083537800237536448 0.36054041981697088 0.2227655425667763 1.0000000180025095e-35 0.30357143282890325 0.028147136792540554 1.991071403026581 1.0000000180025095e-35 0.25000000745058065 0.79999998211860668 0.98627725243568432 0.19285714626312259 -0.37499999999999994 0.37500000000000006 1.0000000180025095e-35
decision_type=2 2 2 2 2 2 2 2 2 2 2 2 2 2 2
left_child=1 3 5 7 8 6 -2 -1 -3 10 -4 -5 -7 -6 -11
right_child=2 4 9 11 13 12 -8 -9 -10 14 -12 -13 -14 -15 -16
leaf_value=0 -2.7409632527081867e-06 0 0.00038909693870269399 0 0 -0.00054328246460439442 8.1900754265435251e-05 3.7639633555332163e-07 0 0.054215562311830758 -3.2533205510248123e-05 0 -0.00015192352433333639 0 0.24084457573224105
leaf_weight=32450 2935 14005 19996 19588 11616 853 90 60 16392 163 49885 11561 8251 12043 112
leaf_count=32450 2935 14005 19996 19588 11616 853 90 60 16392 163 49885 11561 8251 12043 112
internal_value=0.00274245 0.00518829 -0.000756517 0.00232944 0.00855502 -0.00432105 -0.000604959 0.00073362 0.00706747 -0.000140259 -0.000185887 0.00399499 -0.0055558 0.0104662 0.0114545
internal_weight=200000 117715 82285 63659 54056 12129 3025 32510 30397 70156 69881 31149 9104 23659 275
internal_count=200000 117715 82285 63659 54056 12129 3025 32510 30397 70156 69881 31149 9104 23659 275
is_linear=0
shrinkage=0.03


Tree=89
num_leaves=16
num_cat=0
split_feature=40 10 40 7 29 40 8 40 36 40 40 40 36 29 33
split_gain=1894.77 1258.89 200.954 188.001 170.756 60.8515 52.7578 49.6553 43.0697 41.3982 146.464 56.328 41.2258 24.1032 23.3156
threshold=0.0083537800237536448 0.36054041981697088 0.2227655425667763 1.0000000180025095e-35 0.30357143282890325 0.028147136792540554 1.991071403026581 1.0000000180025095e-35 0.25000000745058065 1.0843653082847597 1.3606827855110171 0.55894470214843761 0.19285714626312259 0.37500000000000006 1.0000000180025095e-35
decision_type=2 2 2 2 2 2 2 2 2 2 2 2 2 2 2
left_child=1 3 5 7 8 6 -2 -1 -3 11 -11 -4 -5 -6 -7
right_child=2 4 9 12 13 14 -8 -9 -10 10 -12 -13 -14 -15 -16
leaf_value=0 -2.6587343551269515e-06 0 -0.0020102938242026309 0 0 -0.0006996644928963107 7.9443731637472237e-05 3.6510444548672195e-07 0 -0.0012737146615135672 0.00046821353071661121 3.2723041631279138e-05 0 0 -0.00017445374946328763
leaf_weight=32450 2935 14005 7342 19588 11616 524 90 60 16392 8300 31872 22642 11561 12043 8580
leaf_count=32450 2935 14005 7342 19588 11616 524 90 60 16392 8300 31872 22642 11561 12043 8580
internal_value=0.00274695 0.00518829 -0.000745579 0.00232944 0.00855502 -0.00431116 -0.000624793 0.00073362 0.00706747 -0.000129141 -0.000758737 0.000714381 0.00399499 0.0104662 -0.00553603
internal_weight=200000 117715 82285 63659 54056 12129 3025 32510 30397 70156 40172 29984 31149 23659 9104
internal_count=200000 117715 82285 63659 54056 12129 3025 32510 30397 70156 40172 29984 31149 23659 9104
is_linear=0
shrinkage=0.03


Tree=90
num_leaves=16
num_cat=0
split_feature=40 10 40 7 29 40 8 40 36 36 40 40 40 29 6
split_gain=1890.58 1258.89 199.467 188.001 170.756 60.8531 52.6653 49.6553 43.0697 41.2258 39.895 85.6254 52.697 24.1032 22.6119
threshold=0.0083537800237536448 0.36054041981697088 0.2227655425667763 1.0000000180025095e-35 0.30357143282890325 0.028147136792540554 1.991071403026581 1.0000000180025095e-35 0.25000000745058065 0.19285714626312259 0.98627725243568432 0.55894470214843761 1.3606827855110171 0.37500000000000006 1.0000000180025095e-35
decision_type=2 2 2 2 2 2 2 2 2 2 2 2 2 2 2
left_child=1 3 5 7 8 6 -2 -1 -3 -5 11 -4 -12 -6 -7
right_child=2 4 10 9 13 14 -8 -9 -10 -11 12 -13 -14 -15 -16
leaf_value=0 -2.5789723244731138e-06 0 -0.0019499850094765524 0 0 -0.00036131539595790478 7.7060419688348091e-05 3.5415131212212031e-07 0 0 -3.3853371992828755e-05 0.00064067329182260224 0.00045416712479511289 0 -0.00017058116779460476
leaf_weight=32450 2935 14005 7342 19588 11616 571 90 60 16392 11561 18288 12654 31872 12043 8533
leaf_count=32450 2935 14005 7342 19588 11616 571 90 60 16392 11561 18288 12654 31872 12043 8533
internal_value=0.00274965 0.00518829 -0.000739017 0.00232944 0.00855502 -0.00429137 -0.000604959 0.00073362 0.00706747 0.00399499 -0.000124865 0.0010082 -0.000576555 0.0104662 -0.00551626
internal_weight=200000 117715 82285 63659 54056 12129 3025 32510 30397 31149 70156 19996 50160 23659 9104
internal_count=200000 117715 82285 63659 54056 12129 3025 32510 30397 31149 70156 19996 50160 23659 9104
is_linear=0
shrinkage=0.03


Tree=91
num_leaves=16
num_cat=0
split_feature=40 10 40 7 29 40 8 40 36 40 40 40 36 29 6
split_gain=1879.9 1258.89 198.019 188.001 170.756 60.5285 52.5729 49.6553 43.0697 41.9168 146.028 56.9144 41.2258 24.1032 20.4571
threshold=0.0083537800237536448 0.36054041981697088 0.2227655425667763 1.0000000180025095e-35 0.30357143282890325 0.028147136792540554 1.991071403026581 1.0000000180025095e-35 0.25000000745058065 1.0890555977821352 1.3606827855110171 0.55894470214843761 0.19285714626312259 0.37500000000000006 1.0000000180025095e-35
decision_type=2 2 2 2 2 2 2 2 2 2 2 2 2 2 2
left_child=1 3 5 7 8 6 -2 -1 -3 11 -11 -4 -5 -6 -7
right_child=2 4 9 12 13 14 -8 -9 -10 10 -12 -13 -14 -15 -16
leaf_value=0 -2.5016031547388932e-06 0 -0.0018914854591922561 0 0 -0.00035047593407916758 7.4748607097697685e-05 3.435267727584567e-07 0 -0.0013461961924633823 0.00044054211105125959 3.203440247214048e-05 0 0 -0.00016546373276076664
leaf_weight=32450 2935 14005 7342 19588 11616 571 90 60 16392 7968 31872 22974 11561 12043 8533
leaf_count=32450 2935 14005 7342 19588 11616 571 90 60 16392 7968 31872 22974 11561 12043 8533
internal_value=0.00275655 0.00518829 -0.000722246 0.00232944 0.00855502 -0.00426169 -0.000585124 0.00073362 0.00706747 -0.000110326 -0.00075 0.000730307 0.00399499 0.0104662 -0.0054833
internal_weight=200000 117715 82285 63659 54056 12129 3025 32510 30397 70156 39840 30316 31149 23659 9104
internal_count=200000 117715 82285 63659 54056 12129 3025 32510 30397 70156 39840 30316 31149 23659 9104
is_linear=0
shrinkage=0.03


Tree=92
num_leaves=16
num_cat=0
split_feature=40 10 40 7 29 40 8 40 36 36 34 40 29 6 31
split_gain=1878.51 1258.89 193.858 188.001 170.756 61.1865 52.2963 49.6553 43.0697 41.2258 39.4471 41.8651 24.1032 19.9238 18.1594
threshold=0.0083537800237536448 0.36054041981697088 0.2227655425667763 1.0000000180025095e-35 0.30357143282890325 0.028147136792540554 1.991071403026581 1.0000000180025095e-35 0.25000000745058065 0.19285714626312259 1.0000000180025095e-35 1.0890555977821352 0.37500000000000006 1.0000000180025095e-35 0.65653356909751903
decision_type=2 2 2 2 2 2 2 2 2 2 2 2 2 2 2
left_child=1 3 5 7 8 6 -2 -1 -3 -5 14 -12 -6 -7 -4
right_child=2 4 10 9 12 13 -8 -9 -10 -11 11 -13 -14 -15 -16
leaf_value=0 -2.4265550600966954e-06 0 -0.0028733841777709374 0 0 -0.00033996165605679256 7.2506148884766752e-05 3.3322096957570303e-07 0 0 1.8432362929372003e-05 -0.00086090094333281274 0 -0.00016049982077794364 0.022910474917034386
leaf_weight=32450 2935 14005 230 19588 11616 571 90 60 16392 11561 29813 39410 12043 8533 703
leaf_count=32450 2935 14005 230 19588 11616 571 90 60 16392 11561 29813 39410 12043 8533 703
internal_value=0.00275745 0.00518829 -0.000720058 0.00232944 0.00855502 -0.00422211 -0.00052562 0.00073362 0.00706747 0.00399499 -0.000114602 -0.000197189 0.0104662 -0.00545035 0.00601286
internal_weight=200000 117715 82285 63659 54056 12129 3025 32510 30397 31149 70156 69223 23659 9104 933
internal_count=200000 117715 82285 63659 54056 12129 3025 32510 30397 31149 70156 69223 23659 9104 933
is_linear=0
shrinkage=0.03


Tree=93
num_leaves=16
num_cat=0
split_feature=40 10 7 40 29 40 8 40 36 36 29 40 29 12 33
split_gain=1872.02 1258.89 188.001 186.301 170.756 61.1927 52.1683 49.6553 43.0697 41.2258 39.1655 43.0962 24.1032 20.6265 18.4266
threshold=0.0083537800237536448 0.36054041981697088 1.0000000180025095e-35 0.2227655425667763 0.30357143282890325 0.028147136792540554 1.2589285969734194 1.0000000180025095e-35 0.25000000745058065 0.19285714626312259 0.8392857313156129 0.98627725243568432 0.37500000000000006 -0.37499999999999994 11.700000286102297
decision_type=2 2 2 2 2 2 2 2 2 2 2 2 2 2 2
left_child=1 2 7 5 8 6 -2 -1 -3 -4 11 -5 -6 -7 -12
right_child=3 4 9 10 12 13 -8 -9 -10 -11 14 -13 -14 -15 -16
leaf_value=0 -2.5276952225240095e-06 0 0 0.00035219360794217262 0 -0.00049397046616271101 4.4350088876986209e-05 3.2322434048843189e-07 0 0 0.039662196105536861 -3.1026415905639861e-05 0 -0.00012604330365389215 0.87738256365134271
leaf_weight=32450 2859 14005 19588 19996 11616 853 166 60 16392 11561 384 49700 12043 8251 76
leaf_count=32450 2859 14005 19588 19996 11616 853 166 60 16392 11561 384 49700 12043 8251 76
internal_value=0.00276165 0.00518829 0.00232944 -0.00070985 0.00855502 -0.00414296 -0.000446281 0.00073362 0.00706747 0.00399499 -0.000116312 -0.000173898 0.0104662 -0.00537127 0.0086087
internal_weight=200000 117715 63659 82285 54056 12129 3025 32510 30397 31149 70156 69696 23659 9104 460
internal_count=200000 117715 63659 82285 54056 12129 3025 32510 30397 31149 70156 69696 23659 9104 460
is_linear=0
shrinkage=0.03


Tree=94
num_leaves=16
num_cat=0
split_feature=40 10 7 40 29 40 8 40 36 36 40 40 40 29 27
split_gain=1860.93 1258.89 188.001 183.913 170.756 59.2417 52.0203 49.6553 43.0697 41.2258 38.8393 135.45 55.7447 24.1032 19.2783
threshold=0.0083537800237536448 0.36054041981697088 1.0000000180025095e-35 0.2227655425667763 0.30357143282890325 0.028147136792540554 1.991071403026581 1.0000000180025095e-35 0.25000000745058065 0.19285714626312259 1.0890555977821352 1.3606827855110171 0.55894470214843761 0.37500000000000006 0.69341349601745617
decision_type=2 2 2 2 2 2 2 2 2 2 2 2 2 2 2
left_child=1 2 7 5 8 6 -2 -1 -3 -4 12 -12 -5 -6 -7
right_child=3 4 9 10 13 14 -8 -9 -10 -11 11 -13 -14 -15 -16
leaf_value=0 -2.277927551618021e-06 0 0 -0.0018458596745426342 0 -5.1179330577390751e-05 6.9000461751914154e-05 3.1352761027377888e-07 0 0 -0.001279052485912327 0.00043359377064553059 3.0847150058774256e-05 0 -0.00022928333777875781
leaf_weight=32450 2935 14005 19588 7342 11616 1630 90 60 16392 11561 7968 31872 22974 12043 7474
leaf_count=32450 2935 14005 19588 7342 11616 1630 90 60 16392 11561 7968 31872 22974 12043 7474
internal_value=0.00276885 0.00518829 0.00232944 -0.00069235 0.00855502 -0.00410339 -0.000466116 0.00073362 0.00706747 0.00399499 -0.000102628 -0.000718373 0.000706558 0.0104662 -0.00531195
internal_weight=200000 117715 63659 82285 54056 12129 3025 32510 30397 31149 70156 39840 30316 23659 9104
internal_count=200000 117715 63659 82285 54056 12129 3025 32510 30397 31149 70156 39840 30316 23659 9104
is_linear=0
shrinkage=0.03


Tree=95
num_leaves=16
num_cat=0
split_feature=40 10 7 40 29 40 8 40 36 36 40 40 40 12 29
split_gain=1854.01 1258.89 188.001 174.546 170.756 58.0882 70.0308 49.6553 43.0697 41.2258 38.2255 85.2271 48.0591 25.1542 24.1032
threshold=0.0083537800237536448 0.36054041981697088 1.0000000180025095e-35 0.2227655425667763 0.30357143282890325 0.0312474649399519 1.0803571343421938 1.0000000180025095e-35 0.25000000745058065 0.19285714626312259 0.98627725243568432 0.55894470214843761 1.3606827855110171 -0.37499999999999994 0.37500000000000006
decision_type=2 2 2 2 2 2 2 2 2 2 2 2 2 2 2
left_child=1 2 7 5 8 6 -2 -1 -3 -4 11 -5 -12 -7 -6
right_child=3 4 9 10 14 13 -8 -9 -10 -11 12 -13 -14 -15 -16
leaf_value=0 -3.1598368594034157e-06 0 0 -0.0017904838843063554 0 -0.00057537254941563733 4.6240871396931342e-05 3.0412178196556552e-07 0 0 -3.1413939141434432e-05 0.0006016144928655756 0.00042058595752616465 -0.00040542766083012373 0
leaf_weight=32450 3578 14005 19588 7342 11616 812 204 60 16392 11561 18288 12654 31872 7535 12043
leaf_count=32450 3578 14005 19588 7342 11616 812 204 60 16392 11561 18288 12654 31872 7535 12043
internal_value=0.00277335 0.00518829 0.00232944 -0.000681412 0.00855502 -0.00400445 -0.000920148 0.00073362 0.00706747 0.00399499 -0.000106905 0.0010022 -0.000549043 -0.00540194 0.0104662
internal_weight=200000 117715 63659 82285 54056 12129 3782 32510 30397 31149 70156 19996 50160 8347 23659
internal_count=200000 117715 63659 82285 54056 12129 3782 32510 30397 31149 70156 19996 50160 8347 23659
is_linear=0
shrinkage=0.03


Tree=96
num_leaves=16
num_cat=0
split_feature=40 10 7 29 40 40 8 40 36 36 29 40 29 12 33
split_gain=1843.89 1258.89 188.001 170.756 170.025 61.2729 66.4973 49.6553 43.0697 41.2258 37.8446 42.9033 24.1032 23.1875 18.7844
threshold=0.0083537800237536448 0.36054041981697088 1.0000000180025095e-35 0.30357143282890325 0.2227655425667763 0.0312474649399519 1.0803571343421938 1.0000000180025095e-35 0.25000000745058065 0.19285714626312259 0.8392857313156129 1.0946327447891238 0.37500000000000006 -0.37499999999999994 11.700000286102297
decision_type=2 2 2 2 2 2 2 2 2 2 2 2 2 2 2
left_child=1 2 7 8 5 6 -2 -1 -3 -4 11 -6 -5 -7 -12
right_child=4 3 9 12 10 13 -8 -9 -10 -11 14 -13 -14 -15 -16
leaf_value=0 -3.0650417536213017e-06 0 0 0 1.8928384310196946e-05 -0.00055811137293316831 4.4853645255023423e-05 2.9499812850659857e-07 0 0 0.038446704830525612 -0.00087252116444560819 0 -0.00039326483100522003 0.85103546134995722
leaf_weight=32450 3578 14005 19588 11616 30648 812 204 60 16392 11561 384 39048 12043 7535 76
leaf_count=32450 3578 14005 19588 11616 30648 812 204 60 16392 11561 384 39048 12043 7535 76
internal_value=0.00277995 0.00518829 0.00232944 0.00855502 -0.00066537 -0.00394509 -0.000777366 0.00073362 0.00706747 0.00399499 -9.83522e-05 -0.000154959 0.0104662 -0.00538038 0.00847826
internal_weight=200000 117715 63659 54056 82285 12129 3782 32510 30397 31149 70156 69696 23659 8347 460
internal_count=200000 117715 63659 54056 82285 12129 3782 32510 30397 31149 70156 69696 23659 8347 460
is_linear=0
shrinkage=0.03


Tree=97
num_leaves=16
num_cat=0
split_feature=40 10 7 29 40 40 8 40 36 36 29 40 29 15 33
split_gain=1842.06 1258.89 188.001 170.756 168.791 60.0908 66.5472 49.6553 43.0697 41.2258 37.8371 41.0367 24.1032 21.8686 18.7844
threshold=0.0083537800237536448 0.36054041981697088 1.0000000180025095e-35 0.30357143282890325 0.2227655425667763 0.0312474649399519 1.901785731315613 1.0000000180025095e-35 0.25000000745058065 0.19285714626312259 0.8392857313156129 1.0946327447891238 0.37500000000000006 0.079634189605712905 11.700000286102297
decision_type=2 2 2 2 2 2 2 2 2 2 2 2 2 2 2
left_child=1 2 7 8 5 6 -2 -1 -3 -4 11 -6 -5 -7 -12
right_child=4 3 9 12 10 13 -8 -9 -10 -11 14 -13 -14 -15 -16
leaf_value=0 -2.7269174853630175e-06 0 0 0 1.8360532780891061e-05 -0.00041422126827981036 7.6858606370978834e-05 2.8614818465140061e-07 0 0 0.037293303685609847 -0.00084634552951223991 0 0.026958659972118014 0.82550439750945859
leaf_weight=32450 3676 14005 19588 11616 30648 8173 106 60 16392 11561 384 39048 12043 174 76
leaf_count=32450 3676 14005 19588 11616 30648 8173 106 60 16392 11561 384 39048 12043 174 76
internal_value=0.00278115 0.00518829 0.00232944 0.00855502 -0.000662454 -0.00393025 -0.000793231 0.00073362 0.00706747 0.00399499 -9.7497e-05 -0.000154098 0.0104662 -0.00535162 0.00847826
internal_weight=200000 117715 63659 54056 82285 12129 3782 32510 30397 31149 70156 69696 23659 8347 460
internal_count=200000 117715 63659 54056 82285 12129 3782 32510 30397 31149 70156 69696 23659 8347 460
is_linear=0
shrinkage=0.03


Tree=98
num_leaves=16
num_cat=0
split_feature=40 10 7 29 40 40 40 12 36 36 9 40 8 40 29
split_gain=1824.65 1258.89 188.001 170.756 155.287 82.5381 49.6553 47.2229 43.0697 41.2258 40.135 39.2614 74.2353 52.5525 24.1032
threshold=0.0083537800237536448 0.36054041981697088 1.0000000180025095e-35 0.30357143282890325 0.4827463179826737 0.98627725243568432 1.0000000180025095e-35 0.80357143282890331 0.25000000745058065 0.19285714626312259 1.2856897711753847 0.03227509185671807 1.8839285969734194 0.17645703256130221 0.37500000000000006
decision_type=2 2 2 2 2 2 2 2 2 2 2 2 2 2 2
left_child=1 2 6 8 11 10 -1 -7 -3 -4 -6 12 -2 -13 -5
right_child=4 3 9 14 5 7 -8 -9 -10 -11 -12 13 -14 -15 -16
leaf_value=0 -1.0740035789263187e-06 0 0 0 0.00058488591193923251 -3.7453327236308989e-05 2.775637391118586e-07 0.01124782276006899 0 0 -0.020330912309340046 -0.00043914998290208471 8.5126338291481373e-05 -0.0018433604775487311 0
leaf_weight=32450 4000 14005 19588 11616 14230 45852 60 4308 16392 11561 103 6682 115 6995 12043
leaf_count=32450 4000 14005 19588 11616 14230 45852 60 4308 16392 11561 103 6682 115 6995 12043
internal_value=0.00279255 0.00518829 0.00232944 0.00855502 -0.000634745 4.97728e-05 0.00073362 -0.000523923 0.00706747 0.00399499 0.00205749 -0.00311601 -0.00054678 -0.00388901 0.0104662
internal_weight=200000 117715 63659 54056 82285 64493 32510 50160 30397 31149 14333 17792 4115 13677 23659
internal_count=200000 117715 63659 54056 82285 64493 32510 50160 30397 31149 14333 17792 4115 13677 23659
is_linear=0
shrinkage=0.03


Tree=99
num_leaves=16
num_cat=0
split_feature=40 10 7 29 40 40 40 34 36 36 40 8 40 9 29
split_gain=1825.11 1258.89 188.001 170.756 153.513 78.0519 49.6553 45.2303 43.0697 41.2258 39.7419 74.0532 52.0463 38.7142 24.1032
threshold=0.0083537800237536448 0.36054041981697088 1.0000000180025095e-35 0.30357143282890325 0.4827463179826737 0.98294639587402355 1.0000000180025095e-35 0.15000000223517421 0.25000000745058065 0.19285714626312259 0.03227509185671807 1.8839285969734194 0.17645703256130221 1.3014668822288515 0.37500000000000006
decision_type=2 2 2 2 2 2 2 2 2 2 2 2 2 2 2
left_child=1 2 6 8 10 13 -1 -7 -3 -4 11 -2 -12 -6 -5
right_child=4 3 9 14 5 7 -8 -9 -10 -11 12 -13 -14 -15 -16
leaf_value=0 -1.0417834715585517e-06 0 0 0 0.00065865549912049175 0.023662937579422765 2.6923682693850284e-07 -2.8413725927642353e-05 0 0 -0.00042597548341502214 8.2572548142736884e-05 -0.0017880596632222688 -0.019437847538630391 0
leaf_weight=32450 4000 14005 19588 11616 13901 710 60 49783 16392 11561 6682 115 6995 99 12043
leaf_count=32450 4000 14005 19588 11616 13901 710 60 49783 16392 11561 6682 115 6995 99 12043
internal_value=0.00279225 0.00518829 0.00232944 0.00855502 -0.000635474 4.51212e-05 0.00073362 -0.000504426 0.00706747 0.00399499 -0.00310252 -0.000517618 -0.00388024 0.00202714 0.0104662
internal_weight=200000 117715 63659 54056 82285 64493 32510 50493 30397 31149 17792 4115 13677 14000 23659
internal_count=200000 117715 63659 54056 82285 64493 32510 50493 30397 31149 17792 4115 13677 14000 23659
is_linear=0
shrinkage=0.03


Tree=100
num_leaves=16
num_cat=0
split_feature=40 10 7 29 40 40 40 28 36 36 40 8 40 9 29
split_gain=1821.91 1258.89 188.001 170.756 152.053 77.9055 49.6553 44.3474 43.0697 41.2258 39.2251 70.8334 50.7917 38.7142 24.1032
threshold=0.0083537800237536448 0.36054041981697088 1.0000000180025095e-35 0.30357143282890325 0.4827463179826737 0.98294639587402355 1.0000000180025095e-35 0.92857143282890331 0.25000000745058065 0.19285714626312259 0.03227509185671807 1.8839285969734194 0.17645703256130221 1.3014668822288515 0.37500000000000006
decision_type=2 2 2 2 2 2 2 2 2 2 2 2 2 2 2
left_child=1 2 6 8 10 13 -1 -7 -3 -4 11 -2 -12 -6 -5
right_child=4 3 9 14 5 7 -8 -9 -10 -11 12 -13 -14 -15 -16
leaf_value=0 -1.0105299674117909e-06 0 0 0 0.0006388958341468769 -2.9481792959910114e-05 2.6115972213034772e-07 0.031015841170748223 0 0 -0.00041319621891257134 8.0095371698454823e-05 -0.0017344178733256009 -0.018854712112471479 0
leaf_weight=32450 4000 14005 19588 11616 13901 49291 60 1202 16392 11561 6682 115 6995 99 12043
leaf_count=32450 4000 14005 19588 11616 13901 49291 60 1202 16392 11561 6682 115 6995 99 12043
internal_value=0.00279435 0.00518829 0.00232944 0.00855502 -0.00063037 4.69818e-05 0.00073362 -0.00050205 0.00706747 0.00399499 -0.00308566 -0.000517618 -0.0038583 0.00202714 0.0104662
internal_weight=200000 117715 63659 54056 82285 64493 32510 50493 30397 31149 17792 4115 13677 14000 23659
internal_count=200000 117715 63659 54056 82285 64493 32510 50493 30397 31149 17792 4115 13677 14000 23659
is_linear=0
shrinkage=0.03


Tree=101
num_leaves=16
num_cat=0
split_feature=40 10 7 29 40 40 40 28 36 36 40 8 40 9 29
split_gain=1806.42 1258.89 188.001 170.756 146.406 76.9567 49.6553 44.1071 43.0697 41.2258 40.3744 86.7153 51.087 38.7142 24.1032
threshold=0.0083537800237536448 0.36054041981697088 1.0000000180025095e-35 0.30357143282890325 0.4827463179826737 0.98294639587402355 1.0000000180025095e-35 0.92857143282890331 0.25000000745058065 0.19285714626312259 0.036641124635934837 1.0803571343421938 0.17645703256130221 1.3014668822288515 0.37500000000000006
decision_type=2 2 2 2 2 2 2 2 2 2 2 2 2 2 2
left_child=1 2 6 8 10 13 -1 -7 -3 -4 11 -2 -12 -6 -5
right_child=4 3 9 14 5 7 -8 -9 -10 -11 12 -13 -14 -15 -16
leaf_value=0 -1.8472463315809262e-06 0 0 0 0.00061972895912247063 -2.859733917111279e-05 2.5332493046643731e-07 0.030085365935625778 0 0 -0.00048707128147482652 5.9883631896795633e-05 -0.0016823853371258331 -0.018289070749097334 0
leaf_weight=32450 4208 14005 19588 11616 13901 49291 60 1202 16392 11561 6349 240 6995 99 12043
leaf_count=32450 4208 14005 19588 11616 13901 49291 60 1202 16392 11561 6349 240 6995 99 12043
internal_value=0.00280455 0.00518829 0.00232944 0.00855502 -0.000605578 5.90762e-05 0.00073362 -0.000486602 0.00706747 0.00399499 -0.00301484 -0.000539568 -0.00383993 0.00202714 0.0104662
internal_weight=200000 117715 63659 54056 82285 64493 32510 50493 30397 31149 17792 4448 13344 14000 23659
internal_count=200000 117715 63659 54056 82285 64493 32510 50493 30397 31149 17792 4448 13344 14000 23659
is_linear=0
shrinkage=0.03


Tree=102
num_leaves=16
num_cat=0
split_feature=40 10 7 29 40 40 40 36 28 36 40 8 40 9 29
split_gain=1798.69 1258.89 188.001 170.756 145.863 76.1647 49.6553 43.0697 41.7312 41.2258 40.2645 81.7122 50.0532 39.8833 24.1032
threshold=0.0083537800237536448 0.36054041981697088 1.0000000180025095e-35 0.30357143282890325 0.4827463179826737 0.98627725243568432 1.0000000180025095e-35 0.25000000745058065 0.92857143282890331 0.19285714626312259 0.036641124635934837 1.0803571343421938 0.17645703256130221 1.2856897711753847 0.37500000000000006
decision_type=2 2 2 2 2 2 2 2 2 2 2 2 2 2 2
left_child=1 2 6 7 10 13 -1 -3 -7 -4 11 -2 -12 -6 -5
right_child=4 3 9 14 5 8 -8 -9 -10 -11 12 -13 -14 -15 -16
leaf_value=0 -1.7918289416335442e-06 0 0 0 0.00050982092580936029 -2.9090463658221183e-05 2.4572518255244422e-07 0 0.029182804957557002 0 -0.00047245914303058168 5.8087122939891768e-05 -0.001631913777012058 -0.018023536028053868 0
leaf_weight=32450 4208 14005 19588 11616 14230 48958 60 16392 1202 11561 6349 240 6995 103 12043
leaf_count=32450 4208 14005 19588 11616 14230 48958 60 16392 1202 11561 6349 240 6995 103 12043
internal_value=0.00280965 0.00518829 0.00232944 0.00855502 -0.000593182 7.02402e-05 0.00073362 0.00706747 -0.000480861 0.00399499 -0.00299798 -0.000526079 -0.00382194 0.00199888 0.0104662
internal_weight=200000 117715 63659 54056 82285 64493 32510 30397 50160 31149 17792 4448 13344 14333 23659
internal_count=200000 117715 63659 54056 82285 64493 32510 30397 50160 31149 17792 4448 13344 14333 23659
is_linear=0
shrinkage=0.03


Tree=103
num_leaves=16
num_cat=0
split_feature=40 10 7 29 40 40 40 36 36 12 40 10 40 9 29
split_gain=1801.87 1258.89 188.001 170.756 146.472 76.0422 49.6553 43.0697 41.2258 39.0643 38.8489 72.9943 49.7964 38.6965 24.1032
threshold=0.0083537800237536448 0.36054041981697088 1.0000000180025095e-35 0.30357143282890325 0.4827463179826737 0.98294639587402355 1.0000000180025095e-35 0.25000000745058065 0.19285714626312259 0.80357143282890331 0.036641124635934837 1.4425640106201174 0.17645703256130221 1.3014668822288515 0.37500000000000006
decision_type=2 2 2 2 2 2 2 2 2 2 2 2 2 2 2
left_child=1 2 6 7 10 13 -1 -3 -4 -7 11 -2 -12 -6 -5
right_child=4 3 8 14 5 9 -8 -9 -10 -11 12 -13 -14 -15 -16
leaf_value=0 -1.2334165711140771e-06 0 0 0 0.00058584246257451563 -3.2694224862810198e-05 2.3835342707587089e-07 0 0 0.01027073126721386 -0.00045828536873966419 0.00012088888051067846 -0.0015829563637016965 -0.017199692545782796 0
leaf_weight=32450 4328 14005 19588 11616 13901 46185 60 16392 11561 4308 6349 120 6995 99 12043
leaf_count=32450 4328 14005 19588 11616 13901 46185 60 16392 11561 4308 6349 120 6995 99 12043
internal_value=0.00280755 0.00518829 0.00232944 0.00855502 -0.000598286 6.65188e-05 0.00073362 0.00706747 0.00399499 -0.000475908 -0.00300809 -0.000580036 -0.00381745 0.00202286 0.0104662
internal_weight=200000 117715 63659 54056 82285 64493 32510 30397 31149 50493 17792 4448 13344 14000 23659
internal_count=200000 117715 63659 54056 82285 64493 32510 30397 31149 50493 17792 4448 13344 14000 23659
is_linear=0
shrinkage=0.03


Tree=104
num_leaves=16
num_cat=0
split_feature=40 10 7 29 40 40 40 36 36 9 40 10 40 29 29
split_gain=1801.87 1258.89 188.001 170.756 144.837 72.054 49.6553 43.0697 41.2258 38.4661 38.4185 72.9943 48.7757 37.731 24.1032
threshold=0.0083537800237536448 0.36054041981697088 1.0000000180025095e-35 0.30357143282890325 0.4827463179826737 0.98294639587402355 1.0000000180025095e-35 0.25000000745058065 0.19285714626312259 1.3014668822288515 0.036641124635934837 1.4425640106201174 0.17645703256130221 0.80357143282890331 0.37500000000000006
decision_type=2 2 2 2 2 2 2 2 2 2 2 2 2 2 2
left_child=1 2 6 7 10 9 -1 -3 -4 -6 11 -2 -12 -7 -5
right_child=4 3 8 14 5 13 -8 -9 -10 -11 12 -13 -14 -15 -16
leaf_value=0 -1.1964140739806511e-06 0 0 0 0.00056826718869728014 -2.5754144964255536e-05 2.3120282426359475e-07 0 0 -0.016683701769409313 -0.00044453680767747421 0.00011726221409535813 -0.0015354676727906455 0.045733118686325 0
leaf_weight=32450 4328 14005 19588 11616 13901 49848 60 16392 11561 99 6349 120 6995 645 12043
leaf_count=32450 4328 14005 19588 11616 13901 49848 60 16392 11561 99 6349 120 6995 645 12043
internal_value=0.00280755 0.00518829 0.00232944 0.00855502 -0.000598286 6.27975e-05 0.00073362 0.00706747 0.00399499 0.00196714 -0.0029946 -0.000580036 -0.00379946 -0.000465213 0.0104662
internal_weight=200000 117715 63659 54056 82285 64493 32510 30397 31149 14000 17792 4448 13344 50493 23659
internal_count=200000 117715 63659 54056 82285 64493 32510 30397 31149 14000 17792 4448 13344 50493 23659
is_linear=0
shrinkage=0.03


Tree=105
num_leaves=16
num_cat=0
split_feature=40 10 7 29 40 40 40 40 36 36 40 10 40 9 29
split_gain=1800.06 1258.89 188.001 170.756 145.598 69.3344 119.397 49.6553 43.0697 41.2258 38.0972 69.9494 48.7757 36.872 24.1032
threshold=0.0083537800237536448 0.36054041981697088 1.0000000180025095e-35 0.30357143282890325 0.4827463179826737 1.0890555977821352 1.3606827855110171 1.0000000180025095e-35 0.25000000745058065 0.19285714626312259 0.036641124635934837 1.4425640106201174 0.17645703256130221 1.3014668822288515 0.37500000000000006
decision_type=2 2 2 2 2 2 2 2 2 2 2 2 2 2 2
left_child=1 2 7 8 10 13 -7 -1 -3 -4 11 -2 -12 -6 -5
right_child=4 3 9 14 5 6 -8 -9 -10 -11 12 -13 -14 -15 -16
leaf_value=0 -1.1605216517612467e-06 0 0 0 3.0876549093523492e-05 -0.0011881104149409425 0.00029379407240027875 2.2426673953568691e-07 0 0 -0.00043120070344714994 0.0001137443476724974 -0.0014894036426069263 -0.016499337170033102 0
leaf_weight=32450 4328 14005 19588 11616 24529 7968 31872 60 16392 11561 6349 120 6995 124 12043
leaf_count=32450 4328 14005 19588 11616 24529 7968 31872 60 16392 11561 6349 120 6995 124 12043
internal_value=0.00280875 0.00518829 0.00232944 0.00855502 -0.00059537 6.74492e-05 -0.000706325 0.00073362 0.00706747 0.00399499 -0.00299798 -0.000593525 -0.00379946 0.00131789 0.0104662
internal_weight=200000 117715 63659 54056 82285 64493 39840 32510 30397 31149 17792 4448 13344 24653 23659
internal_count=200000 117715 63659 54056 82285 64493 39840 32510 30397 31149 17792 4448 13344 24653 23659
is_linear=0
shrinkage=0.03


Tree=106
num_leaves=16
num_cat=0
split_feature=40 10 7 29 40 40 40 36 36 9 29 40 8 40 29
split_gain=1803.69 1258.89 188.001 170.756 144.485 67.5438 49.6553 43.0697 41.2258 38.2011 37.5943 37.1415 64.6157 48.0172 24.1032
threshold=0.0083537800237536448 0.36054041981697088 1.0000000180025095e-35 0.30357143282890325 0.4827463179826737 0.98294639587402355 1.0000000180025095e-35 0.25000000745058065 0.19285714626312259 1.3014668822288515 0.80357143282890331 0.036641124635934837 1.2589285969734194 0.17645703256130221 0.37500000000000006
decision_type=2 2 2 2 2 2 2 2 2 2 2 2 2 2 2
left_child=1 2 6 7 11 9 -1 -3 -4 -6 -7 12 -2 -13 -5
right_child=4 3 8 14 5 10 -8 -9 -10 -11 -12 13 -14 -15 -16
leaf_value=0 -1.6303635044788087e-06 0 0 0 0.00055029287656355598 -2.5536955342489098e-05 2.1753873734961632e-07 0 0 -0.015688210601226042 0.044352311303563235 -0.0004182646823437355 5.6317469661754139e-05 -0.0014447215333287188 0
leaf_weight=32450 4231 14005 19588 11616 13901 49848 60 16392 11561 99 645 6349 217 6995 12043
leaf_count=32450 4231 14005 19588 11616 13901 49848 60 16392 11561 99 645 6349 217 6995 12043
internal_value=0.00280635 0.00518829 0.00232944 0.00855502 -0.000601203 5.90762e-05 0.00073362 0.00706747 0.00399499 0.00190286 -0.000452142 -0.0029946 -0.000620504 -0.00378597 0.0104662
internal_weight=200000 117715 63659 54056 82285 64493 32510 30397 31149 14000 50493 17792 4448 13344 23659
internal_count=200000 117715 63659 54056 82285 64493 32510 30397 31149 14000 50493 17792 4448 13344 23659
is_linear=0
shrinkage=0.03


Tree=107
num_leaves=16
num_cat=0
split_feature=40 10 7 29 40 40 40 36 36 9 40 8 40 11 29
split_gain=1803.69 1258.89 188.001 170.756 142.86 67.0454 49.6553 43.0697 41.2258 37.339 37.1415 64.5066 47.2646 36.3345 24.1032
threshold=0.0083537800237536448 0.36054041981697088 1.0000000180025095e-35 0.30357143282890325 0.4827463179826737 0.97939684987068187 1.0000000180025095e-35 0.25000000745058065 0.19285714626312259 1.3014668822288515 0.036641124635934837 1.2589285969734194 0.17645703256130221 0.73214286565780651 0.37500000000000006
decision_type=2 2 2 2 2 2 2 2 2 2 2 2 2 2 2
left_child=1 2 6 7 10 9 -1 -3 -4 -6 11 -2 -12 -7 -5
right_child=4 3 8 14 5 13 -8 -9 -10 -11 12 -13 -14 -15 -16
leaf_value=0 -1.5814525993444391e-06 0 0 0 0.00062135106204551903 -2.222733533670848e-05 2.1101257522912784e-07 0 0 -0.015126281557855094 -0.00040571674187342335 5.4627945571901517e-05 -0.001401379887328857 0.043621282763550866 0
leaf_weight=32450 4231 14005 19588 11616 13569 50651 60 16392 11561 98 6349 217 6995 175 12043
leaf_count=32450 4231 14005 19588 11616 13569 50651 60 16392 11561 98 6349 217 6995 175 12043
internal_value=0.00280635 0.00518829 0.00232944 0.00855502 -0.000601203 5.53548e-05 0.00073362 0.00706747 0.00399499 0.00192068 -0.00298112 -0.000607014 -0.00377248 -0.000446228 0.0104662
internal_weight=200000 117715 63659 54056 82285 64493 32510 30397 31149 13667 17792 4448 13344 50826 23659
internal_count=200000 117715 63659 54056 82285 64493 32510 30397 31149 13667 17792 4448 13344 50826 23659
is_linear=0
shrinkage=0.03


Tree=108
num_leaves=16
num_cat=0
split_feature=40 10 7 29 40 40 40 40 5 40 40 36 36 8 29
split_gain=1781.49 1258.89 188.001 170.756 128.886 67.3778 129.249 51.6262 56.2972 49.6553 46.5179 43.0697 41.2258 39.6449 24.1032
threshold=0.0083537800237536448 0.36054041981697088 1.0000000180025095e-35 0.30357143282890325 0.4827463179826737 1.1005694866180422 1.3606827855110171 0.036641124635934837 4.5000000000000009 1.0000000180025095e-35 0.17645703256130221 0.25000000745058065 0.19285714626312259 0.99107143282890331 0.37500000000000006
decision_type=2 2 2 2 2 2 2 2 2 2 2 2 2 2 2
left_child=1 2 9 11 7 13 -7 8 -2 -1 -9 -3 -4 -6 -5
right_child=4 3 12 14 5 6 -8 10 -10 -11 -12 -13 -14 -15 -16
leaf_value=0 -8.9421615325060983e-07 0 0 0 1.1974478197806005e-05 -0.0013482994018495524 0.00025613487244603185 -0.00039354523961722062 7.5842281221743968e-05 2.0468219797225402e-07 -0.0013593384907089913 0 0 5.6161046879440359e-05 0
leaf_weight=32450 4351 14005 19588 11616 18254 7304 31872 6349 97 60 6995 16392 11561 7063 12043
leaf_count=32450 4351 14005 19588 11616 18254 7304 31872 6349 97 60 6995 16392 11561 7063 12043
internal_value=0.00282105 0.00518829 0.00232944 0.00855502 -0.000565474 5.81458e-05 -0.00072136 -0.00282599 -2.69784e-05 0.00073362 -0.00375899 0.00706747 0.00399499 0.00126437 0.0104662
internal_weight=200000 117715 63659 54056 82285 64493 39176 17792 4448 32510 13344 30397 31149 25317 23659
internal_count=200000 117715 63659 54056 82285 64493 39176 17792 4448 32510 13344 30397 31149 25317 23659
is_linear=0
shrinkage=0.03


Tree=109
num_leaves=16
num_cat=0
split_feature=40 10 7 29 40 40 40 5 40 40 36 36 9 39 29
split_gain=1784.66 1258.89 188.001 170.756 126.774 67.5814 51.1298 50.3037 49.6553 45.5316 43.0697 41.2258 37.339 36.3946 24.1032
threshold=0.0083537800237536448 0.36054041981697088 1.0000000180025095e-35 0.30357143282890325 0.4827463179826737 0.97939684987068187 0.036641124635934837 4.5000000000000009 1.0000000180025095e-35 0.17645703256130221 0.25000000745058065 0.19285714626312259 1.3014668822288515 0.75000000000000011 0.37500000000000006
decision_type=2 2 2 2 2 2 2 2 2 2 2 2 2 2 2
left_child=1 2 8 10 6 12 7 -2 -1 -8 -3 -4 -6 -7 -5
right_child=4 3 11 14 5 13 9 -9 -10 -11 -12 -13 -14 -15 -16
leaf_value=0 -8.6738966865312905e-07 0 0 0 0.00060235129583821926 -2.3180052890911169e-05 -0.0003817388824287039 7.3567012785091666e-05 1.9854173203308639e-07 -0.0013185583359877216 0 0 -0.0146735151439956 0.05543520128953721 0
leaf_weight=32450 4351 14005 19588 11616 13569 50456 6349 97 60 6995 16392 11561 98 370 12043
leaf_count=32450 4351 14005 19588 11616 13569 50456 6349 97 60 6995 16392 11561 98 370 12043
internal_value=0.00281895 0.00518829 0.00232944 0.00855502 -0.000570578 4.79122e-05 -0.0028125 -2.69784e-05 0.00073362 -0.00374101 0.00706747 0.00399499 0.00192068 -0.000455672 0.0104662
internal_weight=200000 117715 63659 54056 82285 64493 17792 4448 32510 13344 30397 31149 13667 50826 23659
internal_count=200000 117715 63659 54056 82285 64493 17792 4448 32510 13344 30397 31149 13667 50826 23659
is_linear=0
shrinkage=0.03


Tree=110
num_leaves=16
num_cat=0
split_feature=40 10 7 29 40 40 40 40 8 40 36 36 9 39 29
split_gain=1777.88 1258.89 188.001 170.756 127.249 66.3969 50.8825 49.6553 49.3127 45.1042 43.0697 41.2258 37.3212 36.2664 24.1032
threshold=0.0083537800237536448 0.36054041981697088 1.0000000180025095e-35 0.30357143282890325 0.4827463179826737 0.97939684987068187 0.036641124635934837 1.0000000180025095e-35 2.4017857313156132 0.21087211370468142 0.25000000745058065 0.19285714626312259 1.3014668822288515 0.75000000000000011 0.37500000000000006
decision_type=2 2 2 2 2 2 2 2 2 2 2 2 2 2 2
left_child=1 2 7 10 6 12 8 -1 -2 -8 -3 -4 -6 -7 -5
right_child=4 3 11 14 5 13 9 -9 -10 -11 -12 -13 -14 -15 -16
leaf_value=0 -9.7637774761431461e-07 0 0 0 0.00058428075696307258 -2.2484651304183824e-05 -0.00039931279960404755 1.9258548007209377e-07 0.0001766070347643256 -0.0011432929063947743 0 0 -0.014233309689675731 0.053772145250851097 0
leaf_weight=32450 4349 14005 19588 11616 13569 50456 7348 60 99 5996 16392 11561 98 370 12043
leaf_count=32450 4349 14005 19588 11616 13569 50456 7348 60 99 5996 16392 11561 98 370 12043
internal_value=0.00282345 0.00518829 0.00232944 0.00855502 -0.00055964 6.00065e-05 -0.00280576 0.00073362 -2.69784e-05 -0.00373201 0.00706747 0.00399499 0.00191629 -0.000439145 0.0104662
internal_weight=200000 117715 63659 54056 82285 64493 17792 32510 4448 13344 30397 31149 13667 50826 23659
internal_count=200000 117715 63659 54056 82285 64493 17792 32510 4448 13344 30397 31149 13667 50826 23659
is_linear=0
shrinkage=0.03


Tree=111
num_leaves=16
num_cat=0
split_feature=40 10 7 29 40 40 40 40 40 8 40 36 36 9 29
split_gain=1767.52 1258.89 188.001 170.756 123.447 66.8689 124.858 49.6553 48.5695 50.4466 44.8715 43.0697 41.2258 36.4857 24.1032
threshold=0.0083537800237536448 0.36054041981697088 1.0000000180025095e-35 0.30357143282890325 0.4827463179826737 1.1005694866180422 1.3606827855110171 1.0000000180025095e-35 0.041205095127224929 1.3125000000000002 0.17645703256130221 0.25000000745058065 0.19285714626312259 1.3322845697402956 0.37500000000000006
decision_type=2 2 2 2 2 2 2 2 2 2 2 2 2 2 2
left_child=1 2 7 11 8 13 -7 -1 9 -2 -10 -3 -4 -6 -5
right_child=4 3 12 14 5 6 -8 -9 10 -11 -12 -13 -14 -15 -16
leaf_value=0 -1.5865543422181709e-06 0 0 0 2.9536334136447233e-05 -0.0013064804786682132 0.00024982076739850378 1.8680791566993095e-07 -0.00043969802656401209 6.3184077270815557e-05 -0.0012447027987162462 0 0 -0.014376569627665994 0
leaf_weight=32450 4564 14005 19588 11616 25201 7304 31872 60 6016 217 6995 16392 11561 116 12043
leaf_count=32450 4564 14005 19588 11616 25201 7304 31872 60 6016 217 6995 16392 11561 116 12043
internal_value=0.00283035 0.00518829 0.00232944 0.00855502 -0.000542869 6.74492e-05 -0.000709108 0.00073362 -0.00275517 -0.000169421 -0.00370533 0.00706747 0.00399499 0.00126911 0.0104662
internal_weight=200000 117715 63659 54056 82285 64493 39176 32510 17792 4781 13011 30397 31149 25317 23659
internal_count=200000 117715 63659 54056 82285 64493 39176 32510 17792 4781 13011 30397 31149 25317 23659
is_linear=0
shrinkage=0.03


Tree=112
num_leaves=16
num_cat=0
split_feature=40 10 7 29 40 40 40 40 8 8 36 36 9 39 29
split_gain=1774.28 1258.89 188.001 170.756 122.229 64.6757 49.6553 48.1805 59.9731 56.9874 43.0697 41.2258 37.197 36.2664 24.1032
threshold=0.0083537800237536448 0.36054041981697088 1.0000000180025095e-35 0.30357143282890325 0.4827463179826737 0.97939684987068187 1.0000000180025095e-35 0.045411154627799995 1.3482142686843874 1.366071403026581 0.25000000745058065 0.19285714626312259 1.3014668822288515 0.75000000000000011 0.37500000000000006
decision_type=2 2 2 2 2 2 2 2 2 2 2 2 2 2 2
left_child=1 2 6 10 7 12 -1 8 -2 -9 -3 -4 -6 -7 -5
right_child=4 3 11 14 5 13 -8 9 -10 -11 -12 -13 -14 -15 -16
leaf_value=0 -2.0868642427458032e-06 0 0 0 0.00056586624423008705 -2.2240814800108271e-05 1.8120367819983303e-07 -0.00070749638831809681 9.0284566314896079e-05 -0.0012520610762585432 0 0 -0.013375013310155479 0.052151486270303617 0
leaf_weight=32450 4906 14005 19588 11616 13569 50456 60 12289 228 369 16392 11561 98 370 12043
leaf_count=32450 4906 14005 19588 11616 13569 50456 60 12289 228 369 16392 11561 98 370 12043
internal_value=0.00282585 0.00518829 0.00232944 0.00855502 -0.000553807 5.34942e-05 0.00073362 -0.00275517 -0.000303857 -0.00374941 0.00706747 0.00399499 0.00188556 -0.000439145 0.0104662
internal_weight=200000 117715 63659 54056 82285 64493 32510 17792 5134 12658 30397 31149 13667 50826 23659
internal_count=200000 117715 63659 54056 82285 64493 32510 17792 5134 12658 30397 31149 13667 50826 23659
is_linear=0
shrinkage=0.03


Tree=113
num_leaves=16
num_cat=0
split_feature=40 10 7 29 40 40 40 40 40 8 8 36 36 8 29
split_gain=1772.48 1258.89 188.001 170.756 121.804 64.0257 120.581 49.6553 47.4587 55.4046 52.4356 43.0697 41.2258 36.8692 24.1032
threshold=0.0083537800237536448 0.36054041981697088 1.0000000180025095e-35 0.30357143282890325 0.4827463179826737 1.1005694866180422 1.3606827855110171 1.0000000180025095e-35 0.045411154627799995 2.5089285373687749 1.366071403026581 0.25000000745058065 0.19285714626312259 0.93750000000000011 0.37500000000000006
decision_type=2 2 2 2 2 2 2 2 2 2 2 2 2 2 2
left_child=1 2 7 11 8 13 -7 -1 9 -2 -10 -3 -4 -6 -5
right_child=4 3 12 14 5 6 -8 -9 10 -11 -12 -13 -14 -15 -16
leaf_value=0 -1.6289033045271267e-06 0 0 0 8.9971441754486001e-06 -0.0012666188398641634 0.00022733647438609661 1.7576756785383802e-07 -0.00068627149666855396 0.00024765632422844776 -0.0012144992439707869 0 0 4.7383125086491834e-05 0
leaf_weight=32450 5015 14005 19588 11616 16446 7304 31872 60 12289 119 369 16392 11561 8871 12043
leaf_count=32450 5015 14005 19588 11616 16446 7304 31872 60 12289 119 369 16392 11561 8871 12043
internal_value=0.00282705 0.00518829 0.00232944 0.00855502 -0.00055089 5.53548e-05 -0.000704513 0.00073362 -0.00274843 -0.000315543 -0.00373519 0.00706747 0.00399499 0.00123119 0.0104662
internal_weight=200000 117715 63659 54056 82285 64493 39176 32510 17792 5134 12658 30397 31149 25317 23659
internal_count=200000 117715 63659 54056 82285 64493 39176 32510 17792 5134 12658 30397 31149 25317 23659
is_linear=0
shrinkage=0.03


Tree=114
num_leaves=16
num_cat=0
split_feature=40 10 7 29 40 40 40 40 8 7 36 36 9 39 29
split_gain=1778.34 1258.89 188.001 170.756 121.501 61.5852 49.6553 46.3604 50.9604 46.1656 43.0697 41.2258 36.9845 35.8288 24.1032
threshold=0.0083537800237536448 0.36054041981697088 1.0000000180025095e-35 0.30357143282890325 0.4827463179826737 0.97939684987068187 1.0000000180025095e-35 0.045411154627799995 1.366071403026581 0.80357143282890331 0.25000000745058065 0.19285714626312259 1.3014668822288515 0.79999998211860668 0.37500000000000006
decision_type=2 2 2 2 2 2 2 2 2 2 2 2 2 2 2
left_child=1 2 6 10 7 12 -1 9 -9 -2 -3 -4 -6 -7 -5
right_child=4 3 11 14 5 13 -8 8 -10 -11 -12 -13 -14 -15 -16
leaf_value=0 -1.9753912163275947e-06 0 0 0 0.00054850171743922702 -2.1582998878272757e-05 1.7049454081822286e-07 -0.00066568335176849728 -0.0011780642666516631 8.8759813767248433e-05 0 0 -0.012975184404603411 0.074361579540326309 0
leaf_weight=32450 4899 14005 19588 11616 13569 50551 60 12289 369 235 16392 11561 98 275 12043
leaf_count=32450 4899 14005 19588 11616 13569 50551 60 12289 369 235 16392 11561 98 275 12043
internal_value=0.00282315 0.00518829 0.00232944 0.00855502 -0.000560369 4.51212e-05 0.00073362 -0.00275517 -0.00373045 -0.000350604 0.00706747 0.00399499 0.00183288 -0.000435604 0.0104662
internal_weight=200000 117715 63659 54056 82285 64493 32510 17792 12658 5134 30397 31149 13667 50826 23659
internal_count=200000 117715 63659 54056 82285 64493 32510 17792 12658 5134 30397 31149 13667 50826 23659
is_linear=0
shrinkage=0.03


Tree=115
num_leaves=16
num_cat=0
split_feature=40 10 7 29 40 40 40 40 6 40 8 36 36 9 29
split_gain=1779.24 1258.89 188.001 170.756 121.34 62.258 117.644 49.6553 47.185 82.955 48.8884 43.0697 41.2258 36.1978 24.1032
threshold=0.0083537800237536448 0.36054041981697088 1.0000000180025095e-35 0.30357143282890325 0.4827463179826737 1.1005694866180422 1.3606827855110171 1.0000000180025095e-35 1.0000000180025095e-35 0.03227509185671807 0.93750000000000011 0.25000000745058065 0.19285714626312259 1.3322845697402956 0.37500000000000006
decision_type=2 2 2 2 2 2 2 2 2 2 2 2 2 2 2
left_child=1 2 7 11 8 13 -7 -1 10 -10 -2 -3 -4 -6 -5
right_child=4 3 12 14 5 6 -8 -9 9 -11 -12 -13 -14 -15 -16
leaf_value=0 -4.7497257148709555e-05 0 0 0 2.6702268736709284e-05 -0.0012279727847018904 0.00020642562700837154 1.6537970459367621e-07 1.973703341963777e-06 -0.00032381923452602467 -1.6483226825092511e-06 0 0 -0.013156188101145843 0
leaf_weight=32450 859 14005 19588 11616 25201 7304 31872 60 3280 13154 499 16392 11561 116 12043
leaf_count=32450 859 14005 19588 11616 25201 7304 31872 60 3280 13154 499 16392 11561 116 12043
internal_value=0.00282255 0.00518829 0.00232944 0.00855502 -0.000561828 4.32605e-05 -0.000706045 0.00073362 -0.00275517 -0.00231106 -0.0081296 0.00706747 0.00399499 0.00120275 0.0104662
internal_weight=200000 117715 63659 54056 82285 64493 39176 32510 17792 16434 1358 30397 31149 25317 23659
internal_count=200000 117715 63659 54056 82285 64493 39176 32510 17792 16434 1358 30397 31149 25317 23659
is_linear=0
shrinkage=0.03


Tree=116
num_leaves=16
num_cat=0
split_feature=40 10 7 29 40 40 40 6 40 40 36 36 9 28 29
split_gain=1765.28 1258.89 188.001 170.756 108.174 61.3781 60.7779 57.1476 49.6553 43.2954 43.0697 41.2258 40.2069 33.2807 24.1032
threshold=0.0083537800237536448 0.36054041981697088 1.0000000180025095e-35 0.30357143282890325 0.4827463179826737 0.97590193152427684 0.041205095127224929 1.0000000180025095e-35 1.0000000180025095e-35 0.21087211370468142 0.25000000745058065 0.19285714626312259 1.3014668822288515 0.92857143282890331 0.37500000000000006
decision_type=2 2 2 2 2 2 2 2 2 2 2 2 2 2 2
left_child=1 2 8 10 6 12 7 -2 -1 -8 -3 -4 -6 -7 -5
right_child=4 3 11 14 5 13 9 -9 -10 -11 -12 -13 -14 -15 -16
leaf_value=0 -2.1861302722359668e-05 0 0 0 0.00063821621859557831 -2.3663087591139637e-05 -0.00040293030135952768 2.6654007879500609e-06 1.6041831345586593e-07 -0.00099815362537370887 0 0 -0.012424094655479829 0.027543818713272654 0
leaf_weight=32450 928 14005 19588 11616 13238 49957 7015 3853 60 5996 16392 11561 96 1202 12043
leaf_count=32450 928 14005 19588 11616 13238 49957 7015 3853 60 5996 16392 11561 96 1202 12043
internal_value=0.00283185 0.00518829 0.00232944 0.00855502 -0.000539223 3.20965e-05 -0.00261016 0.000282368 0.00073362 -0.00367305 0.00706747 0.00399499 0.00184491 -0.000440392 0.0104662
internal_weight=200000 117715 63659 54056 82285 64493 17792 4781 32510 13011 30397 31149 13334 51159 23659
internal_count=200000 117715 63659 54056 82285 64493 17792 4781 32510 13011 30397 31149 13334 51159 23659
is_linear=0
shrinkage=0.03


Tree=117
num_leaves=16
num_cat=0
split_feature=40 10 7 8 40 10 40 6 40 40 40 40 40 9 36
split_gain=1760.36 1277.83 188.882 173.018 96.909 78.8066 74.64 79.4057 61.5418 114.95 50.5059 48.7075 42.6578 36.1567 22.8544
threshold=0.0041657907422631988 0.36054041981697088 1.0000000180025095e-35 0.27678571641445165 0.4827463179826737 0.50442510843276989 0.041205095127224929 1.0000000180025095e-35 1.1005694866180422 1.3606827855110171 1.0000000180025095e-35 1.0000000180025095e-35 0.21087211370468142 1.3322845697402956 0.25000000745058065
decision_type=2 2 2 2 2 2 2 2 2 2 2 2 2 2 2
left_child=1 2 10 14 6 -5 7 -2 13 -10 -1 -4 -8 -6 -3
right_child=4 3 11 5 8 -7 12 -9 9 -11 -12 -13 -14 -15 -16
leaf_value=0 -1.8575121917565823e-05 0 0 0 2.6611093302342194e-05 0 -0.00039084239231874175 4.0796608887304351e-06 -0.0011904237085330995 0.00019268512665420286 1.5560576405218998e-07 6.7409866311174848e-07 -0.00096820901661249788 -0.012388779618447072 0
leaf_weight=32450 1116 11952 30687 27405 25201 1577 7015 4333 7304 31872 57 423 5996 116 12496
leaf_count=32450 1116 11952 30687 27405 25201 1577 7015 4333 7304 31872 57 423 5996 116 12496
internal_value=0.00283515 0.00520458 0.00233192 0.00862493 -0.000508119 0.0101929 -0.0024247 0.000523032 4.04695e-05 -0.000704513 0.000732765 0.00400289 -0.00365921 0.00119327 0.0067662
internal_weight=200000 117047 63617 53430 82953 28982 18460 5449 64493 39176 32507 31110 13011 25317 24448
internal_count=200000 117047 63617 53430 82953 28982 18460 5449 64493 39176 32507 31110 13011 25317 24448
is_linear=0
shrinkage=0.03


Tree=118
num_leaves=16
num_cat=0
split_feature=40 10 7 8 40 10 40 6 40 40 40 36 9 29 36
split_gain=1759.3 1281.28 186.882 173.018 97.2741 78.8066 72.8061 64.6365 60.9379 50.5059 46.4559 41.9366 40.2069 32.9864 22.8544
threshold=0.0041657907422631988 0.36054041981697088 1.0000000180025095e-35 0.27678571641445165 0.4827463179826737 0.50442510843276989 0.045411154627799995 1.0000000180025095e-35 0.97590193152427684 1.0000000180025095e-35 0.17645703256130221 0.19285714626312259 1.3014668822288515 0.8392857313156129 0.25000000745058065
decision_type=2 2 2 2 2 2 2 2 2 2 2 2 2 2 2
left_child=1 2 9 14 6 -5 7 -2 12 -1 -8 -4 -6 -10 -3
right_child=4 3 11 5 8 -7 10 -9 13 -11 -12 -13 -14 -15 -16
leaf_value=0 -1.7100805339834942e-05 0 0 0 0.00061827139923864083 0 -0.00046403290672406987 3.4328692625171804e-06 -2.139794523126192e-05 1.5093759113062428e-07 -0.0010763210797615297 0 -0.011679708427262018 0.053992765442777785 0
leaf_weight=32450 1170 11952 19576 27405 13238 1577 5663 4632 50699 57 6995 11534 96 460 12496
leaf_count=32450 1170 11952 19576 27405 13238 1577 5663 4632 50699 57 6995 11534 96 460 12496
internal_value=0.00283125 0.00519996 0.00232344 0.00862493 -0.000511012 0.0101929 -0.0024312 0.000351603 3.86088e-05 0.000732765 -0.00370675 0.00398554 0.00184491 -0.000432182 0.0067662
internal_weight=200000 117047 63617 53430 82953 28982 18460 5802 64493 32507 12658 31110 13334 51159 24448
internal_count=200000 117047 63617 53430 82953 28982 18460 5802 64493 32507 12658 31110 13334 51159 24448
is_linear=0
shrinkage=0.03


Tree=119
num_leaves=16
num_cat=0
split_feature=40 10 7 29 40 40 40 8 40 40 36 36 9 34 8
split_gain=1774.07 1271.36 186.713 169.46 115.038 60.3743 50.8104 63.7667 48.7081 46.187 42.1221 41.9177 40.2069 32.6754 26.3833
threshold=0.0062920530326664456 0.36054041981697088 1.0000000180025095e-35 0.30357143282890325 0.4827463179826737 0.97590193152427684 0.045411154627799995 1.0446428656578066 1.0000000180025095e-35 0.17645703256130221 0.25000000745058065 0.19285714626312259 1.3014668822288515 0.15000000223517421 0.34821428358554846
decision_type=2 2 2 2 2 2 2 2 2 2 2 2 2 2 2
left_child=1 2 8 10 6 12 7 -2 -1 -8 -3 -4 -6 -7 -5
right_child=4 3 11 14 5 13 9 -9 -10 -11 -12 -13 -14 -15 -16
leaf_value=0 -1.0941609169754818e-06 0 0 0 0.00059972325726148146 0.022545841039511249 -0.00045011191952234786 4.926790873382006e-05 1.4640946339670553e-07 -0.0010440314473686839 0 0 -0.011329317174444159 -2.1599365952219944e-05 0
leaf_weight=32450 5143 13957 19588 9746 13238 718 5663 325 59 6995 16302 11547 96 50441 13732
leaf_count=32450 5143 13957 19588 9746 13238 718 5663 325 59 6995 16302 11547 96 50441 13732
internal_value=0.00282135 0.00519181 0.00232292 0.00858961 -0.000546484 4.69818e-05 -0.00265806 -0.000241405 0.00073272 -0.00370201 0.00710565 0.0039833 0.00184491 -0.000421627 0.0105022
internal_weight=200000 117381 63644 53737 82619 64493 18126 5468 32509 12658 30259 31135 13334 51159 23478
internal_count=200000 117381 63644 53737 82619 64493 18126 5468 32509 12658 30259 31135 13334 51159 23478
is_linear=0
shrinkage=0.03


Tree=120
num_leaves=16
num_cat=0
split_feature=40 10 7 29 40 40 40 40 8 40 40 36 36 9 8
split_gain=1770.48 1271.36 186.713 169.46 117.852 62.7512 109.721 48.8954 53.8734 48.7081 46.187 42.1221 41.9177 36.2902 26.3833
threshold=0.0062920530326664456 0.36054041981697088 1.0000000180025095e-35 0.30357143282890325 0.4827463179826737 1.1005694866180422 1.3606827855110171 0.045411154627799995 1.0446428656578066 1.0000000180025095e-35 0.17645703256130221 0.25000000745058065 0.19285714626312259 1.3322845697402956 0.34821428358554846
decision_type=2 2 2 2 2 2 2 2 2 2 2 2 2 2 2
left_child=1 2 9 11 7 13 -7 8 -2 -1 -9 -3 -4 -6 -5
right_child=4 3 12 14 5 6 -8 10 -10 -11 -12 -13 -14 -15 -16
leaf_value=0 -1.0613360894662013e-06 0 0 0 2.544275768237833e-05 -0.0011534210779416017 0.00018751066546506153 -0.00043660856193667737 4.778987147180537e-05 1.4201717949480434e-07 -0.0010127105039476239 0 0 -0.011326845461842474 0
leaf_weight=32450 5143 13957 19588 9746 25201 7304 31872 5663 325 59 6995 16302 11547 116 13732
leaf_count=32450 5143 13957 19588 9746 25201 7304 31872 5663 325 59 6995 16302 11547 116 13732
internal_value=0.00282375 0.00519181 0.00232292 0.00858961 -0.000540675 6.00065e-05 -0.000692261 -0.00267792 -0.000307242 0.00073272 -0.00370201 0.00710565 0.0039833 0.00122408 0.0105022
internal_weight=200000 117381 63644 53737 82619 64493 39176 18126 5468 32509 12658 30259 31135 25317 23478
internal_count=200000 117381 63644 53737 82619 64493 39176 18126 5468 32509 12658 30259 31135 25317 23478
is_linear=0
shrinkage=0.03


Tree=121
num_leaves=16
num_cat=0
split_feature=40 10 7 8 40 10 40 6 40 40 40 36 9 28 36
split_gain=1752.18 1281.28 186.882 173.018 99.7798 78.8066 70.2623 67.6056 60.2914 50.5059 45.9188 41.9366 35.2137 30.9083 22.8544
threshold=0.0041657907422631988 0.36054041981697088 1.0000000180025095e-35 0.27678571641445165 0.4827463179826737 0.50442510843276989 0.045411154627799995 1.0000000180025095e-35 0.97590193152427684 1.0000000180025095e-35 0.17645703256130221 0.19285714626312259 1.3014668822288515 0.92857143282890331 0.25000000745058065
decision_type=2 2 2 2 2 2 2 2 2 2 2 2 2 2 2
left_child=1 2 9 14 6 -5 7 -2 12 -1 -8 -4 -6 -10 -3
right_child=4 3 11 5 8 -7 10 -9 13 -11 -12 -13 -14 -15 -16
leaf_value=0 -1.7506922391413824e-05 0 0 0 0.00058096827681316555 0 -0.00042351030507857708 3.3480584148507657e-06 -2.2301117367594032e-05 1.3775666410996024e-07 -0.00098232918882919479 0 -0.01064963229535556 0.026707388197446405 0
leaf_weight=32450 1170 11952 19576 27405 13238 1577 5663 4632 49957 57 6995 11534 96 1202 12496
leaf_count=32450 1170 11952 19576 27405 13238 1577 5663 4632 49957 57 6995 11534 96 1202 12496
internal_value=0.00283605 0.00519996 0.00232344 0.00862493 -0.000499439 0.0101929 -0.0024442 0.000289555 5.72155e-05 0.000732765 -0.00369727 0.00398554 0.00185391 -0.000411071 0.0067662
internal_weight=200000 117047 63617 53430 82953 28982 18460 5802 64493 32507 12658 31110 13334 51159 24448
internal_count=200000 117047 63617 53430 82953 28982 18460 5802 64493 32507 12658 31110 13334 51159 24448
is_linear=0
shrinkage=0.03


Tree=122
num_leaves=16
num_cat=0
split_feature=40 10 7 29 40 40 40 40 40 5 40 36 36 34 8
split_gain=1770.66 1272.26 186.713 169.517 116.476 60.6657 112.307 48.7081 47.9017 53.8641 44.8541 42.2603 41.9177 34.8361 26.4964
threshold=0.0062920530326664456 0.36054041981697088 1.0000000180025095e-35 0.30357143282890325 0.4827463179826737 1.1064068078994753 1.3606827855110171 1.0000000180025095e-35 0.045411154627799995 4.5000000000000009 0.17645703256130221 0.25000000745058065 0.19285714626312259 0.65000000596046459 0.34821428358554846
decision_type=2 2 2 2 2 2 2 2 2 2 2 2 2 2 2
left_child=1 2 7 11 8 13 -7 -1 9 -2 -10 -3 -4 -6 -5
right_child=4 3 12 14 5 6 -8 -9 10 -11 -12 -13 -14 -15 -16
leaf_value=0 -5.3132194599660169e-07 0 0 0 -1.2438321931960184e-05 -0.0012442726940858483 0.00018255437902213752 1.3362396418666143e-07 -0.00041080499592621982 0.00015071921371716951 -0.00095285931316431872 0 0 3.5541834366389948e-05 0
leaf_weight=32450 5339 13957 19588 9746 7782 6972 31872 59 5663 129 6995 16302 11547 17867 13732
leaf_count=32450 5339 13957 19588 9746 7782 6972 31872 59 5663 129 6995 16302 11547 17867 13732
internal_value=0.00282465 0.00519283 0.00232292 0.00859185 -0.000539948 5.72155e-05 -0.000690454 0.00073272 -0.00266468 -0.000318215 -0.00367831 0.00710764 0.0039833 0.00118952 0.0105047
internal_weight=200000 117381 63644 53737 82619 64493 38844 32509 18126 5468 12658 30259 31135 25649 23478
internal_count=200000 117381 63644 53737 82619 64493 38844 32509 18126 5468 12658 30259 31135 25649 23478
is_linear=0
shrinkage=0.03


Tree=123
num_leaves=16
num_cat=0
split_feature=40 10 7 29 40 40 0 40 40 8 40 36 36 8 8
split_gain=1776.95 1272.26 186.713 169.517 116.813 56.9584 108.434 48.7081 46.2173 48.4223 44.5898 42.2603 41.9177 34.8203 26.4964
threshold=0.0062920530326664456 0.36054041981697088 1.0000000180025095e-35 0.30357143282890325 0.4827463179826737 1.1064068078994753 2.5000000000000004 1.0000000180025095e-35 0.045411154627799995 1.4732142686843874 0.17645703256130221 0.25000000745058065 0.19285714626312259 0.99107143282890331 0.34821428358554846
decision_type=2 2 2 2 2 2 2 2 2 2 2 2 2 2 2
left_child=1 2 7 11 8 13 -7 -1 9 -2 -10 -3 -4 -6 -5
right_child=4 3 12 14 5 6 -8 -9 10 -11 -12 -13 -14 -15 -16
leaf_value=0 -9.1258005711743882e-07 0 0 0 9.3085634239066862e-06 0.0050236684531255061 -0.0022774830220023408 1.2961524526106159e-07 -0.00039848084604843334 8.5495208171403327e-05 -0.0009242735337693888 0 0 4.7418244894029371e-05 0
leaf_weight=32450 5245 13957 19588 9746 18386 14087 24757 59 5663 223 6995 16302 11547 7263 13732
leaf_count=32450 5245 13957 19588 9746 18386 14087 24757 59 5663 223 6995 16302 11547 7263 13732
internal_value=0.00282045 0.00519283 0.00232292 0.00859185 -0.000550116 4.79122e-05 -0.000676552 0.00073272 -0.00267792 -0.00037308 -0.00367357 0.00710764 0.0039833 0.00114507 0.0105047
internal_weight=200000 117381 63644 53737 82619 64493 38844 32509 18126 5468 12658 30259 31135 25649 23478
internal_count=200000 117381 63644 53737 82619 64493 38844 32509 18126 5468 12658 30259 31135 25649 23478
is_linear=0
shrinkage=0.03


Tree=124
num_leaves=16
num_cat=0
split_feature=40 10 7 29 40 40 40 40 8 40 36 36 9 34 8
split_gain=1780.1 1272.26 186.713 169.517 115.531 56.4084 48.7081 46.3921 48.3447 44.3263 42.2603 41.9177 32.5376 30.8971 26.4964
threshold=0.0062920530326664456 0.36054041981697088 1.0000000180025095e-35 0.30357143282890325 0.4827463179826737 0.97590193152427684 1.0000000180025095e-35 0.045411154627799995 1.4732142686843874 0.17645703256130221 0.25000000745058065 0.19285714626312259 1.3014668822288515 0.15000000223517421 0.34821428358554846
decision_type=2 2 2 2 2 2 2 2 2 2 2 2 2 2 2
left_child=1 2 6 10 7 12 -1 8 -2 -9 -3 -4 -6 -7 -5
right_child=4 3 11 14 5 13 -8 9 -10 -11 -12 -13 -14 -15 -16
leaf_value=0 -8.8520265540386468e-07 0 0 0 0.00056162207135300999 0.021868893806649657 1.2572678790322971e-07 -0.00038652642066698035 8.2930351926261266e-05 -0.00089654532775630701 0 0 -0.010332060483650653 -2.0589006354626222e-05 0
leaf_weight=32450 5245 13957 19588 9746 13238 718 59 5663 223 6995 16302 11547 96 50441 13732
leaf_count=32450 5245 13957 19588 9746 13238 718 59 5663 223 6995 16302 11547 96 50441 13732
internal_value=0.00281835 0.00519283 0.00232292 0.00859185 -0.000555199 3.95392e-05 0.00073272 -0.0026713 -0.000362107 -0.00366883 0.00710764 0.0039833 0.00177741 -0.000413417 0.0105047
internal_weight=200000 117381 63644 53737 82619 64493 32509 18126 5468 12658 30259 31135 13334 51159 23478
internal_count=200000 117381 63644 53737 82619 64493 32509 18126 5468 12658 30259 31135 13334 51159 23478
is_linear=0
shrinkage=0.03


Tree=125
num_leaves=16
num_cat=0
split_feature=40 10 7 29 40 40 40 40 6 40 36 36 9 29 8
split_gain=1781.9 1272.26 186.713 169.517 115.214 55.5682 48.7081 45.9522 48.2857 44.0637 42.2603 41.9177 30.7435 30.6645 26.4964
threshold=0.0062920530326664456 0.36054041981697088 1.0000000180025095e-35 0.30357143282890325 0.4827463179826737 0.97234454751014721 1.0000000180025095e-35 0.045411154627799995 1.0000000180025095e-35 0.17645703256130221 0.25000000745058065 0.19285714626312259 1.0399694442749026 0.8392857313156129 0.34821428358554846
decision_type=2 2 2 2 2 2 2 2 2 2 2 2 2 2 2
left_child=1 2 6 10 7 12 -1 8 -2 -9 -3 -4 -6 -7 -5
right_child=4 3 11 14 5 13 -8 9 -10 -11 -12 -13 -14 -15 -16
leaf_value=0 -2.031533763078324e-05 0 0 0 0.00067775184332034063 -1.8921440293336194e-05 1.2195498426613283e-07 -0.00037493062804697097 2.506393052511893e-06 -0.00086964896792361744 0 0 -0.010436555942636457 0.052031194363787926 0
leaf_weight=32450 1080 13957 19588 9746 12822 51032 59 5663 4388 6995 16302 11547 179 460 13732
leaf_count=32450 1080 13957 19588 9746 12822 51032 59 5663 4388 6995 16302 11547 179 460 13732
internal_value=0.00281715 0.00519283 0.00232292 0.00859185 -0.000558104 3.58178e-05 0.00073272 -0.0026713 -0.00037308 -0.00366409 0.00710764 0.0039833 0.00178832 -0.000406665 0.0105047
internal_weight=200000 117381 63644 53737 82619 64493 32509 18126 5468 12658 30259 31135 13001 51492 23478
internal_count=200000 117381 63644 53737 82619 64493 32509 18126 5468 12658 30259 31135 13001 51492 23478
is_linear=0
shrinkage=0.03


Tree=126
num_leaves=16
num_cat=0
split_feature=40 10 7 29 40 40 0 40 40 8 40 36 36 34 8
split_gain=1770.66 1272.26 186.713 169.517 114.308 55.8488 100.861 48.7081 45.771 46.4409 42.598 42.2603 41.9177 33.0402 26.4964
threshold=0.0062920530326664456 0.36054041981697088 1.0000000180025095e-35 0.30357143282890325 0.4827463179826737 1.1064068078994753 2.5000000000000004 1.0000000180025095e-35 0.045411154627799995 1.3839285969734194 0.21087211370468142 0.25000000745058065 0.19285714626312259 0.65000000596046459 0.34821428358554846
decision_type=2 2 2 2 2 2 2 2 2 2 2 2 2 2 2
left_child=1 2 7 11 8 13 -7 -1 9 -2 -10 -3 -4 -6 -5
right_child=4 3 12 14 5 6 -8 -9 10 -11 -12 -13 -14 -15 -16
leaf_value=0 -9.1395024250217469e-07 0 0 0 -1.3006217347553596e-05 0.0048741437129311794 -0.0022148951053405979 1.1829633473814886e-07 -0.0004112486824510107 7.6467332019037885e-05 -0.00070640116523850208 0 0 3.4593175724402435e-05 0
leaf_weight=32450 5225 13957 19588 9746 7782 14087 24757 59 6662 243 5996 16302 11547 17867 13732
leaf_count=32450 5225 13957 19588 9746 7782 14087 24757 59 6662 243 5996 16302 11547 17867 13732
internal_value=0.00282465 0.00519283 0.00232292 0.00859185 -0.000539948 5.16335e-05 -0.00066574 0.00073272 -0.00264482 -0.000351134 -0.00363565 0.00710764 0.0039833 0.00113806 0.0105047
internal_weight=200000 117381 63644 53737 82619 64493 38844 32509 18126 5468 12658 30259 31135 25649 23478
internal_count=200000 117381 63644 53737 82619 64493 38844 32509 18126 5468 12658 30259 31135 25649 23478
is_linear=0
shrinkage=0.03


Tree=127
num_leaves=16
num_cat=0
split_feature=40 10 7 29 40 40 40 40 6 36 36 40 35 9 8
split_gain=1765.28 1272.26 186.713 169.517 114.176 54.6236 48.7081 44.9406 46.5989 42.2603 41.9177 41.7219 30.5728 27.5391 26.4964
threshold=0.0062920530326664456 0.36054041981697088 1.0000000180025095e-35 0.30357143282890325 0.4827463179826737 0.97234454751014721 1.0000000180025095e-35 0.045411154627799995 1.0000000180025095e-35 0.25000000745058065 0.19285714626312259 0.21087211370468142 1.0000000180025095e-35 1.0399694442749026 0.34821428358554846
decision_type=2 2 2 2 2 2 2 2 2 2 2 2 2 2 2
left_child=1 2 6 9 7 13 -1 8 -2 -3 -4 -9 -7 -6 -5
right_child=4 3 10 14 5 12 -8 11 -10 -11 -12 -13 -14 -15 -16
leaf_value=0 -1.9982686010412291e-05 0 0 0 0.00065709548364507756 0.011235749723332033 1.147474446960044e-07 -0.00039891122197748045 2.4586197682115174e-06 0 0 -0.00068520913028134679 -2.0559356041779176e-05 -0.010124497059629095 0
leaf_weight=32450 1080 13957 19588 9746 12822 1745 59 6662 4388 16302 11547 5996 49747 179 13732
leaf_count=32450 1080 13957 19588 9746 12822 1745 59 6662 4388 16302 11547 5996 49747 179 13732
internal_value=0.00282825 0.00519283 0.00232292 0.00859185 -0.000531234 6.00065e-05 0.00073272 -0.00263489 -0.000362107 0.00710764 0.0039833 -0.00361669 -0.0003787 0.00179755 0.0105047
internal_weight=200000 117381 63644 53737 82619 64493 32509 18126 5468 30259 31135 12658 51492 13001 23478
internal_count=200000 117381 63644 53737 82619 64493 32509 18126 5468 30259 31135 12658 51492 13001 23478
is_linear=0
shrinkage=0.03


Tree=128
num_leaves=16
num_cat=0
split_feature=40 10 7 29 40 40 40 40 8 36 36 40 12 9 8
split_gain=1773.36 1272.26 186.713 169.517 112.049 55.7998 48.7081 45.1129 45.7209 42.2603 41.9177 41.5044 29.5822 27.5391 26.4964
threshold=0.0062920530326664456 0.36054041981697088 1.0000000180025095e-35 0.30357143282890325 0.4827463179826737 0.97234454751014721 1.0000000180025095e-35 0.045411154627799995 1.0803571343421938 0.25000000745058065 0.19285714626312259 0.21087211370468142 0.80357143282890331 1.0399694442749026 0.34821428358554846
decision_type=2 2 2 2 2 2 2 2 2 2 2 2 2 2 2
left_child=1 2 6 9 7 13 -1 8 -2 -3 -4 -9 -7 -6 -5
right_child=4 3 10 14 5 12 -8 11 -10 -11 -12 -13 -14 -15 -16
leaf_value=0 -1.0494300076071411e-06 0 0 0 0.00063738261913572514 -2.4199424920689909e-05 1.1130502135512425e-07 -0.00038694388531815602 4.0755037169035643e-05 0 0 -0.00066465285637290678 0.0086804494796661972 -0.0098207621478402229 0
leaf_weight=32450 5158 13957 19588 9746 12822 47184 59 6662 310 16302 11547 5996 4308 179 13732
leaf_count=32450 5158 13957 19588 9746 12822 47184 59 6662 310 16302 11547 5996 4308 179 13732
internal_value=0.00282285 0.00519283 0.00232292 0.00859185 -0.000544306 4.13998e-05 0.00073272 -0.00262827 -0.000351134 0.00710764 0.0039833 -0.00361195 -0.000402004 0.00179755 0.0105047
internal_weight=200000 117381 63644 53737 82619 64493 32509 18126 5468 30259 31135 12658 51492 13001 23478
internal_count=200000 117381 63644 53737 82619 64493 32509 18126 5468 30259 31135 12658 51492 13001 23478
is_linear=0
shrinkage=0.03


Tree=129
num_leaves=16
num_cat=0
split_feature=40 10 7 29 40 40 40 40 6 36 36 40 33 8 40
split_gain=1768.42 1272.26 186.713 169.517 113.625 55.9111 48.7081 43.6482 47.9134 42.2603 41.9177 41.0709 28.1684 26.4964 23.0756
threshold=0.0062920530326664456 0.36054041981697088 1.0000000180025095e-35 0.30357143282890325 0.4827463179826737 0.97234454751014721 1.0000000180025095e-35 0.045411154627799995 1.0000000180025095e-35 0.25000000745058065 0.19285714626312259 0.21087211370468142 1.0000000180025095e-35 0.34821428358554846 0.89705175161361705
decision_type=2 2 2 2 2 2 2 2 2 2 2 2 2 2 2
left_child=1 2 6 9 7 14 -1 8 -2 -3 -4 -9 -7 -5 -6
right_child=4 3 10 13 5 12 -8 11 -10 -11 -12 -13 -14 -15 -16
leaf_value=0 -1.9505493062357982e-05 0 0 0 0.0027917785401145971 0.044051317988745738 1.0796587071447052e-07 -0.00037533556875861147 2.4163440753934006e-06 0 0 -0.00064471327068171965 -1.8311958117453314e-05 0 0.00036398523250783925
leaf_weight=32450 1080 13957 19588 9746 9005 176 59 6662 4388 16302 11547 5996 51316 13732 3996
leaf_count=32450 1080 13957 19588 9746 9005 176 59 6662 4388 16302 11547 5996 51316 13732 3996
internal_value=0.00282615 0.00519283 0.00232292 0.00859185 -0.000536317 5.34942e-05 0.00073272 -0.00263489 -0.000395026 0.00710764 0.0039833 -0.00360246 -0.000390352 0.0105047 0.0018114
internal_weight=200000 117381 63644 53737 82619 64493 32509 18126 5468 30259 31135 12658 51492 23478 13001
internal_count=200000 117381 63644 53737 82619 64493 32509 18126 5468 30259 31135 12658 51492 23478 13001
is_linear=0
shrinkage=0.03


Tree=130
num_leaves=16
num_cat=0
split_feature=40 10 7 29 40 40 40 40 8 36 36 40 34 8 9
split_gain=1761.7 1272.26 186.713 169.517 111.588 54.9728 48.7081 45.0643 44.5134 42.2603 41.9177 40.425 28.0601 26.4964 24.4905
threshold=0.0062920530326664456 0.36054041981697088 1.0000000180025095e-35 0.30357143282890325 0.4827463179826737 0.97234454751014721 1.0000000180025095e-35 0.045411154627799995 1.3839285969734194 0.25000000745058065 0.19285714626312259 0.21087211370468142 1.0000000180025095e-35 0.34821428358554846 1.0399694442749026
decision_type=2 2 2 2 2 2 2 2 2 2 2 2 2 2 2
left_child=1 2 6 9 7 14 -1 8 -2 -3 -4 -9 -7 -5 -6
right_child=4 3 10 13 5 12 -8 11 -10 -11 -12 -13 -14 -15 -16
leaf_value=0 -8.8117768751654746e-07 0 0 0 0.0006073415835864183 0.022321034443715016 1.0472689459303639e-07 -0.00036407550169585305 7.4135306315578623e-05 0 0 -0.00062537187256126803 -1.8676334878838241e-05 0 -0.0096098926396084531
leaf_weight=32450 5225 13957 19588 9746 12822 495 59 6662 243 16302 11547 5996 50997 13732 179
leaf_count=32450 5225 13957 19588 9746 12822 495 59 6662 243 16302 11547 5996 50997 13732 179
internal_value=0.00283065 0.00519283 0.00232292 0.00859185 -0.000525424 5.90762e-05 0.00073272 -0.0026051 -0.000329188 0.00710764 0.0039833 -0.00358824 -0.00038103 0.0105047 0.00180217
internal_weight=200000 117381 63644 53737 82619 64493 32509 18126 5468 30259 31135 12658 51492 23478 13001
internal_count=200000 117381 63644 53737 82619 64493 32509 18126 5468 30259 31135 12658 51492 23478 13001
is_linear=0
shrinkage=0.03


Tree=131
num_leaves=16
num_cat=0
split_feature=40 10 7 29 40 40 0 40 40 8 36 36 40 8 8
split_gain=1748.75 1272.26 186.713 169.517 106.449 55.2819 94.4577 48.7081 44.9977 49.8926 42.2603 41.9177 40.1813 35.7147 26.4964
threshold=0.0062920530326664456 0.36054041981697088 1.0000000180025095e-35 0.30357143282890325 0.4827463179826737 1.1064068078994753 2.5000000000000004 1.0000000180025095e-35 0.049042338505387313 1.0446428656578066 0.25000000745058065 0.19285714626312259 0.21087211370468142 0.99107143282890331 0.34821428358554846
decision_type=2 2 2 2 2 2 2 2 2 2 2 2 2 2 2
left_child=1 2 7 10 8 13 -7 -1 9 -2 -3 -4 -10 -6 -5
right_child=4 3 11 14 5 6 -8 -9 12 -11 -12 -13 -14 -15 -16
leaf_value=0 -1.3336895224438232e-06 0 0 0 9.4048031059342721e-06 0.0047162614302176361 -0.0021849155868373799 1.0158508775524531e-07 -0.00048926173216833784 4.3926035228968979e-05 0 0 -0.00060661071638443034 4.5514418987824855e-05 0
leaf_weight=32450 5463 13957 19588 9746 18386 14087 24757 59 6329 338 16302 11547 5996 7263 13732
leaf_count=32450 5463 13957 19588 9746 18386 14087 24757 59 6329 338 16302 11547 5996 7263 13732
internal_value=0.00283935 0.00519283 0.00232292 0.00859185 -0.000504363 6.65188e-05 -0.000647204 0.00073272 -0.00253558 -0.000356835 0.00710764 0.0039833 -0.00356105 0.00114741 0.0105047
internal_weight=200000 117381 63644 53737 82619 64493 38844 32509 18126 5801 30259 31135 12325 25649 23478
internal_count=200000 117381 63644 53737 82619 64493 38844 32509 18126 5801 30259 31135 12325 25649 23478
is_linear=0
shrinkage=0.03


Tree=132
num_leaves=16
num_cat=0
split_feature=40 10 7 29 40 40 40 40 6 36 36 40 34 8 9
split_gain=1751.87 1272.26 186.713 169.517 107.306 53.8123 48.7081 43.4225 44.5479 42.2603 41.9177 39.9593 27.9866 26.4964 21.5437
threshold=0.0062920530326664456 0.36054041981697088 1.0000000180025095e-35 0.30357143282890325 0.4827463179826737 0.97234454751014721 1.0000000180025095e-35 0.049042338505387313 1.0000000180025095e-35 0.25000000745058065 0.19285714626312259 0.21087211370468142 1.0000000180025095e-35 0.34821428358554846 1.0399694442749026
decision_type=2 2 2 2 2 2 2 2 2 2 2 2 2 2 2
left_child=1 2 6 9 7 14 -1 8 -2 -3 -4 -9 -7 -5 -6
right_child=4 3 10 13 5 12 -8 11 -10 -11 -12 -13 -14 -15 -16
leaf_value=0 -1.9515273194050768e-05 0 0 0 0.00058829754774741936 0.021716950878008685 9.8537535122587941e-08 -0.00047458388020328774 1.8970855280520896e-06 0 0 -0.00058841239489289732 -1.8569868937004667e-05 0 -0.0093229612929898349
leaf_weight=32450 1109 13957 19588 9746 12822 495 59 6329 4692 16302 11547 5996 50997 13732 179
leaf_count=32450 1109 13957 19588 9746 12822 495 59 6329 4692 16302 11547 5996 50997 13732 179
internal_value=0.00283725 0.00519283 0.00232292 0.00859185 -0.000509447 6.37278e-05 0.00073272 -0.00254882 -0.00040855 0.00710764 0.0039833 -0.00355619 -0.000371708 0.0105047 0.00178832
internal_weight=200000 117381 63644 53737 82619 64493 32509 18126 5801 30259 31135 12325 51492 23478 13001
internal_count=200000 117381 63644 53737 82619 64493 32509 18126 5801 30259 31135 12325 51492 23478 13001
is_linear=0
shrinkage=0.03


Tree=133
num_leaves=16
num_cat=0
split_feature=40 10 7 29 40 40 40 40 8 36 36 40 28 8 40
split_gain=1752.76 1272.26 186.713 169.517 106.111 52.5006 48.7081 43.86 47.2718 42.2603 41.9177 39.7379 27.4505 26.4964 22.9398
threshold=0.0062920530326664456 0.36054041981697088 1.0000000180025095e-35 0.30357143282890325 0.4827463179826737 0.96846827864646923 1.0000000180025095e-35 0.049042338505387313 1.526785731315613 0.25000000745058065 0.19285714626312259 0.21087211370468142 0.92857143282890331 0.34821428358554846 0.89705175161361705
decision_type=2 2 2 2 2 2 2 2 2 2 2 2 2 2 2
left_child=1 2 6 9 7 14 -1 8 -2 -3 -4 -9 -7 -5 -6
right_child=4 3 10 13 5 12 -8 11 -10 -11 -12 -13 -14 -15 -16
leaf_value=0 -9.988668308198896e-07 0 0 0 0.0026718738658779661 -1.8685764770116191e-05 9.5581409068910328e-08 -0.00046034636379718919 0.00010874131165653723 0 0 -0.00057076002304611018 0.026244514260014024 0 0.00041264528139969858
leaf_weight=32450 5577 13957 19588 9746 9005 50622 59 6329 224 16302 11547 5996 1203 13732 3663
leaf_count=32450 5577 13957 19588 9746 9005 50622 59 6329 224 16302 11547 5996 1203 13732 3663
internal_value=0.00283665 0.00519283 0.00232292 0.00859185 -0.000510899 5.90762e-05 0.00073272 -0.00253889 -0.000387864 0.00710764 0.0039833 -0.00355132 -0.00036411 0.0105047 0.00179034
internal_weight=200000 117381 63644 53737 82619 64493 32509 18126 5801 30259 31135 12325 51825 23478 12668
internal_count=200000 117381 63644 53737 82619 64493 32509 18126 5801 30259 31135 12325 51825 23478 12668
is_linear=0
shrinkage=0.03


Tree=134
num_leaves=16
num_cat=0
split_feature=40 10 7 29 40 40 0 40 40 6 36 36 40 8 8
split_gain=1747.86 1272.26 186.713 169.517 106.601 54.1404 88.7311 48.7081 42.4708 44.3776 42.2603 41.9177 38.8586 34.445 26.4964
threshold=0.0062920530326664456 0.36054041981697088 1.0000000180025095e-35 0.30357143282890325 0.4827463179826737 1.1064068078994753 2.5000000000000004 1.0000000180025095e-35 0.049042338505387313 1.0000000180025095e-35 0.25000000745058065 0.19285714626312259 0.21087211370468142 0.99107143282890331 0.34821428358554846
decision_type=2 2 2 2 2 2 2 2 2 2 2 2 2 2 2
left_child=1 2 7 10 8 13 -7 -1 9 -2 -3 -4 -10 -6 -5
right_child=4 3 11 14 5 6 -8 -9 12 -11 -12 -13 -14 -15 -16
leaf_value=0 -1.9588465405239124e-05 0 0 0 9.5064603033897902e-06 0.0045662399502037583 -0.0021257843797849534 9.271396679684303e-08 -0.00044653597288327358 1.8381933392909964e-06 0 0 -0.00055363722235472648 4.4123323434783063e-05 0
leaf_weight=32450 1109 13957 19588 9746 18386 14087 24757 59 6329 4692 16302 11547 5996 7263 13732
leaf_count=32450 1109 13957 19588 9746 18386 14087 24757 59 6329 4692 16302 11547 5996 7263 13732
internal_value=0.00283995 0.00519283 0.00232292 0.00859185 -0.000502911 6.83795e-05 -0.000637936 0.00073272 -0.00253558 -0.000418893 0.00710764 0.0039833 -0.00353185 0.00113806 0.0105047
internal_weight=200000 117381 63644 53737 82619 64493 38844 32509 18126 5801 30259 31135 12325 25649 23478
internal_count=200000 117381 63644 53737 82619 64493 38844 32509 18126 5801 30259 31135 12325 25649 23478
is_linear=0
shrinkage=0.03


Tree=135
num_leaves=16
num_cat=0
split_feature=40 10 7 29 40 40 0 40 40 8 36 36 40 7 8
split_gain=1746.52 1272.26 186.713 169.517 105.444 52.7425 92.562 48.7081 43.6072 44.8614 42.2603 41.9177 38.8586 38.6856 26.4964
threshold=0.0062920530326664456 0.36054041981697088 1.0000000180025095e-35 0.30357143282890325 0.4827463179826737 1.1127920150756838 2.5000000000000004 1.0000000180025095e-35 0.049042338505387313 0.93750000000000011 0.25000000745058065 0.19285714626312259 0.21087211370468142 1.053571403026581 0.34821428358554846
decision_type=2 2 2 2 2 2 2 2 2 2 2 2 2 2 2
left_child=1 2 7 10 8 13 -7 -1 9 -2 -3 -4 -10 -6 -5
right_child=4 3 11 14 5 6 -8 -9 12 -11 -12 -13 -14 -15 -16
leaf_value=0 -1.2465334234543039e-06 0 0 0 1.0456928768052507e-05 0.0046414027918135524 -0.0022050396304268555 8.9932547792937717e-08 -0.00043313989369677541 3.3850970262041863e-05 0 0 -0.00053702810568408501 4.9198960771799079e-05 0
leaf_weight=32450 5417 13957 19588 9746 20236 13975 24537 59 6329 384 16302 11547 5996 5745 13732
leaf_count=32450 5417 13957 19588 9746 20236 13975 24537 59 6329 384 16302 11547 5996 5745 13732
internal_value=0.00284085 0.00519283 0.00232292 0.00859185 -0.000500732 6.74492e-05 -0.000637204 0.00073272 -0.00252234 -0.000377521 0.00710764 0.0039833 -0.00353185 0.00111197 0.0105047
internal_weight=200000 117381 63644 53737 82619 64493 38512 32509 18126 5801 30259 31135 12325 25981 23478
internal_count=200000 117381 63644 53737 82619 64493 38512 32509 18126 5801 30259 31135 12325 25981 23478
is_linear=0
shrinkage=0.03


Tree=136
num_leaves=16
num_cat=0
split_feature=40 10 7 29 40 40 40 40 6 36 36 40 29 8 40
split_gain=1752.76 1272.26 186.713 169.517 104.73 52.7265 48.7081 42.4873 43.6609 42.2603 41.9177 38.4226 27.4475 26.4964 22.9398
threshold=0.0062920530326664456 0.36054041981697088 1.0000000180025095e-35 0.30357143282890325 0.4827463179826737 0.96846827864646923 1.0000000180025095e-35 0.049042338505387313 1.0000000180025095e-35 0.25000000745058065 0.19285714626312259 0.21087211370468142 0.87500000000000011 0.34821428358554846 0.89705175161361705
decision_type=2 2 2 2 2 2 2 2 2 2 2 2 2 2 2
left_child=1 2 6 9 7 14 -1 8 -2 -3 -4 -9 -7 -5 -6
right_child=4 3 10 13 5 12 -8 11 -10 -11 -12 -13 -14 -15 -16
leaf_value=0 -1.9794302703574352e-05 0 0 0 0.0025911187482294839 -1.6892654818594364e-05 8.7234571359149598e-08 -0.00042014569688587217 1.8204435418158956e-06 0 0 -0.00052091726251356218 0.059901164869868628 0 0.00039917302527134595
leaf_weight=32450 1109 13957 19588 9746 9005 51478 59 6329 4692 16302 11547 5996 347 13732 3663
leaf_count=32450 1109 13957 19588 9746 9005 51478 59 6329 4692 16302 11547 5996 347 13732 3663
internal_value=0.00283665 0.00519283 0.00232292 0.00859185 -0.000510899 5.53548e-05 0.00073272 -0.00252565 -0.00040855 0.00710764 0.0039833 -0.00352211 -0.000368741 0.0105047 0.00179034
internal_weight=200000 117381 63644 53737 82619 64493 32509 18126 5801 30259 31135 12325 51825 23478 12668
internal_count=200000 117381 63644 53737 82619 64493 32509 18126 5801 30259 31135 12325 51825 23478 12668
is_linear=0
shrinkage=0.03


Tree=137
num_leaves=16
num_cat=0
split_feature=40 10 7 29 40 40 40 40 10 36 36 40 34 8 40
split_gain=1749.2 1272.26 186.713 169.517 104.646 52.3878 48.7081 42.6369 43.3475 42.2603 41.9177 38.2055 26.9606 26.4964 22.9398
threshold=0.0062920530326664456 0.36054041981697088 1.0000000180025095e-35 0.30357143282890325 0.4827463179826737 0.96846827864646923 1.0000000180025095e-35 0.049042338505387313 1.5250871181488039 0.25000000745058065 0.19285714626312259 0.21087211370468142 1.0000000180025095e-35 0.34821428358554846 0.89705175161361705
decision_type=2 2 2 2 2 2 2 2 2 2 2 2 2 2 2
left_child=1 2 6 9 7 14 -1 8 -2 -3 -4 -9 -7 -5 -6
right_child=4 3 10 13 5 12 -8 11 -10 -11 -12 -13 -14 -15 -16
leaf_value=0 -6.5685175396897744e-07 0 0 0 0.0025133851857825993 0.021083779731695847 8.4617534218375087e-08 -0.000407541325979296 0.0001527769133141152 0 0 -0.00050528974463815487 -1.7302607986024628e-05 0 0.00038719783451320554
leaf_weight=32450 5641 13957 19588 9746 9005 495 59 6329 160 16302 11547 5996 51330 13732 3663
leaf_count=32450 5641 13957 19588 9746 9005 495 59 6329 160 16302 11547 5996 51330 13732 3663
internal_value=0.00283905 0.00519283 0.00232292 0.00859185 -0.00050509 6.09368e-05 0.00073272 -0.00251903 -0.000398207 0.00710764 0.0039833 -0.00351724 -0.000361795 0.0105047 0.00179034
internal_weight=200000 117381 63644 53737 82619 64493 32509 18126 5801 30259 31135 12325 51825 23478 12668
internal_count=200000 117381 63644 53737 82619 64493 32509 18126 5801 30259 31135 12325 51825 23478 12668
is_linear=0
shrinkage=0.03


Tree=138
num_leaves=16
num_cat=0
split_feature=40 10 7 29 40 40 0 40 36 36 40 6 40 7 8
split_gain=1745.19 1272.26 186.713 169.517 106.017 52.3674 86.3675 48.7081 42.2603 41.9177 41.251 45.8285 37.7732 35.4107 26.4964
threshold=0.0062920530326664456 0.36054041981697088 1.0000000180025095e-35 0.30357143282890325 0.4827463179826737 1.1127920150756838 2.5000000000000004 1.0000000180025095e-35 0.25000000745058065 0.19285714626312259 0.049042338505387313 1.0000000180025095e-35 0.21087211370468142 1.053571403026581 0.34821428358554846
decision_type=2 2 2 2 2 2 2 2 2 2 2 2 2 2 2
left_child=1 2 7 8 10 13 -7 -1 -3 -4 11 -2 -12 -6 -5
right_child=4 3 9 14 5 6 -8 -9 -10 -11 12 -13 -14 -15 -16
leaf_value=0 -1.9840247545339482e-05 0 0 0 1.1169078789149446e-05 0.0045031865659432846 -0.0021632560145986089 8.2079008191823852e-08 0 0 -0.00039531508619991708 1.7855357881804526e-06 -0.00049013105229901038 4.8748849832783573e-05 0
leaf_weight=32450 1109 13957 19588 9746 20236 13975 24537 59 16302 11547 6329 4692 5996 5745 13732
leaf_count=32450 1109 13957 19588 9746 20236 13975 24537 59 16302 11547 6329 4692 5996 5745 13732
internal_value=0.00284175 0.00519283 0.00232292 0.00859185 -0.000498554 7.11705e-05 -0.000630972 0.00073272 0.00710764 0.0039833 -0.00252565 -0.000439579 -0.00350751 0.00111197 0.0105047
internal_weight=200000 117381 63644 53737 82619 64493 38512 32509 30259 31135 18126 5801 12325 25981 23478
internal_count=200000 117381 63644 53737 82619 64493 38512 32509 30259 31135 18126 5801 12325 25981 23478
is_linear=0
shrinkage=0.03


Tree=139
num_leaves=16
num_cat=0
split_feature=40 10 7 29 40 40 40 36 36 40 8 12 8 34 40
split_gain=1737.18 1272.26 186.713 169.517 99.1886 52.1064 48.7081 42.2603 41.9177 41.053 52.8348 37.7569 26.4964 25.9867 22.9398
threshold=0.0062920530326664456 0.36054041981697088 1.0000000180025095e-35 0.30357143282890325 0.4827463179826737 0.96846827864646923 1.0000000180025095e-35 0.25000000745058065 0.19285714626312259 0.053093764930963523 0.93750000000000011 -0.41071428358554835 0.34821428358554846 1.0000000180025095e-35 0.89705175161361705
decision_type=2 2 2 2 2 2 2 2 2 2 2 2 2 2 2
left_child=1 2 6 7 9 14 -1 -3 -4 10 -2 -11 -5 -7 -6
right_child=4 3 8 12 5 13 -8 -9 -10 11 -12 -13 -14 -15 -16
leaf_value=0 -1.7932543207900206e-06 0 0 0 0.0024376485578454471 0.020516164020182932 7.9616637946069136e-08 0 0 -0.00088602546278472843 4.1927293060196187e-05 -0.00047010064835260971 0 -1.6923380076331438e-05 0.00037411943398282587
leaf_weight=32450 5731 13957 19588 9746 9005 495 59 16302 11547 1022 403 10970 13732 51330 3663
leaf_count=32450 5731 13957 19588 9746 9005 495 59 16302 11547 1022 403 10970 13732 51330 3663
internal_value=0.00284715 0.00519283 0.00232292 0.00859185 -0.000485482 6.55885e-05 0.00073272 0.00710764 0.0039833 -0.00244621 -0.000449951 -0.00346731 0.0105047 -0.000356006 0.00179034
internal_weight=200000 117381 63644 53737 82619 64493 32509 30259 31135 18126 6134 11992 23478 51825 12668
internal_count=200000 117381 63644 53737 82619 64493 32509 30259 31135 18126 6134 11992 23478 51825 12668
is_linear=0
shrinkage=0.03


Tree=140
num_leaves=16
num_cat=0
split_feature=40 10 7 29 40 40 0 40 36 36 40 8 40 34 8
split_gain=1731.85 1272.26 186.713 169.517 99.4006 51.3012 82.2651 48.7081 42.2603 41.9177 39.9832 47.1971 36.1044 34.3702 26.4964
threshold=0.0062920530326664456 0.36054041981697088 1.0000000180025095e-35 0.30357143282890325 0.4827463179826737 1.1127920150756838 2.5000000000000004 1.0000000180025095e-35 0.25000000745058065 0.19285714626312259 0.053093764930963523 0.93750000000000011 0.21087211370468142 0.65000000596046459 0.34821428358554846
decision_type=2 2 2 2 2 2 2 2 2 2 2 2 2 2 2
left_child=1 2 7 8 10 13 -7 -1 -3 -4 11 -2 -12 -6 -5
right_child=4 3 9 14 5 6 -8 -9 -10 -11 12 -13 -14 -15 -16
leaf_value=0 -1.7394566911663189e-06 0 0 0 -1.374563371038362e-05 0.0043685986703672752 -0.00209785063275838 7.7228138807687068e-08 0 0 -0.00051158013760288089 4.0669474268390239e-05 -0.00046016203422375942 3.410012277505022e-05 0
leaf_weight=32450 5731 13957 19588 9746 7839 13975 24537 59 16302 11547 5996 403 5996 18142 13732
leaf_count=32450 5731 13957 19588 9746 7839 13975 24537 59 16302 11547 5996 403 5996 18142 13732
internal_value=0.00285075 0.00519283 0.00232292 0.00859185 -0.000476767 7.48918e-05 -0.000620066 0.00073272 0.00710764 0.0039833 -0.00243959 -0.000469514 -0.0034473 0.00110504 0.0105047
internal_weight=200000 117381 63644 53737 82619 64493 38512 32509 30259 31135 18126 6134 11992 25981 23478
internal_count=200000 117381 63644 53737 82619 64493 38512 32509 30259 31135 18126 6134 11992 25981 23478
is_linear=0
shrinkage=0.03


Tree=141
num_leaves=16
num_cat=0
split_feature=40 10 7 29 40 40 40 36 36 40 7 40 8 31 40
split_gain=1730.52 1272.26 186.713 169.517 99.9573 51.0387 48.7081 42.2603 41.9177 38.9334 44.7184 35.6668 26.4964 25.9161 23.0485
threshold=0.0062920530326664456 0.36054041981697088 1.0000000180025095e-35 0.30357143282890325 0.4827463179826737 0.96846827864646923 1.0000000180025095e-35 0.25000000745058065 0.19285714626312259 0.053093764930963523 0.80357143282890331 0.21087211370468142 0.34821428358554846 0.92582416534423839 0.89705175161361705
decision_type=2 2 2 2 2 2 2 2 2 2 2 2 2 2 2
left_child=1 2 6 7 9 14 -1 -3 -4 10 -2 -11 -5 -7 -6
right_child=4 3 8 12 5 13 -8 -9 -10 11 -12 -13 -14 -15 -16
leaf_value=0 -1.4008185333004227e-06 0 0 0 0.0023649314701213952 -3.6862422296861095e-05 7.4911294643456462e-08 0 0 -0.00049623273347479456 0.00010607468879289143 -0.00044635717319704696 0 1.9378852146867921e-05 0.00036187284728008963
leaf_weight=32450 5846 13957 19588 9746 9005 29154 59 16302 11547 5996 288 5996 13732 22671 3663
leaf_count=32450 5846 13957 19588 9746 9005 29154 59 16302 11547 5996 288 5996 13732 22671 3663
internal_value=0.00285165 0.00519283 0.00232292 0.00859185 -0.000474588 7.86132e-05 0.00073272 0.00710764 0.0039833 -0.0024429 -0.000498859 -0.00343729 0.0105047 -0.00033864 0.0017856
internal_weight=200000 117381 63644 53737 82619 64493 32509 30259 31135 18126 6134 11992 23478 51825 12668
internal_count=200000 117381 63644 53737 82619 64493 32509 30259 31135 18126 6134 11992 23478 51825 12668
is_linear=0
shrinkage=0.03


Tree=142
num_leaves=16
num_cat=0
split_feature=40 10 7 29 40 40 0 40 36 36 7 40 7 40 8
split_gain=1722.99 1272.26 186.713 169.517 99.5307 51.2572 86.0227 48.7081 42.2603 41.9177 40.0455 38.6627 43.044 35.2318 26.4964
threshold=0.0062920530326664456 0.36054041981697088 1.0000000180025095e-35 0.30357143282890325 0.4827463179826737 1.1262742877006533 2.5000000000000004 1.0000000180025095e-35 0.25000000745058065 0.19285714626312259 1.053571403026581 0.053093764930963523 0.80357143282890331 0.21087211370468142 0.34821428358554846
decision_type=2 2 2 2 2 2 2 2 2 2 2 2 2 2 2
left_child=1 2 7 8 11 10 -7 -1 -3 -4 -6 12 -2 -13 -5
right_child=4 3 9 14 5 6 -8 -9 -10 -11 -12 13 -14 -15 -16
leaf_value=0 -1.3587939773013549e-06 0 0 0 1.0328056416621864e-05 0.0045735389303801881 -0.0023077740296544125 7.2663955804152768e-08 0 0 5.0281071449379123e-05 -0.00048134575147055071 0.00010289244812910478 -0.00043296645800113551 0
leaf_weight=32450 5846 13957 19588 9746 20597 13710 24138 59 16302 11547 6048 5996 288 5996 13732
leaf_count=32450 5846 13957 19588 9746 20597 13710 24138 59 16302 11547 6048 5996 288 5996 13732
internal_value=0.00285675 0.00519283 0.00232292 0.00859185 -0.000462242 8.97772e-05 -0.000619848 0.00073272 0.00710764 0.0039833 0.00109777 -0.00242635 -0.000489077 -0.00341728 0.0105047
internal_weight=200000 117381 63644 53737 82619 64493 37848 32509 30259 31135 26645 18126 6134 11992 23478
internal_count=200000 117381 63644 53737 82619 64493 37848 32509 30259 31135 26645 18126 6134 11992 23478
is_linear=0
shrinkage=0.03


Tree=143
num_leaves=16
num_cat=0
split_feature=40 10 7 29 40 40 40 36 36 40 6 40 8 34 40
split_gain=1729.19 1272.26 186.713 169.517 98.8369 50.8114 48.7081 42.2603 41.9177 37.6306 41.5884 35.6668 26.4964 25.8549 23.1574
threshold=0.0062920530326664456 0.36054041981697088 1.0000000180025095e-35 0.30357143282890325 0.4827463179826737 0.96846827864646923 1.0000000180025095e-35 0.25000000745058065 0.19285714626312259 0.053093764930963523 1.0000000180025095e-35 0.21087211370468142 0.34821428358554846 1.0000000180025095e-35 0.89705175161361705
decision_type=2 2 2 2 2 2 2 2 2 2 2 2 2 2 2
left_child=1 2 6 7 9 14 -1 -3 -4 10 -2 -11 -5 -7 -6
right_child=4 3 8 12 5 13 -8 -9 -10 11 -12 -13 -14 -15 -16
leaf_value=0 -2.036790642766777e-05 0 0 0 0.0022936736843252549 0.019997516114398213 7.0484037130028186e-08 0 0 -0.00046690537892643411 1.280141540197996e-06 -0.00041997746426110122 0 -1.592114060268471e-05 0.00034950822971820556
leaf_weight=32450 1138 13957 19588 9746 9005 495 59 16302 11547 5996 4996 5996 13732 51330 3663
leaf_count=32450 1138 13957 19588 9746 9005 495 59 16302 11547 5996 4996 5996 13732 51330 3663
internal_value=0.00285255 0.00519283 0.00232292 0.00859185 -0.000472409 7.76828e-05 0.00073272 0.00710764 0.0039833 -0.00242966 -0.000518422 -0.00340727 0.0105047 -0.00033864 0.00178087
internal_weight=200000 117381 63644 53737 82619 64493 32509 30259 31135 18126 6134 11992 23478 51825 12668
internal_count=200000 117381 63644 53737 82619 64493 32509 30259 31135 18126 6134 11992 23478 51825 12668
is_linear=0
shrinkage=0.03


Tree=144
num_leaves=16
num_cat=0
split_feature=40 10 7 29 40 40 40 36 36 40 6 40 8 29 40
split_gain=1718.56 1272.26 186.713 169.517 97.2604 50.0372 48.7081 42.2603 41.9177 36.7179 39.2379 35.0153 26.4964 25.3805 23.1574
threshold=0.0062920530326664456 0.36054041981697088 1.0000000180025095e-35 0.30357143282890325 0.4827463179826737 0.96846827864646923 1.0000000180025095e-35 0.25000000745058065 0.19285714626312259 0.053093764930963523 1.0000000180025095e-35 0.21087211370468142 0.34821428358554846 0.94642856717109691 0.89705175161361705
decision_type=2 2 2 2 2 2 2 2 2 2 2 2 2 2 2
left_child=1 2 6 7 9 14 -1 -3 -4 10 -2 -11 -5 -7 -6
right_child=4 3 8 12 5 13 -8 -9 -10 11 -12 -13 -14 -15 -16
leaf_value=0 -1.9756869234837742e-05 0 0 0 0.0022248634737954973 -1.4297363601455167e-05 6.8369516016127336e-08 0 0 -0.00045289821755864105 1.2417372939920248e-06 -0.00040737814033326851 0 0.13480843619354144 0.00033902298282665943
leaf_weight=32450 1138 13957 19588 9746 9005 51675 59 16302 11547 5996 4996 5996 13732 150 3663
leaf_count=32450 1138 13957 19588 9746 9005 51675 59 16302 11547 5996 4996 5996 13732 150 3663
internal_value=0.00285975 0.00519283 0.00232292 0.00859185 -0.00045498 9.07075e-05 0.00073272 0.00710764 0.0039833 -0.00239656 -0.00050864 -0.00336224 0.0105047 -0.000322431 0.00178087
internal_weight=200000 117381 63644 53737 82619 64493 32509 30259 31135 18126 6134 11992 23478 51825 12668
internal_count=200000 117381 63644 53737 82619 64493 32509 30259 31135 18126 6134 11992 23478 51825 12668
is_linear=0
shrinkage=0.03


Tree=145
num_leaves=16
num_cat=0
split_feature=40 10 7 29 40 40 0 40 36 36 8 40 6 40 8
split_gain=1709.74 1272.26 186.713 169.517 95.7369 51.2669 81.8935 48.7081 42.2603 41.9177 36.8791 35.5854 44.2077 32.6994 26.4964
threshold=0.0062920530326664456 0.36054041981697088 1.0000000180025095e-35 0.30357143282890325 0.4827463179826737 1.1262742877006533 2.5000000000000004 1.0000000180025095e-35 0.25000000745058065 0.19285714626312259 1.026785731315613 0.049042338505387313 1.0000000180025095e-35 0.21087211370468142 0.34821428358554846
decision_type=2 2 2 2 2 2 2 2 2 2 2 2 2 2 2
left_child=1 2 7 8 11 10 -7 -1 -3 -4 -6 12 -2 -13 -5
right_child=4 3 9 14 5 6 -8 -9 -10 -11 -12 13 -14 -15 -16
leaf_value=0 -2.0200223748542236e-05 0 0 0 9.9568494700490858e-06 0.0044327278420318566 -0.0022376342536386561 6.6318430535643516e-08 0 0 4.820372717090262e-05 -0.00029624227984110374 1.8360785575190566e-06 -0.00039515679612327074 0
leaf_weight=32450 1109 13957 19588 9746 19975 13710 24138 59 16302 11547 6670 6329 4692 5996 13732
leaf_count=32450 1109 13957 19588 9746 19975 13710 24138 59 16302 11547 6670 6329 4692 5996 13732
internal_value=0.00286575 0.00519283 0.00232292 0.00859185 -0.000440456 0.000100941 -0.000608751 0.00073272 0.00710764 0.0039833 0.00110903 -0.00236677 -0.000429236 -0.0032787 0.0105047
internal_weight=200000 117381 63644 53737 82619 64493 37848 32509 30259 31135 26645 18126 5801 12325 23478
internal_count=200000 117381 63644 53737 82619 64493 37848 32509 30259 31135 26645 18126 5801 12325 23478
is_linear=0
shrinkage=0.03


Tree=146
num_leaves=16
num_cat=0
split_feature=40 10 7 29 40 40 40 36 36 40 8 40 8 33 40
split_gain=1712.38 1272.26 186.713 169.517 89.8052 50.7004 48.7081 42.2603 41.9177 37.5602 41.0923 36.1044 26.4964 25.1702 23.1574
threshold=0.0062920530326664456 0.36054041981697088 1.0000000180025095e-35 0.30357143282890325 0.4827463179826737 0.96846827864646923 1.0000000180025095e-35 0.25000000745058065 0.19285714626312259 0.053093764930963523 0.93750000000000011 0.21087211370468142 0.34821428358554846 1.0000000180025095e-35 0.89705175161361705
decision_type=2 2 2 2 2 2 2 2 2 2 2 2 2 2 2
left_child=1 2 6 7 9 14 -1 -3 -4 10 -2 -11 -5 -7 -6
right_child=4 3 8 12 5 13 -8 -9 -10 11 -12 -13 -14 -15 -16
leaf_value=0 -1.3688180385179085e-06 0 0 0 0.0021578188640975307 0.043032099470974756 6.4328877619574224e-08 0 0 -0.00043042400263664876 4.0474766944413094e-05 -0.00038330209223957299 0 -1.4924670361142855e-05 0.00032855358785775811
leaf_weight=32450 5731 13957 19588 9746 9005 179 59 16302 11547 5996 403 5996 13732 51646 3663
leaf_count=32450 5731 13957 19588 9746 9005 179 59 16302 11547 5996 403 5996 13732 51646 3663
internal_value=0.00286395 0.00519283 0.00232292 0.00859185 -0.000444813 7.95435e-05 0.00073272 0.00710764 0.0039833 -0.00231049 -0.000401043 -0.00328719 0.0105047 -0.000336324 0.00178087
internal_weight=200000 117381 63644 53737 82619 64493 32509 30259 31135 18126 6134 11992 23478 51825 12668
internal_count=200000 117381 63644 53737 82619 64493 32509 30259 31135 18126 6134 11992 23478 51825 12668
is_linear=0
shrinkage=0.03


Tree=147
num_leaves=16
num_cat=0
split_feature=40 10 7 29 40 40 0 40 36 36 40 6 40 7 8
split_gain=1706.65 1272.26 186.713 169.517 90.0769 49.6667 76.5636 48.7081 42.2603 41.9177 36.1586 38.8145 36.3242 34.2006 26.4964
threshold=0.0062920530326664456 0.36054041981697088 1.0000000180025095e-35 0.30357143282890325 0.4827463179826737 1.1262742877006533 2.5000000000000004 1.0000000180025095e-35 0.25000000745058065 0.19285714626312259 0.053093764930963523 1.0000000180025095e-35 0.21087211370468142 1.053571403026581 0.34821428358554846
decision_type=2 2 2 2 2 2 2 2 2 2 2 2 2 2 2
left_child=1 2 7 8 10 13 -7 -1 -3 -4 11 -2 -12 -6 -5
right_child=4 3 9 14 5 6 -8 -9 -10 -11 12 -13 -14 -15 -16
leaf_value=0 -1.9408340715142854e-05 0 0 0 1.088803059094756e-05 0.004300193746881736 -0.0021700574859186625 6.2399011290987001e-08 0 0 -0.00041751128255754937 1.5130826673585491e-06 -0.00037180302947238561 4.8327173488506587e-05 0
leaf_weight=32450 1138 13957 19588 9746 20597 13710 24138 59 16302 11547 5996 4996 5996 6048 13732
leaf_count=32450 1138 13957 19588 9746 20597 13710 24138 59 16302 11547 5996 4996 5996 6048 13732
internal_value=0.00286785 0.00519283 0.00232292 0.00859185 -0.000435372 8.97772e-05 -0.000608751 0.00073272 0.00710764 0.0039833 -0.00230387 -0.000430388 -0.00326217 0.001082 0.0105047
internal_weight=200000 117381 63644 53737 82619 64493 37848 32509 30259 31135 18126 6134 11992 26645 23478
internal_count=200000 117381 63644 53737 82619 64493 37848 32509 30259 31135 18126 6134 11992 26645 23478
is_linear=0
shrinkage=0.03


Tree=148
num_leaves=16
num_cat=0
split_feature=40 10 7 29 40 40 40 36 36 40 8 40 8 39 9
split_gain=1700.93 1272.26 186.713 169.517 84.378 49.6923 48.7081 42.2603 41.9177 36.3131 52.1841 39.3319 26.4964 25.1198 24.3419
threshold=0.0062920530326664456 0.36054041981697088 1.0000000180025095e-35 0.30357143282890325 0.4827463179826737 0.96846827864646923 1.0000000180025095e-35 0.25000000745058065 0.19285714626312259 0.058214649558067329 1.0446428656578066 0.21087211370468142 0.34821428358554846 0.75000000000000011 1.0399694442749026
decision_type=2 2 2 2 2 2 2 2 2 2 2 2 2 2 2
left_child=1 2 6 7 9 14 -1 -3 -4 10 -2 -11 -5 -7 -6
right_child=4 3 8 12 5 13 -8 -9 -10 11 -12 -13 -14 -15 -16
leaf_value=0 -1.5987956764138521e-06 0 0 0 0.00059538450431090685 -1.5263516763145621e-05 6.0527040952257398e-08 0 0 -0.00055299690538154062 6.465524062672354e-05 -0.00036064893858821445 0 0.047433550894166433 -0.0096306213665700961
leaf_weight=32450 6088 13957 19588 9746 12489 51455 59 16302 11547 5663 379 5996 13732 370 179
leaf_count=32450 6088 13957 19588 9746 12489 51455 59 16302 11547 5663 379 5996 13732 370 179
internal_value=0.00287175 0.00519283 0.00232292 0.00859185 -0.000425931 8.23345e-05 0.00073272 0.00710764 0.0039833 -0.00223436 -0.000431421 -0.00323441 0.0105047 -0.000329378 0.00176666
internal_weight=200000 117381 63644 53737 82619 64493 32509 30259 31135 18126 6467 11659 23478 51825 12668
internal_count=200000 117381 63644 53737 82619 64493 32509 30259 31135 18126 6467 11659 23478 51825 12668
is_linear=0
shrinkage=0.03


Tree=149
num_leaves=16
num_cat=0
split_feature=40 10 7 29 40 40 40 0 36 36 40 8 40 7 8
split_gain=1696.54 1272.26 186.713 169.517 82.5941 48.7081 46.8841 72.4069 42.2603 41.9177 33.7966 49.2121 39.2523 32.6465 26.4964
threshold=0.0062920530326664456 0.36054041981697088 1.0000000180025095e-35 0.30357143282890325 0.4827463179826737 1.0000000180025095e-35 1.1262742877006533 2.5000000000000004 0.25000000745058065 0.19285714626312259 0.058214649558067329 1.526785731315613 0.21087211370468142 1.053571403026581 0.34821428358554846
decision_type=2 2 2 2 2 2 2 2 2 2 2 2 2 2 2
left_child=1 2 5 8 10 -1 13 -8 -3 -4 11 -2 -12 -6 -5
right_child=4 3 9 14 6 -7 7 -9 -10 -11 12 -13 -14 -15 -16
leaf_value=0 -1.1870554999890078e-06 0 0 0 1.0011102427662892e-05 5.8711229723689669e-08 0.0041624950605009103 -0.0021224456682769921 0 0 -0.00053640699822009449 0.0001712959833175829 -0.00034982947043056767 4.7335263786745756e-05 0
leaf_weight=32450 6211 13957 19588 9746 20597 59 13710 24138 16302 11547 5663 256 5996 6048 13732
leaf_count=32450 6211 13957 19588 9746 20597 59 13710 24138 16302 11547 5663 256 5996 6048 13732
internal_value=0.00287475 0.00519283 0.00232292 0.00859185 -0.000418669 0.00073272 8.41952e-05 -0.000594483 0.00710764 0.0039833 -0.00220788 -0.000468533 -0.00317266 0.00104823 0.0105047
internal_weight=200000 117381 63644 53737 82619 32509 64493 37848 30259 31135 18126 6467 11659 26645 23478
internal_count=200000 117381 63644 53737 82619 32509 64493 37848 30259 31135 18126 6467 11659 26645 23478
is_linear=0
shrinkage=0.03


end of trees

feature_importances:
Column_40=1019
Column_29=272
Column_36=220
Column_10=171
Column_8=160
Column_7=130
Column_6=79
Column_39=33
Column_9=31
Column_12=26
Column_0=23
Column_34=23
Column_28=22
Column_5=7
Column_17=7
Column_33=6
Column_31=5
Column_14=3
Column_27=3
Column_13=2
Column_35=2
Column_37=2
Column_11=1
Column_15=1
Column_38=1

parameters:
[boosting: gbdt]
[objective: regression_l1]
[metric: l1]
[tree_learner: serial]
[device_type: cpu]
[data_sample_strategy: bagging]
[data: ]
[valid: ]
[num_iterations: 150]
[learning_rate: 0.03]
[num_leaves: 16]
[num_threads: 4]
[seed: 20260910]
[deterministic: 1]
[force_col_wise: 1]
[force_row_wise: 0]
[histogram_pool_size: -1]
[max_depth: 4]
[min_data_in_leaf: 50]
[min_sum_hessian_in_leaf: 0.001]
[bagging_fraction: 1]
[pos_bagging_fraction: 1]
[neg_bagging_fraction: 1]
[bagging_freq: 0]
[bagging_seed: 11424]
[bagging_by_query: 0]
[feature_fraction: 1]
[feature_fraction_bynode: 1]
[feature_fraction_seed: 17335]
[extra_trees: 0]
[extra_seed: 1225]
[early_stopping_round: 0]
[early_stopping_min_delta: 0]
[first_metric_only: 0]
[max_delta_step: 0]
[lambda_l1: 0]
[lambda_l2: 0]
[linear_lambda: 0]
[min_gain_to_split: 0]
[drop_rate: 0.1]
[max_drop: 50]
[skip_drop: 0.5]
[xgboost_dart_mode: 0]
[uniform_drop: 0]
[drop_seed: 7987]
[top_rate: 0.2]
[other_rate: 0.1]
[min_data_per_group: 100]
[max_cat_threshold: 32]
[cat_l2: 10]
[cat_smooth: 10]
[max_cat_to_onehot: 4]
[top_k: 20]
[monotone_constraints: ]
[monotone_constraints_method: basic]
[monotone_penalty: 0]
[feature_contri: ]
[forcedsplits_filename: ]
[refit_decay_rate: 0.9]
[cegb_tradeoff: 1]
[cegb_penalty_split: 0]
[cegb_penalty_feature_lazy: ]
[cegb_penalty_feature_coupled: ]
[path_smooth: 0]
[interaction_constraints: ]
[verbosity: -1]
[saved_feature_importance_type: 0]
[use_quantized_grad: 0]
[num_grad_quant_bins: 4]
[quant_train_renew_leaf: 0]
[stochastic_rounding: 1]
[linear_tree: 0]
[max_bin: 255]
[max_bin_by_feature: ]
[min_data_in_bin: 3]
[bin_construct_sample_cnt: 200000]
[data_random_seed: 5053]
[is_enable_sparse: 1]
[enable_bundle: 1]
[use_missing: 1]
[zero_as_missing: 0]
[feature_pre_filter: 1]
[pre_partition: 0]
[two_round: 0]
[header: 0]
[label_column: ]
[weight_column: ]
[group_column: ]
[ignore_column: ]
[categorical_feature: ]
[forcedbins_filename: ]
[precise_float_parser: 0]
[parser_config_file: ]
[objective_seed: 1448]
[num_class: 1]
[is_unbalance: 0]
[scale_pos_weight: 1]
[sigmoid: 1]
[boost_from_average: 1]
[reg_sqrt: 0]
[alpha: 0.9]
[fair_c: 1]
[poisson_max_delta_step: 0.7]
[tweedie_variance_power: 1.5]
[lambdarank_truncation_level: 30]
[lambdarank_norm: 1]
[label_gain: ]
[lambdarank_position_bias_regularization: 0]
[eval_at: ]
[multi_error_top_k: 1]
[auc_mu_weights: ]
[num_machines: 1]
[local_listen_port: 12400]
[time_out: 120]
[machine_list_filename: ]
[machines: ]
[gpu_platform_id: -1]
[gpu_device_id: -1]
[gpu_use_dp: 0]
[num_gpu: 1]

end of parameters

pandas_categorical:null
