tree
version=v4
num_class=1
num_tree_per_iteration=1
label_index=0
max_feature_idx=41
objective=regression_l1
feature_names=Column_0 Column_1 Column_2 Column_3 Column_4 Column_5 Column_6 Column_7 Column_8 Column_9 Column_10 Column_11 Column_12 Column_13 Column_14 Column_15 Column_16 Column_17 Column_18 Column_19 Column_20 Column_21 Column_22 Column_23 Column_24 Column_25 Column_26 Column_27 Column_28 Column_29 Column_30 Column_31 Column_32 Column_33 Column_34 Column_35 Column_36 Column_37 Column_38 Column_39 Column_40 Column_41
feature_infos=[1:7] [0:80] [0:84] [0:84] [0:81] [0:80] [0:75.857139587402344] [0:70.071426391601562] [0:68.714286804199219] [0:37.572242736816406] [0:26.816909790039062] [0:1] [-35.75:11.714285850524902] [0.05000000074505806:30.979999542236328] [-0.96118015050888062:24.760000228881836] [-0.96118015050888062:24.760000228881836] [-0.97492802143096924:0.97492790222167969] [-0.90096884965896606:1] [-1:-0.86602520942687988] [-0.49999991059303284:0.50000029802322388] [0:1] [0:3] [0:1] [0:6] [0:2] [0:9] [0:2] [0.68844747543334961:0.71772086620330811] [0:1] [0:1] [1:85] [0:1] [0.59574466943740845:12.44444465637207] [0:43.900001525878906] [0:41] [0:37.799999237060547] [0:40.214286804199219] [0:36.046428680419922] [0:32.708927154541016] [0:0.98571425676345825] [0:87.198501586914062] [0.0041084680706262589:0.96309226751327515]
tree_sizes=1510 1591 1592 1563 1580 1557 1555 1560 1536 1535 1538 1534 1535 1536 1536 1529 1540 1535 1532 1526 1536 1532 1532 1533 1530 1533 1530 1537 1529 1535 1531 1539 1528 1532 1520 1528 1529 1545 1532 1529 1531 1531 1548 1549 1553 1550 1529 1520 1515 1516 1519 1516 1520 1542 1537 1527 1548 1532 1568 1567 1559 1559 1541 1542 1536 1537 1540 1550 1540 1532 1550 1552 1539 1548 1546 1544 1552 1541 1528 1545 1546 1539 1519 1524 1521 1540 1528 1536 1536 1531 1545 1554 1563 1554 1556 1551 1561 1546 1555 1565 1570 1567 1563 1564 1565 1568 1567 1564 1545 1543 1541 1543 1540 1544 1542 1565 1549 1552 1553 1556 1553 1548 1540 1551 1543 1549 1546 1544 1546 1552 1555 1551 1550 1554 1539 1546 1551 1539 1552 1541 1543 1551 1525 1539 1532 1542 1541 1522 1525 1526

Tree=0
num_leaves=16
num_cat=0
split_feature=40 41 40 41 41 41 41 41 41 41 41 33 36 41 41
split_gain=2927.14 1396.41 789.504 521.316 348.793 198.549 182.092 175.12 72.9728 55.9197 47.4137 31.8284 27.2607 24.5794 10.1216
threshold=1.0000000180025095e-35 0.17878168076276782 0.083521272987127318 0.59788936376571666 0.21851146966218951 0.45056347548961645 0.074735593050718321 0.32859426736831671 0.39282412827014929 0.73569414019584667 0.2392067760229111 0.15000000223517421 0.16428571939468387 0.39495432376861578 0.042139187455177314
decision_type=2 2 2 2 2 2 2 2 2 2 2 2 2 2 2
left_child=1 6 4 5 11 -4 14 10 -6 -5 -3 -2 -8 -9 -1
right_child=2 7 3 9 8 -7 12 13 -10 -11 -12 -13 -14 -15 -16
leaf_value=0 -0.00011530953808687627 0 -0.002421341612935066 0.032630907297134401 -0.00026453004218637941 0.0019737084209918974 0 0 -0.00013233306817710399 0.11925465703010558 0 -0.00028258681297302243 0 0 0
leaf_weight=31557 702 14515 53086 3139 5168 17809 15512 9483 2291 786 18723 1643 14758 6283 4545
leaf_count=31557 702 14515 53086 3139 5168 17809 15512 9483 2291 786 18723 1643 14758 6283 4545
internal_value=0.0019551 0.00506336 -0.00228269 -0.00123376 -0.0102876 -0.00182298 0.00222745 0.00890438 -0.00711489 0.00940892 0.00766923 -0.0203795 0.00394351 0.0115083 0.000788599
internal_weight=200000 115376 84624 74820 9804 70895 66372 49004 7459 3925 33238 2345 30270 15766 36102
internal_count=200000 115376 84624 74820 9804 70895 66372 49004 7459 3925 33238 2345 30270 15766 36102
is_linear=0
shrinkage=0.03


Tree=1
num_leaves=16
num_cat=0
split_feature=40 41 41 40 40 40 41 41 41 41 40 40 41 34 8
split_gain=2867.91 1402.56 654.056 464.917 287.668 255.098 242.489 217.187 182.092 174.434 85.4963 70.8803 49.6293 45.4181 0.239472
threshold=0.00013099954230710867 0.17878168076276782 0.45056347548961645 0.083521272987127318 1.0000000180025095e-35 1.0016598105430605 0.59788936376571666 0.21851146966218951 0.074735593050718321 0.27935209870338445 1.0000000180025095e-35 1.0000000180025095e-35 0.73569414019584667 1.0000000180025095e-35 0.52678570151329052
decision_type=2 2 2 2 2 2 2 2 2 2 2 2 2 2 2
left_child=1 4 3 7 8 -5 13 -2 -1 10 -3 -11 -8 -4 -6
right_child=2 9 6 5 14 -7 12 -9 -10 11 -12 -13 -14 -15 -16
leaf_value=0 -0.00035358810777543111 0 0.028745711768511682 -0.0024814036555588243 5.3945053165080012e-06 -0.0022918396510183811 0.031636180078983306 -0.00030677469531074166 0 0 7.5549351913650752e-06 7.6304781381622874e-06 0.11567701731920242 0.0013269367083907128 3.3491023624264927e-06
leaf_weight=36102 1919 23444 477 21425 290 31661 3145 6324 30270 25560 152 171 786 18218 56
leaf_count=36102 1919 23444 477 21425 290 31661 3145 6324 30270 25560 152 171 786 18218 56
internal_value=0.00214995 0.00520557 -0.00207361 -0.00368194 0.00236968 -0.00265268 0.00228587 -0.0103106 0.00222745 0.0090413 0.00717834 0.0107497 0.00905876 0.000861728 0.0296532
internal_weight=200000 116045 83955 61329 66718 53086 22626 8243 66372 49327 23596 25731 3931 18695 346
internal_count=200000 116045 83955 61329 66718 53086 22626 8243 66372 49327 23596 25731 3931 18695 346
is_linear=0
shrinkage=0.03


Tree=2
num_leaves=16
num_cat=0
split_feature=40 41 40 41 40 41 40 41 41 41 40 41 40 33 10
split_gain=2864.04 1406.3 626.502 426.438 314.721 310.607 267.563 182.092 176.019 140.419 74.8658 59.8687 41.4559 19.5772 10.0306
threshold=0.00090574257774278532 0.17878168076276782 0.15415346622467044 0.50752899050712597 1.0000000180025095e-35 0.21637085825204852 1.0043739080429079 0.074735593050718321 0.30011835694313055 0.64400261640548717 1.0000000180025095e-35 0.37836536765098577 1.0000000180025095e-35 0.15000000223517421 0.48903755843639379
decision_type=2 2 2 2 2 2 2 2 2 2 2 2 2 2 2
left_child=1 4 5 6 7 13 -4 -1 10 -5 -3 -7 -10 -2 -6
right_child=2 8 3 9 14 11 -8 -9 12 -11 -12 -13 -14 -15 -16
leaf_value=0 -0.00035397165417100769 0 0.00023745533955842255 0.0056569231844991446 5.9346272673105873e-06 -0.00040070987890753894 -0.0020850757552161809 0 0 0.061113197553277016 7.4015637940174202e-06 -0.0004518637795681134 7.6281569092752759e-06 -0.00039524904583243189 5.702580064200446e-06
leaf_weight=36102 499 27763 21823 9964 376 5585 38012 30270 21241 2355 276 3972 295 1411 56
leaf_count=36102 499 27763 21823 9964 376 5585 38012 30270 21241 2355 276 3972 295 1411 56
internal_value=0.00219135 0.00523445 -0.00204386 -0.00100868 0.00239357 -0.0085576 -0.00205515 0.00222745 0.00906263 0.00407419 0.00749599 -0.00635032 0.0111023 -0.0196021 0.0279167
internal_weight=200000 116379 83621 72154 66804 11467 59835 66372 49575 12319 28039 9557 21536 1910 432
internal_count=200000 116379 83621 72154 66804 11467 59835 66372 49575 12319 28039 9557 21536 1910 432
is_linear=0
shrinkage=0.03


Tree=3
num_leaves=16
num_cat=0
split_feature=40 41 40 41 40 41 40 41 41 40 41 41 41 33 10
split_gain=2828.65 1405.15 618.704 399.697 311.327 297.782 234.888 182.092 175.204 74.8658 58.913 46.7196 37.4981 22.0596 9.7968
threshold=0.00090574257774278532 0.17878168076276782 0.15415346622467044 0.59788936376571666 1.0000000180025095e-35 0.21637085825204852 1.0075234174728396 0.074735593050718321 0.30011835694313055 1.0000000180025095e-35 0.37836536765098577 0.73569414019584667 0.39282412827014929 0.15000000223517421 0.48903755843639379
decision_type=2 2 2 2 2 2 2 2 2 2 2 2 2 2 2
left_child=1 4 5 6 7 13 -4 -1 9 -3 -7 -5 -10 -2 -6
right_child=2 8 3 11 14 10 -8 -9 12 -11 -12 -13 -14 -15 -16
leaf_value=0 -0.00034335250454587746 0 0.00026803343792773784 0.029670803137847632 5.7565884492912692e-06 -0.00038868858254031274 -0.0017909806717620045 0 0 7.1795168801968978e-06 -0.00043830786618106999 0.11037331087302804 0 -0.00038339157445745894 5.5315026622744319e-06
leaf_weight=36102 499 27763 24186 3132 376 5585 44050 30270 14954 276 3972 786 6582 1411 56
leaf_count=36102 499 27763 24186 3132 376 5585 44050 30270 14954 276 3972 786 6582 1411 56
internal_value=0.00220815 0.00523239 -0.00200081 -0.000972087 0.00239267 -0.00847388 -0.00150712 0.00222745 0.009059 0.00749599 -0.00631265 0.00834609 0.011094 -0.019288 0.0277778
internal_weight=200000 116379 83621 72154 66804 11467 68236 66372 49575 28039 9557 3918 21536 1910 432
internal_count=200000 116379 83621 72154 66804 11467 68236 66372 49575 28039 9557 3918 21536 1910 432
is_linear=0
shrinkage=0.03


Tree=4
num_leaves=16
num_cat=0
split_feature=40 41 40 41 41 40 40 41 41 41 40 41 41 40 41
split_gain=2791.08 1409.28 589.453 379.189 286.516 260.054 216.032 182.092 180.092 128.031 92.0983 56.2044 37.3961 34.9373 19.644
threshold=0.0022547222906723623 0.17878168076276782 0.15415346622467044 0.50752899050712597 0.21637085825204852 1.0075234174728396 1.0000000180025095e-35 0.074735593050718321 0.30011835694313055 0.67745831608772289 0.00090574257774278532 0.37836536765098577 0.39282412827014929 1.0000000180025095e-35 0.11634425818920137
decision_type=2 2 2 2 2 2 2 2 2 2 2 2 2 2 2
left_child=1 6 4 5 14 -4 7 -1 13 -5 -8 -6 -10 -3 -2
right_child=2 8 3 9 11 -7 10 -9 12 -11 -12 -13 -14 -15 -16
leaf_value=0 -0.00037504253330693357 0 0.00016797679584241881 0.006391262141905849 -0.00041597313895566917 -0.0020339079910713116 5.5632447931450397e-06 0 0 0.076753625400890452 -1.0760374462774374e-06 -0.00046117655045874948 0 6.6149040260778228e-06 -0.00042302102203533763
leaf_weight=36102 474 27763 22137 10748 5442 37698 432 30270 15040 1571 113 3921 6618 375 1296
leaf_count=36102 474 27763 22137 10748 5442 37698 432 30270 15040 1571 113 3921 6618 375 1296
internal_value=0.00223185 0.00522564 -0.00196345 -0.000972087 -0.00838857 -0.00195889 0.00238191 0.00222745 0.00904711 0.00382093 0.0211927 -0.00629606 0.0111035 0.00746428 -0.0194576
internal_weight=200000 116713 83287 72154 11133 59835 66917 66372 49796 12319 545 9363 21658 28138 1770
internal_count=200000 116713 83287 72154 11133 59835 66917 66372 49796 12319 545 9363 21658 28138 1770
is_linear=0
shrinkage=0.03


Tree=5
num_leaves=16
num_cat=0
split_feature=40 41 40 41 41 40 41 41 40 41 41 41 40 41 41
split_gain=2771.61 1410.79 593.691 354.617 286.516 238.63 212.948 180.092 160.169 98.0341 56.2044 37.3961 34.9373 19.644 8.0355
threshold=0.0022547222906723623 0.17878168076276782 0.15415346622467044 0.53295657038688671 0.21637085825204852 1.0102376937866213 0.067907188087701811 0.30011835694313055 1.0000000180025095e-35 0.67745831608772289 0.37836536765098577 0.39282412827014929 1.0000000180025095e-35 0.11634425818920137 0.042139187455177314
decision_type=2 2 2 2 2 2 2 2 2 2 2 2 2 2 2
left_child=1 6 4 5 13 -4 14 12 -8 -5 -6 -9 -3 -2 -1
right_child=2 7 3 9 10 -7 8 11 -10 -11 -12 -13 -14 -15 -16
leaf_value=0 -0.00036379125730772556 0 0.00011378989276503116 0.0084508337320897443 -0.00040349394478699906 -0.0018883344953541208 0 0 2.868404834016913e-06 0.074451016638863721 -0.00044734125394498697 0 6.4164569052954876e-06 -0.00041033039137427748 0
leaf_weight=31561 474 27763 23395 7414 5442 39774 31775 15040 513 1571 3921 6618 375 1296 3068
leaf_count=31561 474 27763 23395 7414 5442 39774 31775 15040 513 1571 3921 6618 375 1296 3068
internal_value=0.00224025 0.00522358 -0.0019404 -0.000945478 -0.00838857 -0.00173867 0.00237832 0.00904711 0.00413095 0.00463105 -0.00629606 0.0111035 0.00746428 -0.0194576 0.000744174
internal_weight=200000 116713 83287 72154 11133 63169 66917 49796 32288 8985 9363 21658 28138 1770 34629
internal_count=200000 116713 83287 72154 11133 63169 66917 49796 32288 8985 9363 21658 28138 1770 34629
is_linear=0
shrinkage=0.03


Tree=6
num_leaves=16
num_cat=0
split_feature=40 41 40 41 41 41 40 41 40 41 41 41 40 41 41
split_gain=2750.08 1410.28 597.746 335.808 286.795 212.948 205.496 180.303 160.169 56.5701 45.0215 37.3961 33.7351 19.644 8.0355
threshold=0.0022547222906723623 0.17878168076276782 0.15415346622467044 0.59788936376571666 0.21637085825204852 0.067907188087701811 1.0130025148391726 0.30011835694313055 1.0000000180025095e-35 0.37836536765098577 0.73569414019584667 0.39282412827014929 1.0000000180025095e-35 0.11634425818920137 0.042139187455177314
decision_type=2 2 2 2 2 2 2 2 2 2 2 2 2 2 2
left_child=1 5 4 6 13 14 -4 12 -7 -6 -5 -9 -3 -2 -1
right_child=2 7 3 10 9 8 -8 11 -10 -11 -12 -13 -14 -15 -16
leaf_value=0 -0.00035287751958849379 0 9.3137613323033121e-05 0.027852836887997601 -0.00039138912644338914 0 -0.0016943388186420718 0 2.7823526889964061e-06 -0.00043392101632663734 0.10252597228564457 0 6.2239631981366228e-06 -0.00039802047963304917 0
leaf_weight=31561 474 27763 24850 3132 5442 31775 43386 15040 513 3921 786 6618 375 1296 3068
leaf_count=31561 474 27763 24850 3132 5442 31775 43386 15040 513 3921 786 6618 375 1296 3068
internal_value=0.00225135 0.00522307 -0.00191302 -0.00091471 -0.00838319 0.00237832 -0.00140512 0.00904591 0.00413095 -0.00628965 0.00762634 0.0111035 0.00746215 -0.0194576 0.000744174
internal_weight=200000 116713 83287 72154 11133 66917 68236 49796 32288 9363 3918 21658 28138 1770 34629
internal_count=200000 116713 83287 72154 11133 66917 68236 49796 32288 9363 3918 21658 28138 1770 34629
is_linear=0
shrinkage=0.03


Tree=7
num_leaves=16
num_cat=0
split_feature=40 41 40 41 41 40 41 41 40 41 41 41 40 8 41
split_gain=2702.14 1410.66 557.131 321.167 268.463 236.265 212.715 180.303 157.959 109.346 53.3807 37.3961 33.7351 21.4331 8.0355
threshold=0.0022547222906723623 0.17878168076276782 0.15415346622467044 0.50752899050712597 0.21429927647113803 1.0130025148391726 0.067907188087701811 0.30011835694313055 1.0000000180025095e-35 0.64400261640548717 0.37836536765098577 0.39282412827014929 1.0000000180025095e-35 1.991071403026581 0.042139187455177314
decision_type=2 2 2 2 2 2 2 2 2 2 2 2 2 2 2
left_child=1 6 4 5 13 -4 14 12 -8 -5 -6 -9 -3 -2 -1
right_child=2 7 3 9 10 -7 8 11 -10 -11 -12 -13 -14 -15 -16
leaf_value=0 -0.00032622858540762154 0 5.3432417836138891e-05 0.0049199176652821317 -0.00038108029708774623 -0.0019229176719921279 0 0 2.6988821083265143e-06 0.053198565772904299 -0.00042090338583683826 0 6.0372443021925242e-06 -0.00088253361159117301 0
leaf_weight=31561 1449 27763 22765 9964 5497 37070 31775 15040 513 2355 3921 6618 375 266 3068
leaf_count=31561 1449 27763 22765 9964 5497 37070 31775 15040 513 2355 3921 6618 375 266 3068
internal_value=0.00227685 0.00522255 -0.00185107 -0.000887269 -0.00809755 -0.00179544 0.00237742 0.00904591 0.00412909 0.00352382 -0.00610958 0.0111035 0.00746215 -0.0190146 0.000744174
internal_weight=200000 116713 83287 72154 11133 59835 66917 49796 32288 12319 9418 21658 28138 1715 34629
internal_count=200000 116713 83287 72154 11133 59835 66917 49796 32288 12319 9418 21658 28138 1715 34629
is_linear=0
shrinkage=0.03


Tree=8
num_leaves=16
num_cat=0
split_feature=40 41 40 41 41 41 40 41 40 41 41 41 36 41 41
split_gain=2670.38 1407.88 567.638 306.607 275.111 212.693 195.249 181.304 133.066 52.3217 44.1826 37.9682 31.0673 18.6737 7.73102
threshold=0.0041657907422631988 0.17878168076276782 0.15415346622467044 0.59788936376571666 0.21637085825204852 0.067907188087701811 1.0156805515289309 0.30011835694313055 1.0000000180025095e-35 0.37836536765098577 0.73569414019584667 0.39282412827014929 0.46428571641445165 0.11634425818920137 0.042139187455177314
decision_type=2 2 2 2 2 2 2 2 2 2 2 2 2 2 2
left_child=1 5 4 6 13 14 -4 12 -7 -6 -5 -9 -3 -2 -1
right_child=2 7 3 10 9 8 -8 11 -10 -11 -12 -13 -14 -15 -16
leaf_value=0 -0.00035965614981501714 0 6.6723696758168446e-05 0.025799796701270524 -0.00041757399000869581 0 -0.0016405616571557348 0 2.9066955215044431e-06 -0.00046019455861219744 0.097854236143888107 0 0 -0.0004329637606129271 0
leaf_weight=31561 437 22852 25183 3132 5276 31775 43053 15133 588 3861 786 6662 5405 1225 3071
leaf_count=31561 437 22852 25183 3132 5276 31775 43053 15133 588 3861 786 6662 5405 1225 3071
internal_value=0.00230115 0.00521944 -0.00181657 -0.000856501 -0.00823132 0.00237555 -0.00132511 0.00902601 0.00412415 -0.00618912 0.00730475 0.0110819 0.00744028 -0.0194585 0.000741511
internal_weight=200000 117047 82953 72154 10799 66995 68236 50052 32363 9137 3918 21795 28257 1662 34632
internal_count=200000 117047 82953 72154 10799 66995 68236 50052 32363 9137 3918 21795 28257 1662 34632
is_linear=0
shrinkage=0.03


Tree=9
num_leaves=16
num_cat=0
split_feature=40 41 40 41 41 41 40 41 40 41 41 41 36 41 41
split_gain=2645.18 1407.88 573.542 286.804 275.111 212.693 185.711 181.304 133.066 52.3217 39.0474 37.9682 31.0673 18.6737 7.73102
threshold=0.0041657907422631988 0.17878168076276782 0.15415346622467044 0.59788936376571666 0.21637085825204852 0.067907188087701811 1.0184006690979006 0.30011835694313055 1.0000000180025095e-35 0.37836536765098577 0.73569414019584667 0.39282412827014929 0.46428571641445165 0.11634425818920137 0.042139187455177314
decision_type=2 2 2 2 2 2 2 2 2 2 2 2 2 2 2
left_child=1 5 4 6 13 14 -4 12 -7 -6 -5 -9 -3 -2 -1
right_child=2 7 3 10 9 8 -8 11 -10 -11 -12 -13 -14 -15 -16
leaf_value=0 -0.00034886646532056656 0 4.9433394470535656e-05 0.025025802800232408 -0.00040504677030843493 0 -0.0016195059904406737 0 2.8194946558593099e-06 -0.00044638872185383152 0.094918609059571474 0 0 -0.00041997484779453931 0
leaf_weight=31561 437 22852 25515 3132 5276 31775 42721 15133 588 3861 786 6662 5405 1225 3071
leaf_count=31561 437 22852 25515 3132 5276 31775 42721 15133 588 3861 786 6662 5405 1225 3071
internal_value=0.00231495 0.00521944 -0.0017833 -0.00081825 -0.00823132 0.00237555 -0.00127147 0.00902601 0.00412415 -0.00618912 0.00707504 0.0110819 0.00744028 -0.0194585 0.000741511
internal_weight=200000 117047 82953 72154 10799 66995 68236 50052 32363 9137 3918 21795 28257 1662 34632
internal_count=200000 117047 82953 72154 10799 66995 68236 50052 32363 9137 3918 21795 28257 1662 34632
is_linear=0
shrinkage=0.03


Tree=10
num_leaves=16
num_cat=0
split_feature=40 41 40 41 41 41 40 41 40 41 41 41 36 41 41
split_gain=2635.36 1407.88 575.861 275.111 270.829 212.693 209.39 181.304 133.066 70.2918 52.3217 37.9682 31.0673 18.6737 7.73102
threshold=0.0041657907422631988 0.17878168076276782 0.15415346622467044 0.21637085825204852 0.53295657038688671 0.067907188087701811 1.0184006690979006 0.30011835694313055 1.0000000180025095e-35 0.67745831608772289 0.37836536765098577 0.39282412827014929 0.46428571641445165 0.11634425818920137 0.042139187455177314
decision_type=2 2 2 2 2 2 2 2 2 2 2 2 2 2 2
left_child=1 5 3 13 6 14 -4 12 -7 -6 -5 -9 -3 -2 -1
right_child=2 7 4 10 9 8 -8 11 -10 -11 -12 -13 -14 -15 -16
leaf_value=0 -0.00033840047136094961 0 4.2482751462859445e-05 -0.00039289536719918191 0.0076442159372686067 0 -0.0017732172614615916 0 2.7349098161835316e-06 0.06514734598525658 -0.0004329970601982166 0 0 -0.00040737560236070311 0
leaf_weight=31561 437 22852 24363 5276 7414 31775 38806 15133 588 1571 3861 6662 5405 1225 3071
leaf_count=31561 437 22852 24363 5276 7414 31775 38806 15133 588 1571 3861 6662 5405 1225 3071
internal_value=0.00232035 0.00521944 -0.00177028 -0.00823132 -0.000803282 0.00237555 -0.00149646 0.00902601 0.00412415 0.00407012 -0.00618912 0.0110819 0.00744028 -0.0194585 0.000741511
internal_weight=200000 117047 82953 10799 72154 66995 63169 50052 32363 8985 9137 21795 28257 1662 34632
internal_count=200000 117047 82953 10799 72154 66995 63169 50052 32363 8985 9137 21795 28257 1662 34632
is_linear=0
shrinkage=0.03


Tree=11
num_leaves=16
num_cat=0
split_feature=40 41 40 41 41 41 40 41 40 41 41 12 36 41 41
split_gain=2614.29 1408.26 577.79 274.16 257.672 212.46 181.702 181.304 131.187 53.0318 37.9682 33.0523 31.0673 18.9278 7.73102
threshold=0.0041657907422631988 0.17878168076276782 0.15415346622467044 0.21637085825204852 0.59788936376571666 0.067907188087701811 1.0212965011596682 0.30011835694313055 1.0000000180025095e-35 0.37836536765098577 0.39282412827014929 0.76785713434219371 0.46428571641445165 0.11634425818920137 0.042139187455177314
decision_type=2 2 2 2 2 2 2 2 2 2 2 2 2 2 2
left_child=1 5 3 13 6 14 -4 12 -7 -5 -9 -6 -3 -2 -1
right_child=2 7 4 9 11 8 -8 10 -10 -11 -12 -13 -14 -15 -16
leaf_value=0 -0.00032824845722012109 0 4.4778135449570861e-05 -0.00038110850618320647 0.020695423980793846 0 -0.0015741215372178264 0 2.652862521698025e-06 -0.00042000714839227012 0 0.062188901516853939 0 -0.00039515433428988206 0
leaf_weight=31561 437 22852 25845 5276 2333 31775 42391 15133 588 3861 6662 1585 5405 1225 3071
leaf_count=31561 437 22852 25845 5276 2333 31775 42391 15133 588 3861 6662 1585 5405 1225 3071
internal_value=0.00233145 0.00521893 -0.00174279 -0.00821465 -0.000774177 0.00237465 -0.00120376 0.00902601 0.0041223 -0.00617599 0.0110819 0.0067075 0.00744028 -0.0194224 0.000741511
internal_weight=200000 117047 82953 10799 72154 66995 68236 50052 32363 9137 21795 3918 28257 1662 34632
internal_count=200000 117047 82953 10799 72154 66995 68236 50052 32363 9137 21795 3918 28257 1662 34632
is_linear=0
shrinkage=0.03


Tree=12
num_leaves=16
num_cat=0
split_feature=40 41 40 41 41 41 41 40 40 41 41 41 36 41 41
split_gain=2580.33 1408.64 558.031 267.853 241.268 212.227 181.304 181.07 129.322 51.4606 37.9682 33.4624 31.0673 20.4499 7.73102
threshold=0.0041657907422631988 0.17878168076276782 0.17645703256130221 0.21429927647113803 0.59788936376571666 0.067907188087701811 0.30011835694313055 1.0212965011596682 1.0000000180025095e-35 0.37836536765098577 0.39282412827014929 0.73569414019584667 0.46428571641445165 0.11634425818920137 0.042139187455177314
decision_type=2 2 2 2 2 2 2 2 2 2 2 2 2 2 2
left_child=1 5 3 13 7 14 12 -4 -7 -5 -8 -6 -3 -2 -1
right_child=2 6 4 9 11 8 10 -9 -10 -11 -12 -13 -14 -15 -16
leaf_value=0 -0.00031898284728200854 0 4.9783552190874739e-05 -0.00038776418035285469 0.023264479182379852 0 0 -0.0015268978911012916 2.5732766460470838e-06 -0.0004282166452701409 0 0.088689580564061468 0 -0.00037966271265602296 0
leaf_weight=31561 443 22852 25181 5687 3130 31775 15133 42391 588 4141 6662 786 5405 1194 3071
leaf_count=31561 443 22852 25181 5687 3130 31775 15133 42391 588 4141 6662 786 5405 1194 3071
internal_value=0.00234975 0.00521842 -0.00169795 -0.00784213 -0.000712567 0.00237376 0.00902601 -0.00113213 0.00412045 -0.0059707 0.0110819 0.00652707 0.00744028 -0.0190776 0.000741511
internal_weight=200000 117047 82953 11465 71488 66995 50052 67572 32363 9828 21795 3916 28257 1637 34632
internal_count=200000 117047 82953 11465 71488 66995 50052 67572 32363 9828 21795 3916 28257 1637 34632
is_linear=0
shrinkage=0.03


Tree=13
num_leaves=16
num_cat=0
split_feature=40 41 40 41 41 40 41 41 40 41 41 41 36 10 41
split_gain=2540.79 1407.37 563.395 255.046 231.971 233.395 209.833 180.631 96.9909 80.3576 51.5305 39.9012 31.4845 18.1176 7.43275
threshold=0.0062920530326664456 0.17878168076276782 0.17645703256130221 0.21429927647113803 0.50752899050712597 1.0242218971252444 0.067907188087701811 0.30011835694313055 1.0000000180025095e-35 0.64400261640548717 0.4636219739913941 0.39282412827014929 0.46428571641445165 1.6976498961448672 0.042139187455177314
decision_type=2 2 2 2 2 2 2 2 2 2 2 2 2 2 2
left_child=1 6 3 13 5 -4 14 12 -8 -6 -5 -9 -3 -2 -1
right_child=2 7 4 10 9 -7 8 11 -10 -11 -12 -13 -14 -15 -16
leaf_value=0 -0.00031735402679471667 0 4.0036686007883374e-05 -0.00045203067338571049 0.0043458317214428678 -0.0018385751013208819 0 0 2.1149831379705212e-06 0.046812117519514369 0.02298180125642417 0 0 -0.00097730946050555425 0
leaf_weight=31561 1315 22932 23395 8509 9925 35814 31775 15260 649 2354 1073 6702 5428 234 3074
leaf_count=31561 1315 22932 23395 8509 9925 35814 31775 15260 649 2354 1073 6702 5428 234 3074
internal_value=0.00237135 0.00520817 -0.00165906 -0.00793729 -0.000681513 -0.00145974 0.00236255 0.00900024 0.00409697 0.0030711 -0.00611146 0.0110427 0.00741855 -0.0192318 0.000738848
internal_weight=200000 117381 82619 11131 71488 59209 67059 50322 32424 12279 9582 21962 28360 1549 34635
internal_count=200000 117381 82619 11131 71488 59209 67059 50322 32424 12279 9582 21962 28360 1549 34635
is_linear=0
shrinkage=0.03


Tree=14
num_leaves=16
num_cat=0
split_feature=40 41 40 41 41 41 41 40 40 41 41 39 36 41 41
split_gain=2513.62 1409.39 540.115 245.851 221.505 211.762 181.304 177.329 125.631 48.8084 37.9682 33.3385 31.0673 22.3761 7.73102
threshold=0.0041657907422631988 0.17878168076276782 0.17645703256130221 0.21429927647113803 0.59788936376571666 0.067907188087701811 0.30011835694313055 1.0267385840415957 1.0000000180025095e-35 0.37836536765098577 0.39282412827014929 0.73571428656578075 0.46428571641445165 0.11634425818920137 0.042139187455177314
decision_type=2 2 2 2 2 2 2 2 2 2 2 2 2 2 2
left_child=1 5 3 13 7 14 12 -4 -7 -5 -8 -6 -3 -2 -1
right_child=2 6 4 9 11 8 10 -9 -10 -11 -12 -13 -14 -15 -16
leaf_value=0 -0.00029753533079271134 0 3.9523207063562844e-05 -0.00036257033474069777 0.026095137425136139 0 0 -0.0015435554956716212 2.4326288525265558e-06 -0.0004794202287815351 0 0.17559510750773083 0 -0.00035393049657976599 0
leaf_weight=31561 443 22852 25845 5687 3684 31775 15133 41727 588 4141 6662 232 5405 1194 3071
leaf_count=31561 443 22852 25845 5687 3684 31775 15133 41727 588 4141 6662 232 5405 1194 3071
internal_value=0.00238605 0.00521739 -0.00160898 -0.00765373 -0.000639548 0.00237197 0.00902601 -0.00104156 0.00411674 -0.00586081 0.0110819 0.00629724 0.00744028 -0.0184178 0.000741511
internal_weight=200000 117047 82953 11465 71488 66995 50052 67572 32363 9828 21795 3916 28257 1637 34632
internal_count=200000 117047 82953 11465 71488 66995 50052 67572 32363 9828 21795 3916 28257 1637 34632
is_linear=0
shrinkage=0.03


Tree=15
num_leaves=16
num_cat=0
split_feature=40 41 40 41 41 41 41 40 40 41 41 39 36 10 41
split_gain=2520.39 1420.8 572.424 255.046 213.707 211.253 183.621 167.787 109.624 51.5305 38.0831 32.4298 31.6582 18.1176 7.81301
threshold=0.0062920530326664456 0.17878168076276782 0.17645703256130221 0.21429927647113803 0.59788936376571666 0.067907188087701811 0.30011835694313055 1.0267385840415957 1.0000000180025095e-35 0.4636219739913941 0.3907416313886643 0.73571428656578075 0.46428571641445165 1.6976498961448672 0.042139187455177314
decision_type=2 2 2 2 2 2 2 2 2 2 2 2 2 2 2
left_child=1 5 3 13 7 14 12 -4 -7 -5 -8 -6 -3 -2 -1
right_child=2 6 4 9 11 8 10 -9 -10 -11 -12 -13 -14 -15 -16
leaf_value=0 -0.00029721549109348227 0 3.8337510851655929e-05 -0.00042585334235446934 0.025312283302382055 0 0 -0.0014972488308014726 2.0286292926960484e-06 0.022306729825594892 0 0.1703272542824989 0 -0.00093821818927980049 0
leaf_weight=31561 1315 22932 25845 8509 3684 31775 15022 41727 649 1073 6940 232 5428 234 3074
leaf_count=31561 1315 22932 25845 8509 3684 31775 15022 41727 649 1073 6940 232 5428 234 3074
internal_value=0.00240525 0.00523066 -0.00160895 -0.00793729 -0.000623601 0.00237149 0.00904078 -0.00101847 0.00411177 -0.00611146 0.0111001 0.00618999 0.00744605 -0.0192318 0.000742313
internal_weight=200000 117381 82619 11131 71488 67059 50322 67572 32424 9582 21962 3916 28360 1549 34635
internal_count=200000 117381 82619 11131 71488 67059 50322 67572 32424 9582 21962 3916 28360 1549 34635
is_linear=0
shrinkage=0.03


Tree=16
num_leaves=16
num_cat=0
split_feature=40 41 40 41 41 41 40 41 40 41 41 41 36 41 41
split_gain=2507.56 1420.8 567.786 251.756 211.253 200.72 218.318 183.621 109.624 71.1642 51.7083 38.0831 31.6582 16.5348 7.81301
threshold=0.0062920530326664456 0.17878168076276782 0.17645703256130221 0.21429927647113803 0.067907188087701811 0.50752899050712597 1.0297239422798159 0.30011835694313055 1.0000000180025095e-35 0.64400261640548717 0.37836536765098577 0.3907416313886643 0.46428571641445165 0.11634425818920137 0.042139187455177314
decision_type=2 2 2 2 2 2 2 2 2 2 2 2 2 2 2
left_child=1 4 3 13 14 6 -4 12 -6 -7 -5 -9 -3 -2 -1
right_child=2 7 5 10 8 9 -8 11 -10 -11 -12 -13 -14 -15 -16
leaf_value=0 -0.00029995373096372113 0 3.2595808669014166e-05 -0.00038740182131426302 0 0.0041746670422291203 -0.0017861313837111382 0 1.9677704139151668e-06 0.043243169871100842 -0.00048751880475288796 0 0 -0.00038115140276210219 0
leaf_weight=31561 416 22932 24027 5496 31775 9925 35182 15022 649 2354 4086 6940 5428 1133 3074
leaf_count=31561 416 22932 24027 5496 31775 9925 35182 15022 649 2354 4086 6940 5428 1133 3074
internal_value=0.00241245 0.00523066 -0.00159152 -0.00789417 0.00237149 -0.000610172 -0.00133409 0.00904078 0.00411177 0.00288053 -0.00608015 0.0111001 0.00744605 -0.0191156 0.000742313
internal_weight=200000 117381 82619 11131 67059 71488 59209 50322 32424 12279 9582 21962 28360 1549 34635
internal_count=200000 117381 82619 11131 67059 71488 59209 50322 32424 12279 9582 21962 28360 1549 34635
is_linear=0
shrinkage=0.03


Tree=17
num_leaves=16
num_cat=0
split_feature=40 41 40 41 41 41 40 41 40 41 41 41 36 41 41
split_gain=2490.13 1421.18 555.529 254.136 211.021 189.87 207.578 183.621 108.002 69.0597 50.631 38.0831 31.6582 16.7862 7.81301
threshold=0.0062920530326664456 0.17878168076276782 0.17645703256130221 0.21429927647113803 0.067907188087701811 0.50752899050712597 1.0297239422798159 0.30011835694313055 1.0000000180025095e-35 0.64400261640548717 0.37836536765098577 0.3907416313886643 0.46428571641445165 0.11634425818920137 0.042139187455177314
decision_type=2 2 2 2 2 2 2 2 2 2 2 2 2 2 2
left_child=1 4 3 13 14 6 -4 12 -6 -7 -5 -9 -3 -2 -1
right_child=2 7 5 10 8 9 -8 11 -10 -11 -12 -13 -14 -15 -16
leaf_value=0 -0.00029095511903480954 0 3.161793440894376e-05 -0.00037577976667483513 0 0.0040494270309622462 -0.001732547442199804 0 1.908737301497712e-06 0.04194587477496782 -0.00047289324061030132 0 0 -0.00036971686067923911 0
leaf_weight=31561 416 22932 24027 5496 31775 9925 35182 15022 649 2354 4086 6940 5428 1133 3074
leaf_count=31561 416 22932 24027 5496 31775 9925 35182 15022 649 2354 4086 6940 5428 1133 3074
internal_value=0.00242175 0.00523015 -0.00156828 -0.00780253 0.0023706 -0.000597583 -0.00130166 0.00904078 0.00410992 0.00279746 -0.00597996 0.0111001 0.00744605 -0.0190768 0.000742313
internal_weight=200000 117381 82619 11131 67059 71488 59209 50322 32424 12279 9582 21962 28360 1549 34635
internal_count=200000 117381 82619 11131 67059 71488 59209 50322 32424 12279 9582 21962 28360 1549 34635
is_linear=0
shrinkage=0.03


Tree=18
num_leaves=16
num_cat=0
split_feature=40 41 40 41 41 41 41 40 40 41 41 39 36 41 41
split_gain=2457.79 1421.18 531.038 250.343 211.021 183.621 181.234 162.783 108.002 47.4117 38.0831 33.0461 31.6582 17.8269 7.81301
threshold=0.0062920530326664456 0.17878168076276782 0.17645703256130221 0.21637085825204852 0.067907188087701811 0.30011835694313055 0.59788936376571666 1.0326723456382754 1.0000000180025095e-35 0.37836536765098577 0.3907416313886643 0.76249998807907116 0.46428571641445165 0.11634425818920137 0.042139187455177314
decision_type=2 2 2 2 2 2 2 2 2 2 2 2 2 2 2
left_child=1 4 3 13 14 12 7 -4 -6 -5 -7 -8 -3 -2 -1
right_child=2 5 6 9 8 10 11 -9 -10 -11 -12 -13 -14 -15 -16
leaf_value=0 -0.00028222646546376519 0 3.3877892316243228e-05 -0.00036209269289763635 0 0 0.022941787033913589 -0.0014492907293434511 1.8514751824527808e-06 -0.00045870644339199231 0 0.17297957785461196 0 -0.0003610827332910166 0
leaf_weight=31561 416 22932 26510 5445 31775 15022 3695 41062 649 4086 6940 221 5428 1184 3074
leaf_count=31561 416 22932 26510 5445 31775 15022 3695 41062 649 4086 6940 221 5428 1184 3074
internal_value=0.00244005 0.00523015 -0.00152398 -0.00761926 0.0023706 0.00904078 -0.000574922 -0.000938554 0.00410992 -0.00577589 0.0111001 0.00569969 0.00744605 -0.0186 0.000742313
internal_weight=200000 117381 82619 11131 67059 50322 71488 67572 32424 9531 21962 3916 28360 1600 34635
internal_count=200000 117381 82619 11131 67059 50322 71488 67572 32424 9531 21962 3916 28360 1600 34635
is_linear=0
shrinkage=0.03


Tree=19
num_leaves=16
num_cat=0
split_feature=40 41 40 41 41 41 41 40 40 41 41 36 10 8 41
split_gain=2424.18 1428.56 538.504 242.514 206.833 188.412 171.653 150.69 71.7723 51.2109 40.0906 32.0251 29.9499 19.7043 7.80362
threshold=0.0083537800237536448 0.17878168076276782 0.17645703256130221 0.21429927647113803 0.067907188087701811 0.30011835694313055 0.59788936376571666 1.0326723456382754 1.0000000180025095e-35 0.4636219739913941 0.3907416313886643 0.46428571641445165 3.6051089763641362 1.9375000000000002 0.042139187455177314
decision_type=2 2 2 2 2 2 2 2 2 2 2 2 2 2 2
left_child=1 4 3 13 14 11 7 -4 -6 -5 -7 -3 -8 -2 -1
right_child=2 5 6 9 8 10 12 -9 -10 -11 -12 -13 -14 -15 -16
leaf_value=0 -0.00030161011650560682 0 3.2861555546755926e-05 -0.00044006880975618073 0 0 0.020953066484334454 -0.0014058120074631475 1.7458302685451214e-06 0.022446425072738734 0 0 0.22893261560810188 -0.00086349660782461567 0
leaf_weight=31561 1209 22996 26510 8273 31775 15147 3612 41062 718 1068 6988 5454 304 247 3076
leaf_count=31561 1209 22996 26510 8273 31775 15147 3612 41062 718 1068 6988 5454 304 247 3076
internal_value=0.00246255 0.00522397 -0.00148788 -0.0077327 0.00235513 0.00903114 -0.000544707 -0.000898597 0.00407442 -0.00595761 0.0111068 0.00741617 0.0055618 -0.0191209 0.00074227
internal_weight=200000 117715 82285 10797 67130 50585 71488 67572 32493 9341 22135 28450 3916 1456 34637
internal_count=200000 117715 82285 10797 67130 50585 71488 67572 32493 9341 22135 28450 3916 1456 34637
is_linear=0
shrinkage=0.03


Tree=20
num_leaves=16
num_cat=0
split_feature=40 41 40 41 41 41 41 40 40 41 41 41 36 41 41
split_gain=2410.5 1428.56 534.115 235.681 206.833 188.412 164.078 206.382 71.7723 59.1332 50.8922 40.0906 32.0251 17.431 7.80362
threshold=0.0083537800237536448 0.17878168076276782 0.17645703256130221 0.21429927647113803 0.067907188087701811 0.30011835694313055 0.50752899050712597 1.0355680584907534 1.0000000180025095e-35 0.67745831608772289 0.4636219739913941 0.3907416313886643 0.46428571641445165 0.11634425818920137 0.042139187455177314
decision_type=2 2 2 2 2 2 2 2 2 2 2 2 2 2 2
left_child=1 4 3 13 14 12 7 -4 -6 -8 -5 -7 -3 -2 -1
right_child=2 5 6 10 8 11 9 -9 -10 -11 -12 -13 -14 -15 -16
leaf_value=0 -0.00030180118487642643 0 3.0560479967444416e-05 -0.00042686674546349532 0 0 0.0044906165525304912 -0.0017299548672714681 1.6934553604887677e-06 0.050814207043256163 0.021773032320556572 0 0 -0.0003749223163165433 0
leaf_weight=31561 385 22996 24658 8273 31775 15147 10709 34551 718 1570 1068 6988 5454 1071 3076
leaf_count=31561 385 22996 24658 8273 31775 15147 10709 34551 718 1570 1068 6988 5454 1071 3076
internal_value=0.00247035 0.00522397 -0.00146892 -0.00768825 0.00235513 0.00903114 -0.000529599 -0.00118411 0.00407442 0.00262644 -0.00593834 0.0111068 0.00741617 -0.0189148 0.00074227
internal_weight=200000 117715 82285 10797 67130 50585 71488 59209 32493 12279 9341 22135 28450 1456 34637
internal_count=200000 117715 82285 10797 67130 50585 71488 59209 32493 12279 9341 22135 28450 1456 34637
is_linear=0
shrinkage=0.03


Tree=21
num_leaves=16
num_cat=0
split_feature=40 41 40 41 41 41 41 40 40 12 41 41 36 41 41
split_gain=2397.34 1429.7 534.132 234.678 206.145 188.412 153.859 197.911 68.0695 57.2553 50.1359 40.0906 32.0251 18.9085 7.80362
threshold=0.0083537800237536448 0.17878168076276782 0.17645703256130221 0.21637085825204852 0.067907188087701811 0.30011835694313055 0.50752899050712597 1.038695812225342 1.0000000180025095e-35 0.76785713434219371 0.4636219739913941 0.3907416313886643 0.46428571641445165 0.11634425818920137 0.042139187455177314
decision_type=2 2 2 2 2 2 2 2 2 2 2 2 2 2 2
left_child=1 4 3 13 14 12 7 -4 -6 -8 -5 -7 -3 -2 -1
right_child=2 5 6 10 8 11 9 -9 -10 -11 -12 -13 -14 -15 -16
leaf_value=0 -0.00029274714933013359 0 2.7782067546558949e-05 -0.00041231858098134924 0 0 0.0037794700163440984 -0.0017386864384478812 1.6426516996741046e-06 0.037346453372164364 0.021119841350939875 0 0 -0.0003673461137996037 0
leaf_weight=31561 385 22996 24974 8222 31775 15147 9944 34235 718 2335 1068 6988 5454 1122 3076
leaf_count=31561 385 22996 24974 8222 31775 15147 9944 34235 718 2335 1068 6988 5454 1122 3076
internal_value=0.00247635 0.00522244 -0.00145215 -0.00767158 0.00235245 0.00903114 -0.000512813 -0.00114662 0.00406888 0.00254337 -0.0058902 0.0111068 0.00741617 -0.018653 0.00074227
internal_weight=200000 117715 82285 10797 67130 50585 71488 59209 32493 12279 9290 22135 28450 1507 34637
internal_count=200000 117715 82285 10797 67130 50585 71488 59209 32493 12279 9290 22135 28450 1507 34637
is_linear=0
shrinkage=0.03


Tree=22
num_leaves=16
num_cat=0
split_feature=40 41 40 41 41 41 41 40 40 41 41 41 36 41 41
split_gain=2393.15 1429.7 517.136 235.788 206.145 188.412 147.477 190.633 68.0695 55.9172 48.3517 40.0906 32.0251 19.437 7.80362
threshold=0.0083537800237536448 0.17878168076276782 0.17645703256130221 0.21637085825204852 0.067907188087701811 0.30011835694313055 0.50752899050712597 1.038695812225342 1.0000000180025095e-35 0.64400261640548717 0.4636219739913941 0.3907416313886643 0.46428571641445165 0.11634425818920137 0.042139187455177314
decision_type=2 2 2 2 2 2 2 2 2 2 2 2 2 2 2
left_child=1 4 3 13 14 12 7 -4 -6 -8 -5 -7 -3 -2 -1
right_child=2 5 6 10 8 11 9 -9 -10 -11 -12 -13 -14 -15 -16
leaf_value=0 -0.00028396473485022954 0 2.694860552016223e-05 -0.00039994902355190877 0 0 0.0034788915548226284 -0.0016865258452944448 1.5933721486838813e-06 0.037465382138683077 0.020486246110411679 0 0 -0.0003563257303856156 0
leaf_weight=31561 385 22996 24974 8222 31775 15147 9925 34235 718 2354 1068 6988 5454 1122 3076
leaf_count=31561 385 22996 24974 8222 31775 15147 9925 34235 718 2354 1068 6988 5454 1122 3076
internal_value=0.00247875 0.00522244 -0.00144631 -0.00756599 0.00235245 0.00903114 -0.000522046 -0.00114256 0.00406888 0.00247007 -0.00578041 0.0111068 0.00741617 -0.0185733 0.00074227
internal_weight=200000 117715 82285 10797 67130 50585 71488 59209 32493 12279 9290 22135 28450 1507 34637
internal_count=200000 117715 82285 10797 67130 50585 71488 59209 32493 12279 9290 22135 28450 1507 34637
is_linear=0
shrinkage=0.03


Tree=23
num_leaves=16
num_cat=0
split_feature=40 41 40 41 41 41 41 40 40 41 41 10 36 41 41
split_gain=2360.45 1430.09 495.885 236.346 205.917 188.412 140.343 133.427 66.857 45.8767 40.0906 32.2367 32.0251 19.4599 7.80362
threshold=0.0083537800237536448 0.17878168076276782 0.17645703256130221 0.21637085825204852 0.067907188087701811 0.30011835694313055 0.59788936376571666 1.0418481826782229 1.0000000180025095e-35 0.37836536765098577 0.3907416313886643 3.6051089763641362 0.46428571641445165 0.11634425818920137 0.042139187455177314
decision_type=2 2 2 2 2 2 2 2 2 2 2 2 2 2 2
left_child=1 4 3 13 14 12 7 -4 -6 -5 -7 -8 -3 -2 -1
right_child=2 5 6 9 8 10 11 -9 -10 -11 -12 -13 -14 -15 -16
leaf_value=0 -0.00027544579280472273 0 2.5988763916202708e-05 -0.00036750855535689752 0 0 0.018807027609023422 -0.0014111146863821065 1.545570984223365e-06 -0.00042589847417867931 0 0.21999771922127123 0 -0.00034563595847404704 0
leaf_weight=31561 385 22996 27505 5263 31775 15147 3612 40067 718 4027 6988 304 5454 1122 3076
leaf_count=31561 385 22996 27505 5263 31775 15147 3612 40067 718 4027 6988 304 5454 1122 3076
internal_value=0.00249705 0.00522193 -0.00140111 -0.00739372 0.00235156 0.00903114 -0.000496027 -0.000816018 0.00406703 -0.00560603 0.0111068 0.00502554 0.00741617 -0.0184141 0.00074227
internal_weight=200000 117715 82285 10797 67130 50585 71488 67572 32493 9290 22135 3916 28450 1507 34637
internal_count=200000 117715 82285 10797 67130 50585 71488 67572 32493 9290 22135 3916 28450 1507 34637
is_linear=0
shrinkage=0.03


Tree=24
num_leaves=16
num_cat=0
split_feature=40 41 40 41 41 41 41 40 41 41 40 41 36 41 41
split_gain=2370.38 1447.31 512.734 212.221 203.449 194.233 134.335 180.338 53.5502 51.5088 45.314 41.3357 31.3283 18.6223 7.22009
threshold=0.010374342557042839 0.17878168076276782 0.17645703256130221 0.21429927647113803 0.067907188087701811 0.30011835694313055 0.50752899050712597 1.0418481826782229 0.73569414019584667 0.4636219739913941 1.0000000180025095e-35 0.37645918130874639 0.46428571641445165 0.11634425818920137 0.042139187455177314
decision_type=2 2 2 2 2 2 2 2 2 2 2 2 2 2 2
left_child=1 4 3 13 14 12 7 -4 -8 -5 -6 -7 -3 -2 -1
right_child=2 5 6 9 10 11 8 -9 -10 -11 -12 -13 -14 -15 -16
leaf_value=0 -0.00032598789589469412 0 2.495109186033146e-05 -0.00043491002858391447 0 0 0.0045858733970514636 -0.0016833128328549096 0.073052433554274696 0.019937739221077649 1.4954500446338743e-06 0 0 -0.0003739329085809043 0
leaf_weight=31562 349 23056 25293 8052 31775 13547 11493 33916 786 1057 789 8748 5490 1005 3082
leaf_count=31562 349 23056 25293 8052 31775 13547 11493 33916 786 1057 789 8748 5490 1005 3082
internal_value=0.00250425 0.00522546 -0.0014156 -0.00761827 0.00233633 0.00904467 -0.000507778 -0.0011 0.00234791 -0.00597102 0.00403882 0.0111429 0.00740594 -0.0187001 0.000736058
internal_weight=200000 118049 81951 10463 67208 50841 71488 59209 12279 9109 32564 22295 28546 1354 34644
internal_count=200000 118049 81951 10463 67208 50841 71488 59209 12279 9109 32564 22295 28546 1354 34644
is_linear=0
shrinkage=0.03


Tree=25
num_leaves=16
num_cat=0
split_feature=40 41 40 41 41 41 41 40 41 41 40 41 36 41 41
split_gain=2354.37 1447.69 513.522 211.184 203.222 194.233 127.021 154.624 51.2911 45.7942 44.372 41.3357 31.3283 18.8998 7.22009
threshold=0.010374342557042839 0.17878168076276782 0.17645703256130221 0.21429927647113803 0.067907188087701811 0.30011835694313055 0.53295657038688671 1.0418481826782229 0.4636219739913941 0.73569414019584667 1.0000000180025095e-35 0.37645918130874639 0.46428571641445165 0.11634425818920137 0.042139187455177314
decision_type=2 2 2 2 2 2 2 2 2 2 2 2 2 2 2
left_child=1 4 3 13 14 12 7 -4 -5 -8 -6 -7 -3 -2 -1
right_child=2 5 6 8 10 11 9 -9 -10 -11 -12 -13 -14 -15 -16
leaf_value=0 -0.00031620825901785329 0 2.4611951681261322e-05 -0.00042186272772639705 0 0 0.0059181650688087742 -0.0015520216243033022 0.019339607044445317 0.070860860547646468 1.450586543294858e-06 0 0 -0.00036271492132347718 0
leaf_weight=31562 349 23056 26294 8052 31775 13547 8179 36229 1057 786 789 8748 5490 1005 3082
leaf_count=31562 349 23056 26294 8052 31775 13547 8179 36229 1057 786 789 8748 5490 1005 3082
internal_value=0.00251295 0.00522495 -0.00139364 -0.00760107 0.00233544 0.00904467 -0.000485116 -0.000963965 -0.00595784 0.00285443 0.00403697 0.0111429 0.00740594 -0.0186558 0.000736058
internal_weight=200000 118049 81951 10463 67208 50841 71488 62523 9109 8965 32564 22295 28546 1354 34644
internal_count=200000 118049 81951 10463 67208 50841 71488 62523 9109 8965 32564 22295 28546 1354 34644
is_linear=0
shrinkage=0.03


Tree=26
num_leaves=16
num_cat=0
split_feature=40 41 40 41 41 41 41 40 41 40 41 36 10 41 41
split_gain=2333.74 1448.08 512.554 212.5 202.995 194.233 119.009 121.947 50.6406 43.4399 41.3357 31.3283 30.9191 18.8998 7.22009
threshold=0.010374342557042839 0.17878168076276782 0.17645703256130221 0.21429927647113803 0.067907188087701811 0.30011835694313055 0.59788936376571666 1.0451431870460512 0.4636219739913941 1.0000000180025095e-35 0.37645918130874639 0.46428571641445165 3.6051089763641362 0.11634425818920137 0.042139187455177314
decision_type=2 2 2 2 2 2 2 2 2 2 2 2 2 2 2
left_child=1 4 3 13 14 11 7 -4 -5 -6 -7 -3 -8 -2 -1
right_child=2 5 6 8 9 10 12 -9 -10 -11 -12 -13 -14 -15 -16
leaf_value=0 -0.00030672201124731763 0 2.3918415886949387e-05 -0.00040920684589460513 0 0 0.017451006979946448 -0.0013386816660630185 0.018759418833111961 1.4070689469960123e-06 0 0 0.21108152765611635 -0.00035183347368377289 0
leaf_weight=31562 349 23056 27837 8052 31775 13547 3612 39735 1057 789 8748 5490 304 1005 3082
leaf_count=31562 349 23056 27837 8052 31775 13547 3612 39735 1057 789 8748 5490 304 1005 3082
internal_value=0.00252435 0.00522444 -0.00136508 -0.00756666 0.00233454 0.00904467 -0.000457419 -0.000752087 -0.00591832 0.00403513 0.0111429 0.00740594 0.00462717 -0.0186558 0.000736058
internal_weight=200000 118049 81951 10463 67208 50841 71488 67572 9109 32564 22295 28546 3916 1354 34644
internal_count=200000 118049 81951 10463 67208 50841 71488 67572 9109 32564 22295 28546 3916 1354 34644
is_linear=0
shrinkage=0.03


Tree=27
num_leaves=16
num_cat=0
split_feature=40 41 40 41 41 41 41 40 41 41 40 41 36 41 41
split_gain=2314.07 1448.08 502.041 216.031 202.995 194.233 111.537 185.743 53.3666 48.9265 43.4399 41.3357 31.3283 18.8998 7.22009
threshold=0.010374342557042839 0.17878168076276782 0.17645703256130221 0.21429927647113803 0.067907188087701811 0.30011835694313055 0.48220391571521765 1.0451431870460512 0.73569414019584667 0.4636219739913941 1.0000000180025095e-35 0.37645918130874639 0.46428571641445165 0.11634425818920137 0.042139187455177314
decision_type=2 2 2 2 2 2 2 2 2 2 2 2 2 2 2
left_child=1 4 3 13 14 12 7 -4 -8 -5 -6 -7 -3 -2 -1
right_child=2 5 6 9 10 11 8 -9 -10 -11 -12 -13 -14 -15 -16
leaf_value=0 -0.0002975203509098981 0 2.4053512699392166e-05 -0.00039693064051776695 0 0 0.0032843690643651036 -0.0017139274431929442 0.068211504521818678 0.018196636268118599 1.3648568785861319e-06 0 0 -0.00034127846947325973 0
leaf_weight=31562 349 23056 24519 8052 31775 13547 15229 30954 786 1057 789 8748 5490 1005 3082
leaf_count=31562 349 23056 24519 8052 31775 13547 15229 30954 786 1057 789 8748 5490 1005 3082
internal_value=0.00253575 0.00522444 -0.00133726 -0.00747491 0.00233454 0.00904467 -0.000438955 -0.00107566 0.00176647 -0.00581293 0.00403513 0.0111429 0.00740594 -0.0186558 0.000736058
internal_weight=200000 118049 81951 10463 67208 50841 71488 55473 16015 9109 32564 22295 28546 1354 34644
internal_count=200000 118049 81951 10463 67208 50841 71488 55473 16015 9109 32564 22295 28546 1354 34644
is_linear=0
shrinkage=0.03


Tree=28
num_leaves=16
num_cat=0
split_feature=40 41 40 41 41 41 41 40 41 40 41 36 39 41 41
split_gain=2291.05 1448.46 475.767 220.161 202.769 194.233 106.616 113.96 45.5866 42.5177 41.3357 31.3283 29.7164 19.4609 7.22009
threshold=0.010374342557042839 0.17878168076276782 0.17645703256130221 0.21429927647113803 0.067907188087701811 0.30011835694313055 0.59788936376571666 1.0486806631088259 0.4636219739913941 1.0000000180025095e-35 0.37645918130874639 0.46428571641445165 0.76249998807907116 0.11634425818920137 0.042139187455177314
decision_type=2 2 2 2 2 2 2 2 2 2 2 2 2 2 2
left_child=1 4 3 13 14 11 7 -4 -5 -6 -7 -3 -8 -2 -1
right_child=2 5 6 8 9 10 12 -9 -10 -11 -12 -13 -14 -15 -16
leaf_value=0 -0.00028859474038260118 0 2.2477293821735e-05 -0.00038502272130223398 0 0 0.017292557072947339 -0.0013220286065345516 0.017650737180075045 1.3239111722285479e-06 0 0 0.15594133225143914 -0.00033104011538906191 0
leaf_weight=31562 349 23056 28170 8052 31775 13547 3695 39402 1057 789 8748 5490 221 1005 3082
leaf_count=31562 349 23056 28170 8052 31775 13547 3695 39402 1057 789 8748 5490 221 1005 3082
internal_value=0.00254865 0.00522393 -0.00130505 -0.00727994 0.00233365 0.00904467 -0.000430562 -0.000709465 -0.00560215 0.00403329 0.0111429 0.00740594 0.00438202 -0.0185672 0.000736058
internal_weight=200000 118049 81951 10463 67208 50841 71488 67572 9109 32564 22295 28546 3916 1354 34644
internal_count=200000 118049 81951 10463 67208 50841 71488 67572 9109 32564 22295 28546 3916 1354 34644
is_linear=0
shrinkage=0.03


Tree=29
num_leaves=16
num_cat=0
split_feature=40 41 40 41 41 41 41 40 40 41 12 41 41 8 41
split_gain=2270.3 1471.69 480.529 246.458 188.125 154.878 100.662 142.993 81.6571 50.1786 39.5222 33.8268 20.1897 19.9849 6.28617
threshold=0.012340211775153877 0.19844444841146472 0.17645703256130221 0.067907188087701811 0.21429927647113803 0.33684825897216802 0.53295657038688671 1.0486806631088259 0.0062920530326664456 0.45705431699752813 0.76785713434219371 0.26906220614910131 0.3907416313886643 2.0089285373687749 0.042139187455177314
decision_type=2 2 2 2 2 2 2 2 2 2 2 2 2 2 2
left_child=1 3 4 14 13 11 7 -4 -5 -6 -8 -3 -7 -2 -1
right_child=2 5 6 8 9 12 10 -9 -10 -11 -12 -13 -14 -15 -16
leaf_value=0 -0.00029786779433076376 0 2.2971572195273487e-05 0 -0.00043343868952331059 0 0.0035922472128258015 -0.0015150798386569147 -1.9729128741245743e-05 -0.00025327133383292133 0.035949128969904647 0 0 -0.00091523580952464169 0
leaf_weight=31562 1022 16632 26941 37556 7682 8075 6832 35582 256 1203 2133 14140 7070 222 3092
leaf_count=31562 1022 16632 26941 37556 7682 8075 6832 35582 256 1203 2133 14140 7070 222 3092
internal_value=0.00256335 0.0052173 -0.00128613 0.00255472 -0.00740152 0.00941939 -0.000419651 -0.000845929 0.00422961 -0.00587169 0.00255326 0.00819706 0.0119029 -0.018328 0.000727189
internal_weight=200000 118383 81617 72466 10129 45917 71488 62523 37812 8885 8965 30772 15145 1244 34654
internal_count=200000 118383 81617 72466 10129 45917 71488 62523 37812 8885 8965 30772 15145 1244 34654
is_linear=0
shrinkage=0.03


Tree=30
num_leaves=16
num_cat=0
split_feature=40 41 40 41 41 41 41 40 40 41 41 10 41 38 41
split_gain=2258.58 1469.56 472.512 247.8 183.952 154.878 94.4055 106.864 68.7071 49.2315 33.8268 26.5209 20.1897 17.5761 6.28617
threshold=0.012340211775153877 0.19844444841146472 0.17645703256130221 0.067907188087701811 0.21429927647113803 0.33684825897216802 0.59788936376571666 1.0520762801170351 0.0062920530326664456 0.45705431699752813 0.26906220614910131 3.6051089763641362 0.3907416313886643 3.2062499523162846 0.042139187455177314
decision_type=2 2 2 2 2 2 2 2 2 2 2 2 2 2 2
left_child=1 3 4 14 13 10 7 -4 -5 -6 -3 -8 -7 -2 -1
right_child=2 5 6 8 9 12 11 -9 -10 -11 -12 -13 -14 -15 -16
leaf_value=0 -0.00029385339690679401 0 2.0787458645345653e-05 0 -0.00042043552883761127 0 0.015708351930207826 -0.0012936211114573742 -1.9137254879008361e-05 -0.00024567319381793373 0 0.20305009959406695 0 -0.00089913325562107258 0
leaf_weight=31562 1061 16632 28501 37556 7682 8075 3612 39071 256 1203 14140 304 7070 183 3092
leaf_count=31562 1061 16632 28501 37556 7682 8075 3612 39071 256 1203 14140 304 7070 183 3092
internal_value=0.00257325 0.00522034 -0.00126628 0.00255968 -0.00733044 0.00941939 -0.000407061 -0.000669508 0.00423913 -0.00581767 0.00819706 0.00412155 0.0119029 -0.018135 0.000727189
internal_weight=200000 118383 81617 72466 10129 45917 71488 67572 37812 8885 30772 3916 15145 1244 34654
internal_count=200000 118383 81617 72466 10129 45917 71488 67572 37812 8885 30772 3916 15145 1244 34654
is_linear=0
shrinkage=0.03


Tree=31
num_leaves=16
num_cat=0
split_feature=40 41 40 41 41 41 41 40 40 40 41 41 41 38 41
split_gain=2260.66 1468.49 464.013 248.472 185.772 154.878 91.652 173.379 62.6512 52.3541 48.1767 33.8268 20.1897 17.5761 6.28617
threshold=0.012340211775153877 0.19844444841146472 0.17645703256130221 0.067907188087701811 0.21429927647113803 0.33684825897216802 0.48220391571521765 1.0520762801170351 0.0062920530326664456 1.5180819630622866 0.45705431699752813 0.26906220614910131 0.3907416313886643 3.2062499523162846 0.042139187455177314
decision_type=2 2 2 2 2 2 2 2 2 2 2 2 2 2 2
left_child=1 3 4 14 13 11 7 -4 -5 -8 -6 -3 -7 -2 -1
right_child=2 5 6 8 10 12 9 -9 -10 -11 -12 -13 -14 -15 -16
leaf_value=0 -0.00028503779499959017 0 2.1503807452386628e-05 0 -0.00040782246297248296 0 -0.00092409796881594492 -0.001664081810999395 -1.85631372326381e-05 0.009056446822082849 -0.00023830299800339569 0 0 -0.00087215925795244029 0
leaf_weight=31562 1061 16632 25151 37556 7682 8075 5518 30322 256 10497 1203 14140 7070 183 3092
leaf_count=31562 1061 16632 25151 37556 7682 8075 5518 30322 256 10497 1203 14140 7070 183 3092
internal_value=0.00257355 0.00522186 -0.00126775 0.00256217 -0.00727713 0.00941939 -0.000416294 -0.000993456 0.00424389 0.00158289 -0.00575689 0.00819706 0.0119029 -0.018135 0.000727189
internal_weight=200000 118383 81617 72466 10129 45917 71488 55473 37812 16015 8885 30772 15145 1244 34654
internal_count=200000 118383 81617 72466 10129 45917 71488 55473 37812 16015 8885 30772 15145 1244 34654
is_linear=0
shrinkage=0.03


Tree=32
num_leaves=16
num_cat=0
split_feature=40 41 40 41 41 41 41 40 40 41 41 39 41 10 41
split_gain=2233.28 1467.78 443.584 248.921 193.088 154.878 82.5567 106.619 58.769 50.6335 33.8268 24.0531 20.1897 16.1775 6.28617
threshold=0.012340211775153877 0.19844444841146472 0.21087211370468142 0.067907188087701811 0.21429927647113803 0.33684825897216802 0.61834272742271434 1.0553724169731142 0.0062920530326664456 0.4636219739913941 0.26906220614910131 0.76249998807907116 0.3907416313886643 1.7252252697944643 0.042139187455177314
decision_type=2 2 2 2 2 2 2 2 2 2 2 2 2 2 2
left_child=1 3 4 14 13 10 7 -4 -5 -6 -3 -8 -7 -2 -1
right_child=2 5 6 8 9 12 11 -9 -10 -11 -12 -13 -14 -15 -16
leaf_value=0 -0.00027245132718500787 0 2.2585011009737923e-05 0 -0.0004079453406878178 0 0.019696330668149496 -0.0012336371938756346 -1.8006243115658969e-05 0.017275222072122714 0 0.15056629965822374 0 -0.00092439432575104434 0
leaf_weight=31562 1067 16632 27882 37556 8661 8075 2922 39470 256 1191 14140 215 7070 209 3092
leaf_count=31562 1067 16632 27882 37556 8661 8075 2922 39470 256 1191 14140 215 7070 209 3092
internal_value=0.00259065 0.00522288 -0.00122732 0.00256382 -0.00679367 0.00941939 -0.000348565 -0.000570139 0.00424706 -0.0053715 0.00819706 0.00440867 0.0119029 -0.0177743 0.000727189
internal_weight=200000 118383 81617 72466 11128 45917 70489 67352 37812 9852 30772 3137 15145 1276 34654
internal_count=200000 118383 81617 72466 11128 45917 70489 67352 37812 9852 30772 3137 15145 1276 34654
is_linear=0
shrinkage=0.03


Tree=33
num_leaves=16
num_cat=0
split_feature=40 41 40 41 41 41 40 41 40 41 41 36 41 38 41
split_gain=2223.4 1490.91 444.922 269.806 174.577 136.303 98.9503 84.5346 142.648 46.5289 43.6299 26.8415 21.9169 17.3838 6.09983
threshold=0.014174921903759243 0.2099345996975899 0.17645703256130221 0.067907188087701811 0.21429927647113803 0.33684825897216802 0.0062920530326664456 0.50752899050712597 1.0553724169731142 0.45705431699752813 0.73569414019584667 0.46428571641445165 0.3907416313886643 3.2062499523162846 0.042139187455177314
decision_type=2 2 2 2 2 2 2 2 2 2 2 2 2 2 2
left_child=1 3 4 14 13 11 -5 8 -4 -6 -9 -3 -7 -2 -1
right_child=2 5 7 6 9 12 -8 10 -10 -11 -12 -13 -14 -15 -16
leaf_value=0 -0.00030801022746857777 0 1.9160962652335998e-05 0 -0.00040502385699783052 0 -2.3837744027020765e-05 0.0035776666611797231 -0.0015595310333517327 -0.00049171361107615405 0.062684540363015476 0 0 -0.00089786295534126262 0
leaf_weight=31562 934 21252 26572 40392 7491 8140 407 11493 32637 1198 786 6753 7115 172 3096
leaf_count=31562 934 21252 26572 40392 7491 8140 407 11493 32637 1198 786 6753 7115 172 3096
internal_value=0.00259995 0.00521728 -0.00122276 0.00267172 -0.00721899 0.00965742 0.00432511 -0.000401186 -0.000870982 -0.00579008 0.00186416 0.00841457 0.011939 -0.0184448 0.000725374
internal_weight=200000 118717 81283 75457 9795 43260 40799 71488 59209 8689 12279 28005 15255 1106 34658
internal_count=200000 118717 81283 75457 9795 43260 40799 71488 59209 8689 12279 28005 15255 1106 34658
is_linear=0
shrinkage=0.03


Tree=34
num_leaves=16
num_cat=0
split_feature=40 41 40 41 41 41 40 41 40 41 39 36 41 13 41
split_gain=2209.37 1489.21 444.71 270.909 177.745 136.303 89.3814 75.2321 101.954 51.455 27.4515 26.8415 21.9169 18.1774 6.09983
threshold=0.014174921903759243 0.2099345996975899 0.21087211370468142 0.067907188087701811 0.21429927647113803 0.33684825897216802 0.0062920530326664456 0.59788936376571666 1.0553724169731142 0.4636219739913941 0.76249998807907116 0.46428571641445165 0.3907416313886643 1.985000014305115 0.042139187455177314
decision_type=2 2 2 2 2 2 2 2 2 2 2 2 2 2 2
left_child=1 3 4 14 13 11 -5 8 -4 -6 -9 -3 -7 -2 -1
right_child=2 5 7 6 9 12 -8 10 -10 -11 -12 -13 -14 -15 -16
leaf_value=0 -0.0005107562229818434 0 2.1342432923367806e-05 0 -0.00042789907225204569 0 -2.3122611706210133e-05 0.014881977977165574 -0.0012258200398139875 0.016649726376015313 0.14304414925159295 0 0 -0.00029378439257776609 0
leaf_weight=31562 405 21252 27837 40392 8470 8140 407 3691 38740 1186 221 6753 7115 733 3096
leaf_count=31562 405 21252 27837 40392 8470 8140 407 3691 38740 1186 221 6753 7115 733 3096
internal_value=0.00261075 0.00521981 -0.00119988 0.0026757 -0.00687048 0.00965742 0.00433246 -0.000331541 -0.000569115 -0.00554888 0.00371166 0.00841457 0.011939 -0.0180844 0.000725374
internal_weight=200000 118717 81283 75457 10794 43260 40799 70489 66577 9656 3912 28005 15255 1138 34658
internal_count=200000 118717 81283 75457 10794 43260 40799 70489 66577 9656 3912 28005 15255 1138 34658
is_linear=0
shrinkage=0.03


Tree=35
num_leaves=16
num_cat=0
split_feature=40 41 40 41 41 41 40 17 40 39 41 36 41 13 41
split_gain=2196.21 1488.19 442.723 271.572 178.803 136.303 86.1377 74.0754 64.1825 56.9984 50.8015 26.8415 21.9169 18.1774 6.09983
threshold=0.014174921903759243 0.2099345996975899 0.21087211370468142 0.067907188087701811 0.21429927647113803 0.33684825897216802 0.0083537800237536448 -0.22252074629068372 1.0587456822395327 0.79999998211860668 0.4636219739913941 0.46428571641445165 0.3907416313886643 1.985000014305115 0.042139187455177314
decision_type=2 2 2 2 2 2 2 2 2 2 2 2 2 2 2
left_child=1 3 4 14 13 11 -5 8 -4 -9 -6 -3 -7 -2 -1
right_child=2 5 7 6 10 12 -8 9 -10 -11 -12 -13 -14 -15 -16
leaf_value=0 -0.00049543353629238809 0 3.681576209101237e-06 0 -0.00041506210008448432 0 -2.9595692028837501e-05 2.9327649064815294e-05 -0.002355892094919695 0.17001114781246837 0.016150234584734857 0 0 -0.00028497086080043311 0
leaf_weight=31562 405 21252 11416 40480 8470 8140 319 42048 16871 154 1186 6753 7115 733 3096
leaf_count=31562 405 21252 11416 40480 8470 8140 319 42048 16871 154 1186 6753 7115 733 3096
internal_value=0.00262005 0.00522132 -0.00117921 0.00267808 -0.00683713 0.00965742 0.00433687 -0.000312815 -0.00150069 0.000483389 -0.0055116 0.00841457 0.011939 -0.0180844 0.000725374
internal_weight=200000 118717 81283 75457 10794 43260 40799 70489 28287 42202 9656 28005 15255 1138 34658
internal_count=200000 118717 81283 75457 10794 43260 40799 70489 28287 42202 9656 28005 15255 1138 34658
is_linear=0
shrinkage=0.03


Tree=36
num_leaves=16
num_cat=0
split_feature=40 41 40 41 41 41 40 17 40 41 41 36 41 13 41
split_gain=2184.57 1488.19 429.817 271.572 176.96 136.303 86.1377 71.1957 62.1612 53.078 49.186 26.8415 21.9169 17.2063 6.09983
threshold=0.014174921903759243 0.2099345996975899 0.21087211370468142 0.067907188087701811 0.21429927647113803 0.33684825897216802 0.0083537800237536448 -0.22252074629068372 1.0587456822395327 0.73569414019584667 0.4636219739913941 0.46428571641445165 0.3907416313886643 1.985000014305115 0.042139187455177314
decision_type=2 2 2 2 2 2 2 2 2 2 2 2 2 2 2
left_child=1 3 4 14 13 11 -5 8 -4 -9 -6 -3 -7 -2 -1
right_child=2 5 7 6 10 12 -8 9 -10 -11 -12 -13 -14 -15 -16
leaf_value=0 -0.00048057053020361646 0 3.5711289228282196e-06 0 -0.00040261023708194974 0 -2.8707821267972382e-05 2.4526167464387144e-05 -0.0022852153320721044 0.065635570613449781 0.015665727547192809 0 0 -0.00027642173497642011 0
leaf_weight=31562 405 21252 11416 40480 8470 8140 319 41549 16871 653 1186 6753 7115 733 3096
leaf_count=31562 405 21252 11416 40480 8470 8140 319 41549 16871 653 1186 6753 7115 733 3096
internal_value=0.00262695 0.00522132 -0.00116224 0.00267808 -0.00673708 0.00965742 0.00433687 -0.000308559 -0.00147311 0.000472016 -0.00541839 0.00841457 0.011939 -0.0179262 0.000725374
internal_weight=200000 118717 81283 75457 10794 43260 40799 70489 28287 42202 9656 28005 15255 1138 34658
internal_count=200000 118717 81283 75457 10794 43260 40799 70489 28287 42202 9656 28005 15255 1138 34658
is_linear=0
shrinkage=0.03


Tree=37
num_leaves=16
num_cat=0
split_feature=40 41 40 41 41 41 40 34 17 41 36 39 41 13 40
split_gain=2164.66 1502.85 432.752 266.653 160.44 136.222 119.789 68.0658 65.8653 52.5908 27.3028 25.1022 23.224 20.0045 7.76808
threshold=0.016057942062616352 0.2099345996975899 0.21087211370468142 0.067907188087701811 0.21429927647113803 0.33684825897216802 0.0083537800237536448 1.0000000180025095e-35 -0.22252074629068372 0.4636219739913941 0.46428571641445165 0.50892856717109691 0.37645918130874639 1.985000014305115 1.0322977686882952e-05
decision_type=2 2 2 2 2 2 2 2 2 2 2 2 2 2 2
left_child=1 3 4 14 13 10 -5 11 -9 -6 -3 -4 -7 -2 -1
right_child=2 5 7 6 9 12 -8 8 -10 -11 -12 -13 -14 -15 -16
leaf_value=0 -0.00054349160603894028 0 0.013986085223313734 0 -0.00043209409975975926 0 -3.5292281935234043e-05 -0.0012089838864850913 2.4701996653249577e-05 0.015278843403501028 0 0.065702758719271101 0 -0.00034508163162471831 -2.1438368902140518e-05
leaf_weight=34613 383 21309 808 40480 8250 6470 396 27914 41626 1159 6783 141 8947 668 53
leaf_count=34613 383 21309 808 40480 8250 6470 396 27914 41626 1159 6783 141 8947 668 53
internal_value=0.00264165 0.00521524 -0.00114331 0.0026572 -0.00683748 0.00965662 0.00429861 -0.000298344 -0.000407248 -0.00559571 0.00841307 0.00768177 0.0119226 -0.0179543 0.000721745
internal_weight=200000 119051 80949 75542 10460 43509 40876 70489 69540 9409 28092 949 15417 1051 34666
internal_count=200000 119051 80949 75542 10460 43509 40876 70489 69540 9409 28092 949 15417 1051 34666
is_linear=0
shrinkage=0.03


Tree=38
num_leaves=16
num_cat=0
split_feature=40 41 40 41 41 41 40 40 40 40 41 36 41 13 41
split_gain=2056.06 1501.83 455.206 266.356 156.024 136.222 117.61 91.0889 252.466 94.8757 52.5908 27.3028 23.224 17.8778 6.06918
threshold=0.016057942062616352 0.2099345996975899 0.21087211370468142 0.067907188087701811 0.21429927647113803 0.33684825897216802 0.0083537800237536448 1.0587456822395327 1.3606827855110171 0.55894470214843761 0.4636219739913941 0.46428571641445165 0.37645918130874639 1.985000014305115 0.042139187455177314
decision_type=2 2 2 2 2 2 2 2 2 2 2 2 2 2 2
left_child=1 3 4 14 13 11 -5 9 -9 -4 -6 -3 -7 -2 -1
right_child=2 5 7 6 10 12 -8 8 -10 -11 -12 -13 -14 -15 -16
leaf_value=0 -0.00052718685785777203 0 -0.0066873201272360334 0 -0.00041913127676696644 0 -3.4233513477176999e-05 -0.0014709752912183769 0.001008938588416248 4.8872603954269404e-05 0.014820478101395994 0 0 -0.0003347291826759768 0
leaf_weight=31562 383 21309 7675 40480 8250 6470 396 10296 31872 20646 1159 6783 8947 668 3104
leaf_count=31562 383 21309 7675 40480 8250 6470 396 10296 31872 20646 1159 6783 8947 668 3104
internal_value=0.00270855 0.00521676 -0.000980247 0.00265958 -0.00682027 0.00965662 0.00430008 -0.000113635 -0.000997439 0.00120229 -0.00559571 0.00841307 0.0119226 -0.0177831 0.000725206
internal_weight=200000 119051 80949 75542 10460 43509 40876 70489 42168 28321 9409 28092 15417 1051 34666
internal_count=200000 119051 80949 75542 10460 43509 40876 70489 42168 28321 9409 28092 15417 1051 34666
is_linear=0
shrinkage=0.03


Tree=39
num_leaves=16
num_cat=0
split_feature=40 41 40 41 41 41 40 40 40 40 41 36 41 13 41
split_gain=2054.6 1500.81 447.767 267.012 151.034 136.222 114.186 85.7784 246.733 90.8668 52.0318 27.3028 23.224 15.2281 6.06918
threshold=0.016057942062616352 0.2099345996975899 0.21087211370468142 0.067907188087701811 0.21429927647113803 0.33684825897216802 0.010374342557042839 1.062547028064728 1.3606827855110171 0.55894470214843761 0.4636219739913941 0.46428571641445165 0.37645918130874639 1.985000014305115 0.042139187455177314
decision_type=2 2 2 2 2 2 2 2 2 2 2 2 2 2 2
left_child=1 3 4 14 13 11 -5 9 -9 -4 -6 -3 -7 -2 -1
right_child=2 5 7 6 10 12 -8 8 -10 -11 -12 -13 -14 -15 -16
leaf_value=0 -0.00051137125212203901 0 -0.006486700523418952 0 -0.00040655733846395743 0 -4.1765103740028203e-05 -0.0014923444084624501 0.00097867043076376088 4.7094351758933742e-05 0.014375863758354115 0 0 -0.00032468730719569747 0
leaf_weight=31562 383 21309 7675 40572 8250 6470 304 9963 31872 20979 1159 6783 8947 668 3104
leaf_count=31562 383 21309 7675 40572 8250 6470 304 9963 31872 20979 1159 6783 8947 668 3104
internal_value=0.00271095 0.00521827 -0.000976541 0.00266196 -0.00676864 0.00965662 0.00430448 -0.00011704 -0.000983148 0.00114748 -0.00556382 0.00841307 0.0119226 -0.0175547 0.000725206
internal_weight=200000 119051 80949 75542 10460 43509 40876 70489 41835 28654 9409 28092 15417 1051 34666
internal_count=200000 119051 80949 75542 10460 43509 40876 70489 41835 28654 9409 28092 15417 1051 34666
is_linear=0
shrinkage=0.03


Tree=40
num_leaves=16
num_cat=0
split_feature=40 41 40 41 41 41 40 40 40 40 41 36 41 13 41
split_gain=2048.88 1500.13 439.539 267.451 146.441 136.222 109.353 82.201 246.546 88.1059 51.2543 27.3028 23.224 12.7908 6.06918
threshold=0.016057942062616352 0.2099345996975899 0.21087211370468142 0.067907188087701811 0.21429927647113803 0.33684825897216802 0.010374342557042839 1.0662958621978762 1.3036422133445742 0.55894470214843761 0.4636219739913941 0.46428571641445165 0.37645918130874639 1.985000014305115 0.042139187455177314
decision_type=2 2 2 2 2 2 2 2 2 2 2 2 2 2 2
left_child=1 3 4 14 13 11 -5 9 -9 -4 -6 -3 -7 -2 -1
right_child=2 5 7 6 10 12 -8 8 -10 -11 -12 -13 -14 -15 -16
leaf_value=0 -0.00049603011455837782 0 -0.0062920995077163826 0 -0.00039436061831003871 0 -4.0512150627827364e-05 -0.0014503343045667375 0.00070724717718007003 4.5475478626696322e-05 0.013944587845603493 0 0 -0.00031494668797982651 0
leaf_weight=31562 383 21309 7675 40572 8250 6470 304 8634 32868 21312 1159 6783 8947 668 3104
leaf_count=31562 383 21309 7675 40572 8250 6470 304 8634 32868 21312 1159 6783 8947 668 3104
internal_value=0.00271545 0.00521928 -0.000966905 0.00266355 -0.00670554 0.00965662 0.00430742 -0.000115337 -0.000971519 0.0011105 -0.00551918 0.00841307 0.0119226 -0.0173264 0.000725206
internal_weight=200000 119051 80949 75542 10460 43509 40876 70489 41502 28987 9409 28092 15417 1051 34666
internal_count=200000 119051 80949 75542 10460 43509 40876 70489 41502 28987 9409 28092 15417 1051 34666
is_linear=0
shrinkage=0.03


Tree=41
num_leaves=16
num_cat=0
split_feature=40 41 40 41 41 41 40 40 40 40 41 36 41 13 41
split_gain=2034.18 1500.13 415.174 267.451 151.547 136.222 109.353 77.5016 236.163 85.7399 47.7745 27.3028 23.224 12.7908 6.06918
threshold=0.016057942062616352 0.2099345996975899 0.21087211370468142 0.067907188087701811 0.21429927647113803 0.33684825897216802 0.010374342557042839 1.0662958621978762 1.3606827855110171 0.55894470214843761 0.4636219739913941 0.46428571641445165 0.37645918130874639 1.985000014305115 0.042139187455177314
decision_type=2 2 2 2 2 2 2 2 2 2 2 2 2 2 2
left_child=1 3 4 14 13 11 -5 9 -9 -4 -6 -3 -7 -2 -1
right_child=2 5 7 6 10 12 -8 8 -10 -11 -12 -13 -14 -15 -16
leaf_value=0 -0.00048114921112162647 0 -0.0061033365224848922 0 -0.00038252979976073756 0 -3.9296786108992542e-05 -0.001491485112552513 0.00092809290252544657 4.4111214267895417e-05 0.013526250210235388 0 0 -0.00030549828734043174 0
leaf_weight=31562 383 21309 7675 40572 8250 6470 304 9630 31872 21312 1159 6783 8947 668 3104
leaf_count=31562 383 21309 7675 40572 8250 6470 304 9630 31872 21312 1159 6783 8947 668 3104
internal_value=0.00272445 0.00521928 -0.000944669 0.00266355 -0.00652199 0.00965662 0.00430742 -0.00011704 -0.000948388 0.00107324 -0.00531512 0.00841307 0.0119226 -0.0173264 0.000725206
internal_weight=200000 119051 80949 75542 10460 43509 40876 70489 41502 28987 9409 28092 15417 1051 34666
internal_count=200000 119051 80949 75542 10460 43509 40876 70489 41502 28987 9409 28092 15417 1051 34666
is_linear=0
shrinkage=0.03


Tree=42
num_leaves=16
num_cat=0
split_feature=40 41 40 41 41 41 40 40 40 40 41 41 40 13 41
split_gain=2030.4 1503.36 431.37 264.87 153.076 138.307 117.405 75.9884 239.967 83.5654 52.3154 41.6771 23.7186 15.8715 5.97377
threshold=0.018265789374709133 0.2099345996975899 0.21087211370468142 0.067907188087701811 0.21429927647113803 0.37645918130874639 0.010374342557042839 1.0705034732818606 1.3036422133445742 0.55894470214843761 0.4636219739913941 0.28111971914768225 0.0062920530326664456 1.985000014305115 0.042139187455177314
decision_type=2 2 2 2 2 2 2 2 2 2 2 2 2 2 2
left_child=1 3 4 14 13 11 -5 9 -9 -4 -6 -3 -7 -2 -1
right_child=2 5 7 6 10 12 -8 8 -10 -11 -12 -13 -14 -15 -16
leaf_value=0 -0.00058565210509450361 0 -0.0059202364268103446 0 -0.00040567021871062097 0 -4.0071164314412401e-05 -0.0014806351368863366 0.00065818697478890449 4.2321255634824998e-05 0.013159365463480328 0 4.3017173207262232e-05 -0.0003414528720355197 0
leaf_weight=31562 361 16683 7675 40572 7996 8619 373 8301 32868 21645 1153 18078 391 616 3107
leaf_count=31562 361 16683 7675 40572 7996 8619 373 8301 32868 21645 1153 18078 391 616 3107
internal_value=0.00273135 0.00521523 -0.000947094 0.00265387 -0.00673711 0.00963994 0.0042877 -0.000115337 -0.000946586 0.00105184 -0.00553175 0.00878139 0.0129523 -0.0180246 0.000724278
internal_weight=200000 119385 80615 75614 10126 43771 40945 70489 41169 29320 9149 34761 9010 977 34669
internal_count=200000 119385 80615 75614 10126 43771 40945 70489 41169 29320 9149 34761 9010 977 34669
is_linear=0
shrinkage=0.03


Tree=43
num_leaves=16
num_cat=0
split_feature=40 41 40 41 41 41 40 40 40 40 41 41 40 10 41
split_gain=2030.72 1500.32 427.625 265.306 147.116 136.546 112.98 73.477 233.492 82.0464 52.3154 41.6771 20.0209 13.3595 5.97377
threshold=0.018265789374709133 0.2099345996975899 0.21087211370468142 0.067907188087701811 0.21429927647113803 0.37645918130874639 0.010374342557042839 1.0705034732818606 1.3606827855110171 0.55894470214843761 0.4636219739913941 0.28111971914768225 0.0062920530326664456 2.0749659538269047 0.042139187455177314
decision_type=2 2 2 2 2 2 2 2 2 2 2 2 2 2 2
left_child=1 3 4 14 13 11 -5 9 -9 -4 -6 -3 -7 -2 -1
right_child=2 5 7 6 10 12 -8 8 -10 -11 -12 -13 -14 -15 -16
leaf_value=0 -0.00032624592116366929 0 -0.0057426293340060355 0 -0.0003935001121493024 0 -3.8869029384980042e-05 -0.0015345827509249681 0.0008805045062060152 4.1051617965780283e-05 0.012764584499575918 0 4.1726658011044368e-05 -0.0010615593381285524 0
leaf_weight=31562 820 16683 7675 40572 7996 8619 373 9297 31872 21645 1153 18078 391 157 3107
leaf_count=31562 820 16683 7675 40572 7996 8619 373 9297 31872 21645 1153 18078 391 157 3107
internal_value=0.00273015 0.00521422 -0.000948583 0.00265546 -0.00671341 0.00963446 0.00429063 -0.000120444 -0.000937842 0.00102729 -0.00553175 0.00878139 0.0129256 -0.0177789 0.000724278
internal_weight=200000 119385 80615 75614 10126 43771 40945 70489 41169 29320 9149 34761 9010 977 34669
internal_count=200000 119385 80615 75614 10126 43771 40945 70489 41169 29320 9149 34761 9010 977 34669
is_linear=0
shrinkage=0.03


Tree=44
num_leaves=16
num_cat=0
split_feature=40 41 40 41 41 41 40 40 40 40 41 41 40 13 41
split_gain=2031.85 1497.03 425.318 265.524 145.801 134.361 110.799 68.3078 223.242 79.174 52.2006 41.6771 15.8392 12.7194 5.97377
threshold=0.018265789374709133 0.2099345996975899 0.21087211370468142 0.067907188087701811 0.21429927647113803 0.37645918130874639 0.010374342557042839 1.0705034732818606 1.3606827855110171 0.55894470214843761 0.4636219739913941 0.28111971914768225 0.0062920530326664456 2.0399999618530278 0.042139187455177314
decision_type=2 2 2 2 2 2 2 2 2 2 2 2 2 2 2
left_child=1 3 4 14 13 11 -5 9 -9 -4 -6 -3 -7 -2 -1
right_child=2 5 7 6 10 12 -8 8 -10 -11 -12 -13 -14 -15 -16
leaf_value=0 -0.00049770296117386157 0 -0.0055703504539858541 0 -0.00038169510878482336 0 -3.7702958503430664e-05 -0.0014885452683972191 0.00085408937101983469 3.9820069426806902e-05 0.012381646964588639 0 4.0474858270713051e-05 -0.00032142190823954408 0
leaf_weight=31562 382 16683 7675 40572 7996 8619 373 9297 31872 21645 1153 18078 391 595 3107
leaf_count=31562 382 16683 7675 40572 7996 8619 373 9297 31872 21645 1153 18078 391 595 3107
internal_value=0.00272745 0.00521221 -0.000952304 0.00265625 -0.00670156 0.00962761 0.0042921 -0.000126403 -0.000914523 0.000980218 -0.00552519 0.00878139 0.0128923 -0.0177175 0.000724278
internal_weight=200000 119385 80615 75614 10126 43771 40945 70489 41169 29320 9149 34761 9010 977 34669
internal_count=200000 119385 80615 75614 10126 43771 40945 70489 41169 29320 9149 34761 9010 977 34669
is_linear=0
shrinkage=0.03


Tree=45
num_leaves=16
num_cat=0
split_feature=40 41 40 41 41 41 40 40 40 40 41 41 40 13 41
split_gain=2032.01 1496.44 419.964 265.524 143.5 133.926 110.799 64.893 224.292 75.7459 51.7426 41.6771 15.0615 13.4613 5.97377
threshold=0.018265789374709133 0.2099345996975899 0.21087211370468142 0.067907188087701811 0.21429927647113803 0.37645918130874639 0.010374342557042839 1.0745742321014407 1.3606827855110171 0.55894470214843761 0.4636219739913941 0.28111971914768225 0.0062920530326664456 2.0399999618530278 0.042139187455177314
decision_type=2 2 2 2 2 2 2 2 2 2 2 2 2 2 2
left_child=1 3 4 14 13 11 -5 9 -9 -4 -6 -3 -7 -2 -1
right_child=2 5 7 6 10 12 -8 8 -10 -11 -12 -13 -14 -15 -16
leaf_value=0 -0.00048277187233864566 0 -0.0054032399403662786 0 -0.00037024425552127866 0 -3.6571869748327767e-05 -0.0016204787293192791 0.00082846668988923963 3.7910329391657587e-05 0.01201019755565098 0 3.9260612522591648e-05 -0.00031177925099235774 0
leaf_weight=31562 382 16683 7675 40572 7996 8619 373 8964 31872 21978 1153 18078 391 595 3107
leaf_count=31562 382 16683 7675 40572 7996 8619 373 8964 31872 21978 1153 18078 391 595 3107
internal_value=0.00272685 0.00521171 -0.000953048 0.00265625 -0.00666601 0.00962624 0.0042921 -0.000132361 -0.000908022 0.000935824 -0.00549896 0.00878139 0.0128857 -0.0175947 0.000724278
internal_weight=200000 119385 80615 75614 10126 43771 40945 70489 40836 29653 9149 34761 9010 977 34669
internal_count=200000 119385 80615 75614 10126 43771 40945 70489 40836 29653 9149 34761 9010 977 34669
is_linear=0
shrinkage=0.03


Tree=46
num_leaves=16
num_cat=0
split_feature=40 41 40 41 41 41 40 40 40 40 41 41 36 13 41
split_gain=2031.03 1494.58 408.072 265.96 144.066 133.102 106.793 61.2691 217.721 73.3754 50.2683 24.753 24.3425 12.8817 5.97377
threshold=0.018265789374709133 0.2099345996975899 0.21087211370468142 0.067907188087701811 0.21429927647113803 0.33684825897216802 0.0083537800237536448 1.0745742321014407 1.3606827855110171 0.55894470214843761 0.4636219739913941 0.37645918130874639 0.46428571641445165 2.0399999618530278 0.042139187455177314
decision_type=2 2 2 2 2 2 2 2 2 2 2 2 2 2 2
left_child=1 3 4 14 13 12 -5 9 -9 -4 -6 -7 -3 -2 -1
right_child=2 5 7 6 10 11 -8 8 -10 -11 -12 -13 -14 -15 -16
leaf_value=0 -0.0004682887161684863 0 -0.0052411427421552893 0 -0.00035913692785564027 0 -2.9237875619144877e-05 -0.0015718643674397007 0.0008036126891925626 3.6773019509907939e-05 0.011649891628981451 0 0 -0.00030242587346258697 0
leaf_weight=31562 382 21366 7675 40480 7996 6533 465 8964 31872 21978 1153 9010 6862 595 3107
leaf_count=31562 382 21366 7675 40480 7996 6533 465 8964 31872 21978 1153 9010 6862 595 3107
internal_value=0.00272745 0.00521171 -0.00095156 0.00265784 -0.00658305 0.0096235 0.00429503 -0.000142575 -0.000896268 0.000895356 -0.00541371 0.0118529 0.00839592 -0.0175333 0.000724278
internal_weight=200000 119385 80615 75614 10126 43771 40945 70489 40836 29653 9149 15543 28228 977 34669
internal_count=200000 119385 80615 75614 10126 43771 40945 70489 40836 29653 9149 15543 28228 977 34669
is_linear=0
shrinkage=0.03


Tree=47
num_leaves=16
num_cat=0
split_feature=40 41 40 41 41 41 40 41 40 41 41 36 39 13 41
split_gain=2018.95 1493.9 387.109 266.397 145.202 133.102 103.015 60.9462 80.6605 47.3836 24.753 24.3425 21.4998 11.7607 5.97377
threshold=0.018265789374709133 0.2099345996975899 0.21087211370468142 0.067907188087701811 0.21429927647113803 0.33684825897216802 0.0083537800237536448 0.64400261640548717 1.0745742321014407 0.4636219739913941 0.37645918130874639 0.46428571641445165 0.76249998807907116 2.0399999618530278 0.042139187455177314
decision_type=2 2 2 2 2 2 2 2 2 2 2 2 2 2 2
left_child=1 3 4 14 13 11 -5 8 -4 -6 -7 -3 -9 -2 -1
right_child=2 5 7 6 9 10 -8 12 -10 -11 -12 -13 -14 -15 -16
leaf_value=0 -0.00045424005468343173 0 2.4952056654727761e-05 0 -0.0003483628200199711 0 -2.8360739350570539e-05 0.02178301316592092 -0.0011506919510359127 0.011300394880112008 0 0 0.15074795978465338 -0.00029335309725870938 0
leaf_weight=31562 382 21366 29590 40480 7996 6533 465 2151 38546 1153 9010 6862 202 595 3107
leaf_count=31562 382 21366 29590 40480 7996 6533 465 2151 38546 1153 9010 6862 202 595 3107
internal_value=0.00273585 0.00521272 -0.000932209 0.00265943 -0.00641714 0.0096235 0.00429796 -0.000144278 -0.000308207 -0.0052432 0.0118529 0.00839592 0.00460263 -0.0174104 0.000724278
internal_weight=200000 119385 80615 75614 10126 43771 40945 70489 68136 9149 15543 28228 2353 977 34669
internal_count=200000 119385 80615 75614 10126 43771 40945 70489 68136 9149 15543 28228 2353 977 34669
is_linear=0
shrinkage=0.03


Tree=48
num_leaves=16
num_cat=0
split_feature=40 41 40 41 41 41 40 34 40 40 41 39 36 8 41
split_gain=2006.76 1492.88 365.986 267.053 144.874 133.102 98.1798 60.3085 58.1725 55.637 24.753 24.6341 24.3425 10.2123 5.97377
threshold=0.018265789374709133 0.2099345996975899 0.21087211370468142 0.067907188087701811 0.21429927647113803 0.33684825897216802 0.010374342557042839 1.0000000180025095e-35 1.0745742321014407 0.020560622215271 0.37645918130874639 0.50892856717109691 0.46428571641445165 5.5089285373687753 0.042139187455177314
decision_type=2 2 2 2 2 2 2 2 2 2 2 2 2 2 2
left_child=1 3 4 14 13 12 -5 11 -9 -6 -7 -4 -3 -2 -1
right_child=2 5 7 6 9 10 -8 8 -10 -11 -12 -13 -14 -15 -16
leaf_value=0 -0.00028343733612593339 0 0.014577192736512019 0 1.7136179014512615e-05 0 -3.3746755206786482e-05 2.1614766396481563e-05 -0.0009442472681087269 -0.00035598007039068177 0 0.063536762436324584 0 -0.0015404019217709398 0
leaf_weight=31562 885 21366 808 40572 233 6533 373 29143 40397 8916 9010 141 6862 92 3107
leaf_count=31562 885 21366 808 40572 233 6533 373 29143 40397 8916 9010 141 6862 92 3107
internal_value=0.00274485 0.00521422 -0.000912113 0.00266181 -0.00624531 0.0096235 0.00430236 -0.00014598 -0.00024849 -0.00507269 0.0118529 0.00736565 0.00839592 -0.0172262 0.000724278
internal_weight=200000 119385 80615 75614 10126 43771 40945 70489 69540 9149 15543 949 28228 977 34669
internal_count=200000 119385 80615 75614 10126 43771 40945 70489 69540 9149 15543 949 28228 977 34669
is_linear=0
shrinkage=0.03


Tree=49
num_leaves=16
num_cat=0
split_feature=40 41 40 41 41 41 40 41 40 40 41 36 39 13 41
split_gain=2005.14 1492.54 364.77 267.272 138.771 133.102 96.1476 57.0808 74.773 51.8448 24.753 24.3425 19.5208 9.00916 5.97377
threshold=0.018265789374709133 0.2099345996975899 0.21087211370468142 0.067907188087701811 0.21429927647113803 0.33684825897216802 0.010374342557042839 0.64400261640548717 1.0745742321014407 0.020560622215271 0.37645918130874639 0.46428571641445165 0.76249998807907116 2.0399999618530278 0.042139187455177314
decision_type=2 2 2 2 2 2 2 2 2 2 2 2 2 2 2
left_child=1 3 4 14 13 11 -5 8 -4 -6 -7 -3 -9 -2 -1
right_child=2 5 7 6 9 10 -8 12 -10 -11 -12 -13 -14 -15 -16
leaf_value=0 -0.0004321097329591507 0 2.340685198730305e-05 0 1.6622093644077238e-05 0 -3.2734352550582866e-05 0.021157850188986551 -0.0010918856905055615 -0.00034530066827896129 0 0 0.14625384840915706 -0.00027604938425717014 0
leaf_weight=31562 382 21366 29590 40572 233 6533 373 2151 38546 8916 9010 6862 202 595 3107
leaf_count=31562 382 21366 29590 40572 233 6533 373 2151 38546 8916 9010 6862 202 595 3107
internal_value=0.00274635 0.00521473 -0.000909136 0.0026626 -0.00623346 0.0096235 0.00430382 -0.000144278 -0.000302924 -0.0050858 0.0118529 0.00839592 0.00444964 -0.0169806 0.000724278
internal_weight=200000 119385 80615 75614 10126 43771 40945 70489 68136 9149 15543 28228 2353 977 34669
internal_count=200000 119385 80615 75614 10126 43771 40945 70489 68136 9149 15543 28228 2353 977 34669
is_linear=0
shrinkage=0.03


Tree=50
num_leaves=16
num_cat=0
split_feature=40 41 40 41 41 41 40 34 40 40 41 36 39 38 41
split_gain=2009.04 1492.54 360.717 267.272 133.102 131.55 96.1476 55.4702 52.7025 49.9988 24.753 24.3425 22.5567 9.32985 5.97377
threshold=0.018265789374709133 0.2099345996975899 0.21087211370468142 0.067907188087701811 0.33684825897216802 0.21429927647113803 0.010374342557042839 1.0000000180025095e-35 1.0745742321014407 0.020560622215271 0.37645918130874639 0.46428571641445165 0.50178572535514843 4.8964285850524911 0.042139187455177314
decision_type=2 2 2 2 2 2 2 2 2 2 2 2 2 2 2
left_child=1 3 5 14 11 13 -5 12 -9 -7 -6 -3 -4 -2 -1
right_child=2 4 7 6 10 9 -8 8 -10 -11 -12 -13 -14 -15 -16
leaf_value=0 -0.00026330493682713487 0 0.013787752845517781 0 0 1.6123430834754962e-05 -3.1752321974065407e-05 2.0264117844968031e-05 -0.00090198133312944162 -0.00033494164823059253 0 0 0.061477481155100232 -0.0010124786846271822 0
leaf_weight=31562 845 21366 798 40572 6533 233 373 29143 40397 8916 9010 6862 151 132 3107
leaf_count=31562 845 21366 798 40572 6533 233 373 29143 40397 8916 9010 6862 151 132 3107
internal_value=0.00274395 0.00521473 -0.00091509 0.0026626 0.0096235 -0.00620976 0.00430382 -0.000154492 -0.000252804 -0.00509236 0.0118529 0.00839592 0.00704953 -0.0166735 0.000724278
internal_weight=200000 119385 80615 75614 43771 10126 40945 70489 69540 9149 15543 28228 949 977 34669
internal_count=200000 119385 80615 75614 43771 10126 40945 70489 69540 9149 15543 28228 949 977 34669
is_linear=0
shrinkage=0.03


Tree=51
num_leaves=16
num_cat=0
split_feature=40 41 40 41 41 41 40 41 40 40 10 41 36 8 41
split_gain=2000.61 1491.18 357.103 268.148 133.102 124.957 90.1123 52.5642 79.074 49.9033 25.8943 24.753 24.3425 8.22881 5.97377
threshold=0.018265789374709133 0.2099345996975899 0.21087211370468142 0.067907188087701811 0.33684825897216802 0.21429927647113803 0.00090574257774278532 0.59788936376571666 1.0793546438217165 0.020560622215271 3.6051089763641362 0.37645918130874639 0.46428571641445165 5.7767856121063241 0.042139187455177314
decision_type=2 2 2 2 2 2 2 2 2 2 2 2 2 2 2
left_child=1 3 5 14 12 13 -5 8 -4 -7 -9 -6 -3 -2 -1
right_child=2 4 7 6 11 9 -8 10 -10 -11 -12 -13 -14 -15 -16
leaf_value=0 -0.00025585026477045264 0 2.2182677654729865e-05 0 0 1.5639727909712263e-05 -7.7039563201174464e-06 0.013211442061767217 -0.0012081845722820199 -0.00032489339878367474 0.19220682517326526 0 0 -0.0014587734135179074 0
leaf_weight=31562 890 21366 29823 40077 6533 233 868 3608 36754 8916 304 9010 6862 87 3107
leaf_count=31562 890 21366 29823 40077 6533 233 868 3608 36754 8916 304 9010 6862 87 3107
internal_value=0.00275115 0.00521674 -0.000900205 0.00266578 0.0096235 -0.00616828 0.00430968 -0.000143427 -0.00034201 -0.00507924 0.0032362 0.0118529 0.00839592 -0.0163664 0.000724278
internal_weight=200000 119385 80615 75614 43771 10126 40945 70489 66577 9149 3912 15543 28228 977 34669
internal_count=200000 119385 80615 75614 43771 10126 40945 70489 66577 9149 3912 15543 28228 977 34669
is_linear=0
shrinkage=0.03


Tree=52
num_leaves=16
num_cat=0
split_feature=40 41 40 41 41 41 40 34 40 40 41 36 39 8 41
split_gain=1997.04 1490.84 353.102 268.367 133.102 121.339 88.8417 52.3965 51.0526 49.7601 24.753 24.3425 21.6842 8.57674 5.97377
threshold=0.018265789374709133 0.2099345996975899 0.21087211370468142 0.067907188087701811 0.33684825897216802 0.21429927647113803 0.00090574257774278532 1.0000000180025095e-35 1.0793546438217165 0.020560622215271 0.37645918130874639 0.46428571641445165 0.50178572535514843 5.7767856121063241 0.042139187455177314
decision_type=2 2 2 2 2 2 2 2 2 2 2 2 2 2 2
left_child=1 3 5 14 11 13 -5 12 -9 -7 -6 -3 -4 -2 -1
right_child=2 4 7 6 10 9 -8 8 -10 -11 -12 -13 -14 -15 -16
leaf_value=0 -0.00024817475682733901 0 0.013353773270960828 0 0 1.5170536072420873e-05 -7.4728376305139247e-06 1.8975993441166343e-05 -0.00091618945310573238 -0.00031514659682016445 0 0 0.059669402257615682 -0.0014150102111123702 0
leaf_weight=31562 890 21366 798 40077 6533 233 868 29472 40068 8916 9010 6862 151 87 3107
leaf_count=31562 890 21366 798 40077 6533 233 868 29472 40068 8916 9010 6862 151 87 3107
internal_value=0.00275385 0.00521724 -0.00089425 0.00266657 0.0096235 -0.00613273 0.00431115 -0.000141724 -0.000237274 -0.00505957 0.0118529 0.00839592 0.00685985 -0.0161822 0.000724278
internal_weight=200000 119385 80615 75614 43771 10126 40945 70489 69540 9149 15543 28228 949 977 34669
internal_count=200000 119385 80615 75614 43771 10126 40945 70489 69540 9149 15543 28228 949 977 34669
is_linear=0
shrinkage=0.03


Tree=53
num_leaves=16
num_cat=0
split_feature=40 41 40 41 41 40 41 34 40 41 41 39 40 13 36
split_gain=1994.6 1501.65 369.712 263.099 139.122 118.605 108.534 51.4797 49.007 46.6742 42.2498 21.948 17.4414 13.2217 6.01235
threshold=0.020560622215271 0.2099345996975899 0.21087211370468142 0.067907188087701811 0.37645918130874639 0.010374342557042839 0.21429927647113803 1.0000000180025095e-35 1.0843653082847597 0.4636219739913941 0.28111971914768225 0.50178572535514843 0.0083537800237536448 1.985000014305115 1.0000000180025095e-35
decision_type=2 2 2 2 2 2 2 2 2 2 2 2 2 2 2
left_child=1 3 6 14 10 -5 13 11 -9 -8 -3 -4 -6 -2 -1
right_child=2 4 7 5 12 -7 9 8 -10 -11 -12 -13 -14 -15 -16
leaf_value=0 -0.00051343901991189622 0 0.012953160072832003 0 0 -3.1532653343024452e-05 -0.00030964592196586671 1.8053743576155952e-05 -0.00096011921033874702 0.010879781323503472 0 0.057879320189887215 3.9598154670685049e-05 -0.00034100028962914596 0
leaf_weight=13909 328 16735 798 40572 8680 472 7775 29801 39739 1141 18192 151 400 545 20762
leaf_count=13909 328 16735 798 40572 8680 472 7775 29801 39739 1141 18192 151 400 545 20762
internal_value=0.00275655 0.00520982 -0.000902115 0.00264835 0.00961688 0.00427371 -0.00636531 -0.000143427 -0.000238136 -0.00537685 0.00875684 0.00679663 0.0129251 -0.0164605 0.000724236
internal_weight=200000 119722 80278 75715 44007 41044 9789 70489 69540 8916 34927 949 9080 873 34671
internal_count=200000 119722 80278 75715 44007 41044 9789 70489 69540 8916 34927 949 9080 873 34671
is_linear=0
shrinkage=0.03


Tree=54
num_leaves=16
num_cat=0
split_feature=40 41 40 41 41 40 41 34 41 41 41 39 40 40 36
split_gain=1983.71 1500.48 352.951 263.099 138.241 118.605 99.9212 50.571 47.0335 45.026 42.2498 20.5718 15.8463 10.5071 6.01235
threshold=0.020560622215271 0.2099345996975899 0.21087211370468142 0.067907188087701811 0.37645918130874639 0.010374342557042839 0.21429927647113803 1.0000000180025095e-35 0.73569414019584667 0.4636219739913941 0.28111971914768225 0.50178572535514843 0.0083537800237536448 0.028147136792540554 1.0000000180025095e-35
decision_type=2 2 2 2 2 2 2 2 2 2 2 2 2 2 2
left_child=1 3 6 14 10 -5 13 11 -9 -8 -3 -4 -6 -2 -1
right_child=2 4 7 5 12 -7 9 8 -10 -11 -12 -13 -14 -15 -16
leaf_value=0 -0.0001077091321546407 0 0.012564565270647043 0 0 -3.0586673742733717e-05 -0.00030035654430689073 -2.5982533521867388e-05 0.055804231962799281 0.010553387883798367 0 0.056142940584190594 3.8410210030564514e-05 -0.0006158844195503564 0
leaf_weight=13909 241 16735 798 40572 8680 472 7775 68771 769 1141 18192 151 400 632 20762
leaf_count=13909 241 16735 798 40572 8680 472 7775 68771 769 1141 18192 151 400 632 20762
internal_value=0.00276225 0.00520882 -0.00088642 0.00264835 0.00961415 0.00427371 -0.00622433 -0.000145129 -0.000238999 -0.00527591 0.00875684 0.0067334 0.0129119 -0.0159107 0.000724236
internal_weight=200000 119722 80278 75715 44007 41044 9789 70489 69540 8916 34927 949 9080 873 34671
internal_count=200000 119722 80278 75715 44007 41044 9789 70489 69540 8916 34927 949 9080 873 34671
is_linear=0
shrinkage=0.03


Tree=55
num_leaves=16
num_cat=0
split_feature=40 41 40 41 41 41 40 40 41 40 28 36 41 6 41
split_gain=1969.4 1484.45 319.519 269.464 130.735 108.163 82.8558 58.1334 48.9008 101.318 30.7411 24.3425 23.6775 11.7707 5.97377
threshold=0.018265789374709133 0.2099345996975899 0.21087211370468142 0.067907188087701811 0.33684825897216802 0.21851146966218951 0.0062920530326664456 0.02290768921375275 0.53295657038688671 1.0843653082847597 0.6428571641445161 0.46428571641445165 0.37645918130874639 0.5000000149011613 0.042139187455177314
decision_type=2 2 2 2 2 2 2 2 2 2 2 2 2 2 2
left_child=1 3 5 14 11 13 -5 -7 9 -4 -10 -3 -6 -2 -1
right_child=2 4 8 6 12 7 -8 -9 10 -11 -12 -13 -14 -15 -16
leaf_value=0 -0.00025013481288268727 0 2.1792627975610142e-05 0 0 9.0693494672281802e-06 -1.8560841008483427e-05 -0.00031400408802776146 0.0015270979683151618 -0.001539019171974869 0.020478289001666906 0 0 -0.0006683531285782906 0
leaf_weight=31562 944 21366 28868 40392 6533 460 553 8617 5730 32676 3215 6862 9010 105 3107
leaf_count=31562 944 21366 28868 40392 6533 460 553 8617 5730 32676 3215 6862 9010 105 3107
internal_value=0.00276945 0.00521573 -0.000853315 0.00267054 0.00961253 -0.00583646 0.00431848 -0.00478242 -0.000137468 -0.000438711 0.00193516 0.00839592 0.011822 -0.0149571 0.000724278
internal_weight=200000 119385 80615 75614 43771 10126 40945 9077 70489 61544 8945 28228 15543 1049 34669
internal_count=200000 119385 80615 75614 43771 10126 40945 9077 70489 61544 8945 28228 15543 1049 34669
is_linear=0
shrinkage=0.03


Tree=56
num_leaves=16
num_cat=0
split_feature=40 41 40 41 41 40 41 41 40 41 41 28 40 40 36
split_gain=1969.95 1493.74 340.334 264.401 135.293 106.945 99.4884 47.3706 95.9036 43.1938 42.395 29.1958 11.9764 11.0072 6.01235
threshold=0.020560622215271 0.2099345996975899 0.21087211370468142 0.067907188087701811 0.37645918130874639 0.010374342557042839 0.21429927647113803 0.53295657038688671 1.0843653082847597 0.4636219739913941 0.28111971914768225 0.6428571641445161 0.028147136792540554 1.0000000180025095e-35 1.0000000180025095e-35
decision_type=2 2 2 2 2 2 2 2 2 2 2 2 2 2 2
left_child=1 3 6 14 10 -5 12 8 -4 -8 -3 -9 -2 -6 -1
right_child=2 4 7 5 13 -7 9 11 -10 -11 -12 -13 -14 -15 -16
leaf_value=0 -9.6973813803520809e-05 0 2.1138849136341854e-05 0 0 -2.7697915274624154e-05 -0.00028192572533685116 0.0014812850292657068 -0.0014928485968156229 0.010246206369925249 0 0.019863940331616901 -0.0005899038425773651 3.1441859371692927e-05 0
leaf_weight=13909 241 16735 28868 40572 8321 472 7775 5730 32676 1141 18192 3215 632 759 20762
leaf_count=13909 241 16735 28868 40572 8321 472 7775 5730 32676 1141 18192 3215 632 759 20762
internal_value=0.00276975 0.00520781 -0.00086624 0.00265311 0.00960324 0.00428248 -0.00610788 -0.000138319 -0.000434811 -0.00516151 0.00875512 0.00190162 -0.0157732 0.0128656 0.000724236
internal_weight=200000 119722 80278 75715 44007 41044 9789 70489 61544 8916 34927 8945 873 9080 34671
internal_count=200000 119722 80278 75715 44007 41044 9789 70489 61544 8916 34927 8945 873 9080 34671
is_linear=0
shrinkage=0.03


Tree=57
num_leaves=16
num_cat=0
split_feature=40 41 40 41 41 40 41 34 39 41 41 39 40 40 36
split_gain=1958 1490.47 327.47 264.618 133.127 105.06 97.6498 46.7883 46.6767 42.395 41.5042 19.9907 14.3607 11.0148 6.01235
threshold=0.020560622215271 0.2099345996975899 0.21087211370468142 0.067907188087701811 0.37645918130874639 0.010374342557042839 0.21429927647113803 1.0000000180025095e-35 0.79999998211860668 0.28111971914768225 0.4636219739913941 0.50178572535514843 0.028147136792540554 0.0083537800237536448 1.0000000180025095e-35
decision_type=2 2 2 2 2 2 2 2 2 2 2 2 2 2 2
left_child=1 3 6 14 9 -5 12 11 -9 -3 -8 -4 -2 -6 -1
right_child=2 4 7 5 13 -7 10 8 -10 -11 -12 -13 -14 -15 -16
leaf_value=0 -9.4064599389415176e-05 0 0.01176214758302256 0 0 -2.6866977816385448e-05 -0.00027346795357674562 -2.1742088574981042e-05 0.10440123113757005 0 0.009938820178827492 0.054549608399728597 -0.0005722067273000441 3.6202928331721015e-05 0
leaf_weight=13909 241 16735 798 40572 8680 472 7775 69265 275 18192 1141 151 632 400 20762
leaf_count=13909 241 16735 798 40572 8680 472 7775 69265 275 18192 1141 151 632 400 20762
internal_value=0.00277515 0.00520581 -0.000849797 0.0026539 0.00959643 0.00428394 -0.00599142 -0.000135766 -0.000226057 0.00875512 -0.00505384 0.00648051 -0.015567 0.0128326 0.000724236
internal_weight=200000 119722 80278 75715 44007 41044 9789 70489 69540 34927 8916 949 873 9080 34671
internal_count=200000 119722 80278 75715 44007 41044 9789 70489 69540 34927 8916 949 873 9080 34671
is_linear=0
shrinkage=0.03


Tree=58
num_leaves=16
num_cat=0
split_feature=40 41 40 41 41 40 41 41 34 40 41 27 40 40 40
split_gain=1956.14 1503.61 346.776 261.368 132.654 121.013 91.8845 48.4544 44.0506 44.4585 43.6463 19.3564 17.3183 10.959 7.44117
threshold=0.02290768921375275 0.2099345996975899 0.21087211370468142 0.067907188087701811 0.37645918130874639 0.010374342557042839 0.21429927647113803 0.4636219739913941 1.0000000180025095e-35 1.0843653082847597 0.28111971914768225 0.70386826992034923 0.00013099954230710867 0.028147136792540554 0.0083537800237536448
decision_type=2 2 2 2 2 2 2 2 2 2 2 2 2 2 2
left_child=1 3 6 12 10 -5 13 -8 11 -10 -3 -4 -1 -2 -6
right_child=2 4 8 5 14 -7 7 -9 9 -11 -12 -13 -14 -15 -16
leaf_value=0 -0.00013356295435248023 0 0.022929272052837901 0 0 -2.6526424350814795e-05 -0.00029405414443560245 0.0097725451551429632 1.7648903340856027e-05 -0.00088109810062086621 0 0.00089996015512137136 -3.4036494276772266e-05 -0.00055504052548104282 3.3561507897876913e-05
leaf_weight=34622 140 16780 565 40572 8680 559 7562 1121 29801 39739 18300 384 53 632 490
leaf_count=34622 140 16780 565 40572 8680 559 7562 1121 29801 39739 18300 384 53 632 490
internal_value=0.00278325 0.00520432 -0.000852597 0.00263924 0.00959864 0.00425664 -0.00624749 -0.00536566 -0.000128956 -0.000216566 0.00875884 0.00629083 0.000720692 -0.0161658 0.0128113
internal_weight=200000 120056 79944 75806 44250 41131 9455 8683 70489 69540 35080 949 34675 772 9170
internal_count=200000 120056 79944 75806 44250 41131 9455 8683 70489 69540 35080 949 34675 772 9170
is_linear=0
shrinkage=0.03


Tree=59
num_leaves=16
num_cat=0
split_feature=40 41 40 41 41 40 41 41 41 40 41 33 40 40 40
split_gain=1953.24 1501.75 340.046 261.799 131.799 117.43 90.0717 47.6524 43.7015 89.0957 43.6463 29.2761 17.3183 10.5149 6.51292
threshold=0.02290768921375275 0.2099345996975899 0.21087211370468142 0.067907188087701811 0.37645918130874639 0.0062920530326664456 0.21429927647113803 0.4636219739913941 0.53295657038688671 1.0843653082847597 0.28111971914768225 5.0499999523162851 0.00013099954230710867 0.028147136792540554 0.0083537800237536448
decision_type=2 2 2 2 2 2 2 2 2 2 2 2 2 2 2
left_child=1 3 6 12 10 -5 13 -8 9 -4 -3 -10 -1 -2 -6
right_child=2 4 8 5 14 -7 7 -9 11 -11 -12 -13 -14 -15 -16
leaf_value=0 -0.00012955606572190585 0 2.0534653275618612e-05 0 0 -1.8545863129080381e-05 -0.00028523252010253445 0.0094793688004886755 0.0029164532325754032 -0.0014310150003265813 0 0.04317991237443787 -3.3015399448469115e-05 -0.00053838930971661142 3.2554662660940599e-05
leaf_weight=34622 140 16780 28868 40392 8680 739 7562 1121 7573 32676 18300 1372 53 632 490
leaf_count=34622 140 16780 28868 40392 8680 739 7562 1121 7573 32676 18300 1372 53 632 490
internal_value=0.00278505 0.00520432 -0.000848094 0.00264082 0.00959593 0.00425956 -0.00619038 -0.00531729 -0.00013151 -0.000416288 0.00875884 0.00182784 0.000720692 -0.0160104 0.0127983
internal_weight=200000 120056 79944 75806 44250 41131 9455 8683 70489 61544 35080 8945 34675 772 9170
internal_count=200000 120056 79944 75806 44250 41131 9455 8683 70489 61544 35080 8945 34675 772 9170
is_linear=0
shrinkage=0.03


Tree=60
num_leaves=16
num_cat=0
split_feature=40 41 40 41 41 40 41 41 41 39 40 40 17 40 40
split_gain=1949.68 1499.56 335.975 262.447 130.946 113.757 87.9315 47.1971 43.6463 42.7305 42.4461 17.3183 10.516 10.0801 5.64649
threshold=0.02290768921375275 0.2099345996975899 0.21087211370468142 0.067907188087701811 0.37645918130874639 0.010374342557042839 0.21429927647113803 0.4636219739913941 0.28111971914768225 0.79999998211860668 1.0793546438217165 0.00013099954230710867 1.0000000180025095e-35 0.028147136792540554 0.0083537800237536448
decision_type=2 2 2 2 2 2 2 2 2 2 2 2 2 2 2
left_child=1 3 6 11 8 -5 13 -8 -3 10 -4 -1 -11 -2 -6
right_child=2 4 9 5 14 -7 7 -9 -10 12 -12 -13 -14 -15 -16
leaf_value=0 -0.00012566938375024867 0 1.845612999096184e-05 0 0 -2.5174255726417916e-05 -0.00027667554449945842 0.0091949877364740154 0 0.055381328463310106 -0.0007313828780636341 -3.2024937465015017e-05 0.23402587298356545 -0.0005222376304251132 3.157802278111238e-05
leaf_weight=34622 140 16780 29984 40572 8680 559 7562 1121 18300 163 40230 53 112 632 490
leaf_count=34622 140 16780 29984 40572 8680 559 7562 1121 18300 163 40230 53 112 632 490
internal_value=0.00278775 0.00520482 -0.000842089 0.00264319 0.00959322 0.00426394 -0.0061523 -0.00528965 0.00875884 -0.000129807 -0.000176033 0.000720692 0.0116727 -0.0158549 0.0127852
internal_weight=200000 120056 79944 75806 44250 41131 9455 8683 35080 70489 70214 34675 275 772 9170
internal_count=200000 120056 79944 75806 44250 41131 9455 8683 35080 70489 70214 34675 275 772 9170
is_linear=0
shrinkage=0.03


Tree=61
num_leaves=16
num_cat=0
split_feature=40 41 40 41 41 40 41 41 41 34 39 39 40 40 40
split_gain=1940.98 1496.78 331.277 263.096 129.672 108.444 88.8541 46.2931 43.6463 41.3841 40.166 19.9188 17.3183 10.0801 4.63177
threshold=0.02290768921375275 0.2099345996975899 0.21087211370468142 0.067907188087701811 0.37645918130874639 0.010374342557042839 0.21429927647113803 0.4636219739913941 0.28111971914768225 1.0000000180025095e-35 0.79999998211860668 0.50178572535514843 0.00013099954230710867 0.028147136792540554 1.0000000180025095e-35
decision_type=2 2 2 2 2 2 2 2 2 2 2 2 2 2 2
left_child=1 3 6 12 8 -5 13 -8 -3 11 -11 -4 -1 -2 -6
right_child=2 4 9 5 14 -7 7 -9 -10 10 -12 -13 -14 -15 -16
leaf_value=0 -0.0001218993022377412 0 0.011287928460019279 0 0 -2.4419028054625363e-05 -0.00026837527816447464 0.0089191381043797948 0 -1.9254320098092969e-05 0.09833878992132912 0.052290113922503302 -3.1064189341064548e-05 -0.00050657050151235977 2.7671435219414117e-05
leaf_weight=34622 140 16780 798 40572 8321 559 7562 1121 18300 69265 275 151 53 632 849
leaf_count=34622 140 16780 798 40572 8321 559 7562 1121 18300 69265 275 151 53 632 849
internal_value=0.00279315 0.00520482 -0.00082858 0.00264557 0.00958915 0.00426831 -0.00610153 -0.00523437 0.00875884 -0.000121296 -0.000206212 0.00610116 0.000720692 -0.0158549 0.0127655
internal_weight=200000 120056 79944 75806 44250 41131 9455 8683 35080 70489 69540 949 34675 772 9170
internal_count=200000 120056 79944 75806 44250 41131 9455 8683 35080 70489 69540 949 34675 772 9170
is_linear=0
shrinkage=0.03


Tree=62
num_leaves=16
num_cat=0
split_feature=40 41 40 41 41 40 41 41 41 41 40 10 40 40 39
split_gain=1929.73 1490.16 316.585 263.015 125.889 105.129 87.0433 44.2911 43.6463 40.8157 55.8805 23.9132 13.0502 9.44507 4.50793
threshold=0.02290768921375275 0.2099345996975899 0.21087211370468142 0.067907188087701811 0.37645918130874639 0.0062920530326664456 0.21429927647113803 0.4636219739913941 0.28111971914768225 0.61834272742271434 1.0843653082847597 3.6051089763641362 0.00013099954230710867 0.028147136792540554 0.18750000000000003
decision_type=2 2 2 2 2 2 2 2 2 2 2 2 2 2 2
left_child=1 3 6 12 8 -5 13 -8 -3 10 -4 -11 -1 -2 -6
right_child=2 4 9 5 14 -7 7 -9 -10 11 -12 -13 -14 -15 -16
leaf_value=0 -0.000118242323170609 0 1.8494258850632467e-05 0 0 -1.7234708013120569e-05 -0.00026032401981954036 0.0086515639612483996 0 0.013468823270714235 -0.0010444068562625152 0.19537377023666375 -3.0132263660832617e-05 -0.00049137338646698897 0
leaf_weight=34622 140 16780 30205 40392 832 739 7562 1121 18300 2862 37147 275 53 632 8338
leaf_count=34622 140 16780 30205 40392 832 739 7562 1121 18300 2862 37147 275 53 632 8338
internal_value=0.00279765 0.00520232 -0.000813569 0.00264873 0.00957695 0.00427123 -0.00596827 -0.00510999 0.00875884 -0.000122147 -0.000277943 0.00322282 0.000724153 -0.0156218 0.0127067
internal_weight=200000 120056 79944 75806 44250 41131 9455 8683 35080 70489 67352 3137 34675 772 9170
internal_count=200000 120056 79944 75806 44250 41131 9455 8683 35080 70489 67352 3137 34675 772 9170
is_linear=0
shrinkage=0.03


Tree=63
num_leaves=16
num_cat=0
split_feature=40 41 40 41 41 40 41 41 41 41 40 33 40 40 39
split_gain=1922.68 1489.48 307.218 263.448 125.889 103.282 87.244 43.6463 42.8727 38.0197 80.3987 27.2552 13.0502 10.4085 4.50793
threshold=0.02290768921375275 0.2099345996975899 0.21087211370468142 0.067907188087701811 0.37645918130874639 0.010374342557042839 0.21429927647113803 0.28111971914768225 0.4636219739913941 0.53295657038688671 1.0890555977821352 5.0499999523162851 0.00013099954230710867 0.028147136792540554 0.18750000000000003
decision_type=2 2 2 2 2 2 2 2 2 2 2 2 2 2 2
left_child=1 3 6 12 7 -5 13 -3 -8 10 -4 -11 -1 -2 -6
right_child=2 4 9 5 14 -7 8 -9 -10 11 -12 -13 -14 -15 -16
leaf_value=0 -0.00011469505347549072 0 1.9341344993830528e-05 0 0 -2.3169415972592988e-05 -0.00025251429922495413 0 0.0083920170424109479 0.0027751698861497075 -0.0014236068917518742 0.041041138163408861 -2.922829575100762e-05 -0.00047663218487297923 0
leaf_weight=34622 140 16780 29199 40572 832 559 7562 18300 1121 7573 32345 1372 53 632 8338
leaf_count=34622 140 16780 29199 40572 832 559 7562 18300 1121 7573 32345 1372 53 632 8338
internal_value=0.00280305 0.00520332 -0.000801561 0.00265032 0.00957695 0.00427415 -0.00587943 0.00875884 -0.00502015 -0.000120444 -0.000386065 0.0017071 0.000724153 -0.015544 0.0127067
internal_weight=200000 120056 79944 75806 44250 41131 9455 35080 8683 70489 61544 8945 34675 772 9170
internal_count=200000 120056 79944 75806 44250 41131 9455 35080 8683 70489 61544 8945 34675 772 9170
is_linear=0
shrinkage=0.03


Tree=64
num_leaves=16
num_cat=0
split_feature=40 41 40 41 41 40 41 41 41 41 40 6 40 40 39
split_gain=1919.31 1489.48 296.432 263.448 125.889 103.282 87.5596 43.6463 41.3711 36.026 41.8314 17.7123 13.0502 10.191 4.50793
threshold=0.02290768921375275 0.2099345996975899 0.21087211370468142 0.067907188087701811 0.37645918130874639 0.010374342557042839 0.21429927647113803 0.28111971914768225 0.4636219739913941 0.73569414019584667 1.0890555977821352 6.0714285373687753 0.00013099954230710867 0.028147136792540554 0.18750000000000003
decision_type=2 2 2 2 2 2 2 2 2 2 2 2 2 2 2
left_child=1 3 6 12 7 -5 13 -3 -8 10 -4 -11 -1 -2 -6
right_child=2 4 9 5 14 -7 8 -9 -10 11 -12 -13 -14 -15 -16
leaf_value=0 -0.00011125420187122604 0 1.6853823644674066e-05 0 0 -2.2474333493415194e-05 -0.00024493887024820557 0 0.0081402565311386177 0.024348561100744584 -0.00087460893994702193 0.18935889192723548 -2.8351446878477382e-05 -0.00046233321932678985 0
leaf_weight=34622 140 16780 30640 40572 832 559 7562 18300 1121 562 39063 224 53 632 8338
leaf_count=34622 140 16780 30640 40572 832 559 7562 18300 1121 562 39063 224 53 632 8338
internal_value=0.00280515 0.00520332 -0.000796307 0.00265032 0.00957695 0.00427415 -0.00578424 0.00875884 -0.00492341 -0.000127254 -0.000199274 0.00625954 0.000724153 -0.0154663 0.0127067
internal_weight=200000 120056 79944 75806 44250 41131 9455 35080 8683 70489 69703 786 34675 772 9170
internal_count=200000 120056 79944 75806 44250 41131 9455 35080 8683 70489 69703 786 34675 772 9170
is_linear=0
shrinkage=0.03


Tree=65
num_leaves=16
num_cat=0
split_feature=40 41 40 41 41 40 41 41 41 34 39 27 40 11 39
split_gain=1917.51 1488.4 315.727 261.314 129.752 109.922 82.7245 45.2784 43.7219 35.7276 35.6737 20.4823 16.4852 9.45343 4.31378
threshold=0.025896107777953151 0.2099345996975899 0.21087211370468142 0.067907188087701811 0.37645918130874639 0.010374342557042839 0.21429927647113803 0.4636219739913941 0.28111971914768225 1.0000000180025095e-35 0.79999998211860668 0.70386826992034923 0.00090574257774278532 0.94642856717109691 0.18750000000000003
decision_type=2 2 2 2 2 2 2 2 2 2 2 2 2 2 2
left_child=1 3 6 12 8 -5 13 -8 -3 11 -11 -4 -1 -2 -6
right_child=2 4 9 5 14 -7 7 -9 -10 10 -12 -13 -14 -15 -16
leaf_value=0 -0.00035309002317727002 0 0.021588687144374345 0 0 -2.3072466228331778e-05 -0.00033520991218199112 0.0078571460756524571 0 -1.8294656788001425e-05 0.093022870547643202 0.00024423419345426765 -3.2033269668155126e-05 -0.00018091360781359781 0
leaf_weight=34628 623 16856 565 40572 841 619 7288 1113 18425 69265 275 384 52 81 8413
leaf_count=34628 623 16856 565 40572 841 619 7288 1113 18425 69265 275 384 52 81 8413
internal_value=0.00281085 0.00519916 -0.000802071 0.0026437 0.00955271 0.00425918 -0.00605931 -0.00523152 0.00872339 -0.000122998 -0.000201898 0.00565859 0.000724913 -0.0159375 0.0127145
internal_weight=200000 120406 79594 75871 44535 41191 9105 8401 35281 70489 69540 949 34680 704 9254
internal_count=200000 120406 79594 75871 44535 41191 9105 8401 35281 70489 69540 949 34680 704 9254
is_linear=0
shrinkage=0.03


Tree=66
num_leaves=16
num_cat=0
split_feature=40 41 40 41 41 40 41 41 41 39 40 40 17 11 39
split_gain=1916.69 1486.69 315.388 261.92 129.752 104.392 81.4126 45.2784 43.7219 35.1293 37.15 14.3115 12.2307 9.28704 4.31378
threshold=0.025896107777953151 0.2099345996975899 0.21087211370468142 0.067907188087701811 0.37645918130874639 0.00090574257774278532 0.21429927647113803 0.4636219739913941 0.28111971914768225 0.79999998211860668 1.0890555977821352 0.00090574257774278532 1.0000000180025095e-35 0.94642856717109691 0.18750000000000003
decision_type=2 2 2 2 2 2 2 2 2 2 2 2 2 2 2
left_child=1 3 6 11 8 -5 13 -8 -3 10 -4 -1 -11 -2 -6
right_child=2 4 9 5 14 -7 7 -9 -10 12 -12 -13 -14 -15 -16
leaf_value=0 -0.00034249732248195182 0 1.6716286136697223e-05 0 0 -8.0445601072499444e-06 -0.00032515361481653135 0.0076214316933828838 0 0.047250879838198992 -0.00080038082929794775 -3.1072271578110474e-05 0.2180654835056611 -0.00017548619957918985 0
leaf_weight=34628 623 16856 30648 40077 841 1114 7288 1113 18425 163 39566 52 112 81 8413
leaf_count=34628 623 16856 30648 40077 841 1114 7288 1113 18425 163 39566 52 112 81 8413
internal_value=0.00281385 0.00520165 -0.000798301 0.00264765 0.00955271 0.00426501 -0.00605272 -0.00523152 0.00872339 -0.000119593 -0.000161506 0.000726644 0.0105818 -0.0158523 0.0127145
internal_weight=200000 120406 79594 75871 44535 41191 9105 8401 35281 70489 70214 34680 275 704 9254
internal_count=200000 120406 79594 75871 44535 41191 9105 8401 35281 70489 70214 34680 275 704 9254
is_linear=0
shrinkage=0.03


Tree=67
num_leaves=16
num_cat=0
split_feature=40 41 40 41 41 40 41 41 41 41 40 40 40 11 39
split_gain=1911.87 1485.67 314.892 262.567 129.752 103.457 78.8204 45.2784 43.7219 33.5349 99.3429 42.5233 14.3115 8.95868 4.31378
threshold=0.025896107777953151 0.2099345996975899 0.21087211370468142 0.067907188087701811 0.37645918130874639 0.0062920530326664456 0.21429927647113803 0.4636219739913941 0.28111971914768225 0.48220391571521765 1.0890555977821352 1.5180819630622866 0.00090574257774278532 0.94642856717109691 0.18750000000000003
decision_type=2 2 2 2 2 2 2 2 2 2 2 2 2 2 2
left_child=1 3 6 12 8 -5 13 -8 -3 10 -4 -11 -1 -2 -6
right_child=2 4 9 5 14 -7 7 -9 -10 11 -12 -13 -14 -15 -16
leaf_value=0 -0.00033222240280749316 0 1.9210057120418595e-05 0 0 -1.6716131938328983e-05 -0.00031539900637203539 0.0073927887425813965 0 -0.0012100854560861823 -0.0015085936568857729 0.007326119472687239 -3.0140103430767155e-05 -0.00017022161359181418 0
leaf_weight=34628 623 16856 27059 40392 841 799 7288 1113 18425 5429 27504 10497 52 81 8413
leaf_count=34628 623 16856 27059 40392 841 799 7288 1113 18425 5429 27504 10497 52 81 8413
internal_value=0.00281835 0.00520315 -0.000789255 0.00265002 0.00955271 0.00426938 -0.00603954 -0.00523152 0.00872339 -0.000111081 -0.000464601 0.00110009 0.000726644 -0.0156818 0.0127145
internal_weight=200000 120406 79594 75871 44535 41191 9105 8401 35281 70489 54563 15926 34680 704 9254
internal_count=200000 120406 79594 75871 44535 41191 9105 8401 35281 70489 54563 15926 34680 704 9254
is_linear=0
shrinkage=0.03


Tree=68
num_leaves=16
num_cat=0
split_feature=40 41 40 41 41 40 41 41 41 34 40 39 40 11 39
split_gain=1912.98 1484.99 314.012 262.999 129.752 100.626 77.54 44.4164 43.7219 34.0586 32.1393 19.2171 14.3115 8.79671 4.31378
threshold=0.025896107777953151 0.2099345996975899 0.21087211370468142 0.067907188087701811 0.37645918130874639 0.0062920530326664456 0.21429927647113803 0.4636219739913941 0.28111971914768225 1.0000000180025095e-35 1.0946327447891238 0.53392857313156139 0.00090574257774278532 0.94642856717109691 0.18750000000000003
decision_type=2 2 2 2 2 2 2 2 2 2 2 2 2 2 2
left_child=1 3 6 12 8 -5 13 -8 -3 11 -11 -4 -1 -2 -6
right_child=2 4 9 5 14 -7 7 -9 -10 10 -12 -13 -14 -15 -16
leaf_value=0 -0.00032225573072326832 0 0.010974300697162672 0 0 -1.6214647980179134e-05 -0.00030593703618087432 0.0071710050803039539 0 1.4357708926828159e-05 -0.00087400580664356961 0.06878774490902137 -2.9235900327844142e-05 -0.00016511496518405974 0
leaf_weight=34628 623 16856 846 40392 841 799 7288 1113 18425 30459 39081 103 52 81 8413
leaf_count=34628 623 16856 846 40392 841 799 7288 1113 18425 30459 39081 103 52 81 8413
internal_value=0.00281865 0.00520414 -0.000790009 0.00265161 0.00955271 0.00427229 -0.00603295 -0.00523152 0.00872339 -0.000112784 -0.000189819 0.00553214 0.000726644 -0.0155966 0.0127145
internal_weight=200000 120406 79594 75871 44535 41191 9105 8401 35281 70489 69540 949 34680 704 9254
internal_count=200000 120406 79594 75871 44535 41191 9105 8401 35281 70489 69540 949 34680 704 9254
is_linear=0
shrinkage=0.03


Tree=69
num_leaves=16
num_cat=0
split_feature=40 41 40 41 41 40 41 41 41 41 40 33 40 11 39
split_gain=1910.25 1484.31 306.792 262.959 129.752 100.212 77.2269 43.7219 43.3993 32.2809 42.6246 21.845 12.2914 8.63623 4.31378
threshold=0.025896107777953151 0.2099345996975899 0.21087211370468142 0.067907188087701811 0.37645918130874639 0.010374342557042839 0.21429927647113803 0.28111971914768225 0.4636219739913941 0.61834272742271434 1.0946327447891238 23.349999427795414 0.00090574257774278532 0.94642856717109691 0.18750000000000003
decision_type=2 2 2 2 2 2 2 2 2 2 2 2 2 2 2
left_child=1 3 6 12 7 -5 13 -3 -8 10 -4 -11 -1 -2 -6
right_child=2 4 9 5 14 -7 8 -9 -10 11 -12 -13 -14 -15 -16
leaf_value=0 -0.00031258805880157031 0 1.5320226188490683e-05 0 0 -2.1151032040709165e-05 -0.0002967589250954481 0 0.0069558749278948338 0.01463871890919456 -0.0010401428330043736 0.93463281470806825 -2.8358823318008813e-05 -0.000160161516228538 0
leaf_weight=34628 623 16856 30867 40572 841 619 7288 18425 1113 3081 36485 56 52 81 8413
leaf_count=34628 623 16856 30867 40572 841 619 7288 18425 1113 3081 36485 56 52 81 8413
internal_value=0.00282135 0.00520514 -0.000784733 0.00265319 0.00955271 0.00427375 -0.00596705 0.00872339 -0.00516724 -0.000115337 -0.00025389 0.00285942 0.000728374 -0.0155114 0.0127145
internal_weight=200000 120406 79594 75871 44535 41191 9105 35281 8401 70489 67352 3137 34680 704 9254
internal_count=200000 120406 79594 75871 44535 41191 9105 35281 8401 70489 67352 3137 34680 704 9254
is_linear=0
shrinkage=0.03


Tree=70
num_leaves=16
num_cat=0
split_feature=40 41 40 41 41 40 41 41 41 41 40 40 40 11 39
split_gain=1906.25 1483.97 299.833 263.175 129.752 99.4437 75.5441 43.7219 42.5052 31.1496 87.7187 41.0402 12.2914 8.31969 4.31378
threshold=0.025896107777953151 0.2099345996975899 0.21087211370468142 0.067907188087701811 0.37645918130874639 0.012340211775153877 0.21429927647113803 0.28111971914768225 0.4636219739913941 0.48220391571521765 1.0946327447891238 1.5180819630622866 0.00090574257774278532 0.94642856717109691 0.18750000000000003
decision_type=2 2 2 2 2 2 2 2 2 2 2 2 2 2 2
left_child=1 3 6 12 7 -5 13 -3 -8 10 -4 -11 -1 -2 -6
right_child=2 4 9 5 14 -7 8 -9 -10 11 -12 -13 -14 -15 -16
leaf_value=0 -0.00030321041703752321 0 1.7343777572787608e-05 0 0 -2.3341481845069021e-05 -0.00028785615734258462 0 0.0067471986800579885 -0.0012405254067895805 -0.0014848307756527548 0.0071069776588141426 -2.7508058618468561e-05 -0.00015535667074168184 0
leaf_weight=34628 623 16856 27371 40669 841 522 7288 18425 1113 5429 27192 10497 52 81 8413
leaf_count=34628 623 16856 27371 40669 841 522 7288 18425 1113 5429 27192 10497 52 81 8413
internal_value=0.00282435 0.00520564 -0.000777948 0.00265398 0.00955271 0.00427521 -0.00590115 0.00872339 -0.00511011 -0.000116188 -0.000456903 0.00105111 0.000728374 -0.0153409 0.0127145
internal_weight=200000 120406 79594 75871 44535 41191 9105 35281 8401 70489 54563 15926 34680 704 9254
internal_count=200000 120406 79594 75871 44535 41191 9105 35281 8401 70489 54563 15926 34680 704 9254
is_linear=0
shrinkage=0.03


Tree=71
num_leaves=16
num_cat=0
split_feature=40 41 40 41 41 40 41 41 41 40 40 40 40 40 39
split_gain=1904.96 1483.29 296.34 263.134 129.752 97.7165 72.0212 43.7219 42.2831 30.7214 79.1746 66.2013 10.4249 9.40325 4.31378
threshold=0.025896107777953151 0.2099345996975899 0.21087211370468142 0.067907188087701811 0.37645918130874639 0.012340211775153877 0.21429927647113803 0.28111971914768225 0.4636219739913941 1.0016598105430605 0.55894470214843761 1.3606827855110171 0.00090574257774278532 0.036641124635934837 0.18750000000000003
decision_type=2 2 2 2 2 2 2 2 2 2 2 2 2 2 2
left_child=1 3 6 12 7 -5 13 -3 -8 10 -4 -11 -1 -2 -6
right_child=2 4 9 5 14 -7 8 -9 -10 11 -12 -13 -14 -15 -16
leaf_value=0 -0.00011336405605543786 0 -0.0051028862608580913 0 0 -2.2641237389716959e-05 -0.00027922047262230712 0 0.0065447827196562476 -4.0575359354364791e-05 0.0005583593962610058 0.00071520403889013459 -2.6682816859914508e-05 -0.00081798688826267417 0
leaf_weight=34628 259 16856 7675 40669 841 522 7288 18425 1113 16623 14319 31872 52 445 8413
leaf_count=34628 259 16856 7675 40669 841 522 7288 18425 1113 16623 14319 31872 52 445 8413
internal_value=0.00282615 0.00520663 -0.000774933 0.00265556 0.00955271 0.00427666 -0.0058682 0.00872339 -0.00509582 -0.00011704 0.000812949 -0.000538818 0.000730104 -0.0150852 0.0127145
internal_weight=200000 120406 79594 75871 44535 41191 9105 35281 8401 70489 21994 48495 34680 704 9254
internal_count=200000 120406 79594 75871 44535 41191 9105 35281 8401 70489 21994 48495 34680 704 9254
is_linear=0
shrinkage=0.03


Tree=72
num_leaves=16
num_cat=0
split_feature=40 41 40 41 41 40 41 41 41 34 40 18 40 40 39
split_gain=1881.82 1482.95 279.416 263.35 129.752 96.0044 73.5812 43.7219 39.3419 30.1958 30.5649 20.7585 10.4249 10.019 4.31378
threshold=0.025896107777953151 0.2099345996975899 0.21087211370468142 0.067907188087701811 0.37645918130874639 0.012340211775153877 0.21429927647113803 0.28111971914768225 0.4636219739913941 1.0000000180025095e-35 1.0946327447891238 -0.93301272392272938 0.00090574257774278532 0.036641124635934837 0.18750000000000003
decision_type=2 2 2 2 2 2 2 2 2 2 2 2 2 2 2
left_child=1 3 6 12 7 -5 13 -3 -8 11 -11 -4 -1 -2 -6
right_child=2 4 9 5 14 -7 8 -9 -10 10 -12 -13 -14 -15 -16
leaf_value=0 -0.00010996313437377467 0 0.0012050582919483537 0 0 -2.1962000268025434e-05 -0.00027084385844363795 0 0.0063484392380665621 1.3787008168771735e-05 -0.00081838050440270966 0.021616808001724271 -2.5882332354117061e-05 -0.00079344728161479384 0
leaf_weight=34628 259 16856 443 40669 841 522 7288 18425 1113 30459 39081 506 52 445 8413
leaf_count=34628 259 16856 443 40669 841 522 7288 18425 1113 30459 39081 506 52 445 8413
internal_value=0.00284115 0.00520713 -0.000737995 0.00265635 0.00955271 0.00427812 -0.00568369 0.00872339 -0.00490299 -9.91644e-05 -0.0001717 0.00521602 0.000730104 -0.015 0.0127145
internal_weight=200000 120406 79594 75871 44535 41191 9105 35281 8401 70489 69540 949 34680 704 9254
internal_count=200000 120406 79594 75871 44535 41191 9105 35281 8401 70489 69540 949 34680 704 9254
is_linear=0
shrinkage=0.03


Tree=73
num_leaves=16
num_cat=0
split_feature=40 41 40 41 41 40 41 41 13 34 33 41 36 6 40
split_gain=1886.46 1493.18 295.366 261.208 133.043 100.277 74.4706 42.7756 30.2954 32.7922 32.4984 24.7374 24.7035 7.62147 7.53639
threshold=0.028147136792540554 0.2099345996975899 0.21087211370468142 0.067907188087701811 0.33684825897216802 0.0083537800237536448 0.21429927647113803 0.4636219739913941 2.7849999666213994 1.0000000180025095e-35 0.55000001192092907 0.37645918130874639 0.46428571641445165 0.5000000149011613 0.00090574257774278532
decision_type=2 2 2 2 2 2 2 2 2 2 2 2 2 2 2
left_child=1 3 6 14 12 -5 13 -8 10 -10 -4 -6 -3 -2 -1
right_child=2 4 8 5 11 -7 7 -9 9 -11 -12 -13 -14 -15 -16
leaf_value=0 -0.00030081831932698874 0 -0.0049642060147964545 0 0 -1.7914179372472616e-05 -0.00035300180989032194 0.0061213917892647129 0.018812975031161357 2.0151581201690651e-05 -3.2199013236705041e-05 0 0 -0.00076990839603044393 -2.3084798196686337e-05
leaf_weight=34628 560 21683 4899 40480 6760 776 7035 1104 699 32254 32637 9341 7017 72 55
leaf_count=34628 560 21683 4899 40480 6760 776 7035 1104 699 32254 32637 9341 7017 72 55
internal_value=0.00285345 0.0052141 -0.000742619 0.0026516 0.0095576 0.00426483 -0.00593433 -0.00516403 -9.66108e-05 0.000567171 -0.000679348 0.0117403 0.0083331 -0.0158544 0.000732636
internal_weight=200000 120740 79260 75939 44801 41256 8771 8139 70489 32953 37536 16101 28700 632 34683
internal_count=200000 120740 79260 75939 44801 41256 8771 8139 70489 32953 37536 16101 28700 632 34683
is_linear=0
shrinkage=0.03


Tree=74
num_leaves=16
num_cat=0
split_feature=40 41 40 41 41 40 41 41 40 40 7 41 36 40 6
split_gain=1854.93 1492.15 300.466 261.854 133.043 96.9247 73.1538 42.7756 32.0051 144.059 71.6614 24.7374 24.7035 7.53639 7.46478
threshold=0.028147136792540554 0.2099345996975899 0.21087211370468142 0.067907188087701811 0.33684825897216802 0.010374342557042839 0.21429927647113803 0.4636219739913941 1.1005694866180422 1.3606827855110171 0.94642856717109691 0.37645918130874639 0.46428571641445165 0.00090574257774278532 0.5000000149011613
decision_type=2 2 2 2 2 2 2 2 2 2 2 2 2 2 2
left_child=1 3 6 13 12 -5 14 -8 10 -10 -4 -6 -3 -1 -2
right_child=2 4 8 5 11 -7 7 -9 9 -11 -12 -13 -14 -15 -16
leaf_value=0 -0.00029179376974717902 0 -1.0085542561420642e-05 0 0 -2.0224214540906868e-05 -0.00034241175559361224 0.0059377500355867708 -0.0014630758859269892 0.00071573487253808507 4.0924934274709778e-05 0 0 -2.239225425078572e-05 -0.00074681114414953053
leaf_weight=34628 560 21683 22101 40572 6760 684 7035 1104 7304 31872 9212 9341 7017 55 72
leaf_count=34628 560 21683 22101 40572 6760 684 7035 1104 7304 31872 9212 9341 7017 55 72
internal_value=0.00287475 0.00521559 -0.000691143 0.00265397 0.0095576 0.0042692 -0.00592749 -0.00516403 -3.95806e-05 -0.000611088 0.000675438 0.0117403 0.0083331 0.000732636 -0.0157595
internal_weight=200000 120740 79260 75939 44801 41256 8771 8139 70489 39176 31313 16101 28700 34683 632
internal_count=200000 120740 79260 75939 44801 41256 8771 8139 70489 39176 31313 16101 28700 34683 632
is_linear=0
shrinkage=0.03


Tree=75
num_leaves=16
num_cat=0
split_feature=40 41 40 41 41 40 41 41 40 40 7 41 36 40 6
split_gain=1854.91 1491.13 299.855 262.5 133.043 95.129 71.8487 42.7756 30.5729 137.094 68.4864 24.7374 24.7035 7.53639 7.30971
threshold=0.028147136792540554 0.2099345996975899 0.21087211370468142 0.067907188087701811 0.33684825897216802 0.012340211775153877 0.21429927647113803 0.4636219739913941 1.1005694866180422 1.3606827855110171 0.94642856717109691 0.37645918130874639 0.46428571641445165 0.00090574257774278532 0.5000000149011613
decision_type=2 2 2 2 2 2 2 2 2 2 2 2 2 2 2
left_child=1 3 6 13 12 -5 14 -8 10 -10 -4 -6 -3 -1 -2
right_child=2 4 8 5 11 -7 7 -9 9 -11 -12 -13 -14 -15 -16
leaf_value=0 -0.00028303995665476366 0 -9.7829762845780357e-06 0 0 -2.0158988442583285e-05 -0.00033213940292580385 0.0057596175345191692 -0.0014191836093491795 0.0006942628263619427 3.9697186246468453e-05 0 0 -2.1720486623262175e-05 -0.00072440680982504473
leaf_weight=34628 560 21683 22101 40669 6760 587 7035 1104 7304 31872 9212 9341 7017 55 72
leaf_count=34628 560 21683 22101 40669 6760 587 7035 1104 7304 31872 9212 9341 7017 55 72
internal_value=0.00287625 0.00521708 -0.000689629 0.00265634 0.0095576 0.00427356 -0.00592065 -0.00516403 -3.87294e-05 -0.000597304 0.000660109 0.0117403 0.0083331 0.000732636 -0.0156646
internal_weight=200000 120740 79260 75939 44801 41256 8771 8139 70489 39176 31313 16101 28700 34683 632
internal_count=200000 120740 79260 75939 44801 41256 8771 8139 70489 39176 31313 16101 28700 34683 632
is_linear=0
shrinkage=0.03


Tree=76
num_leaves=16
num_cat=0
split_feature=40 41 40 41 41 40 41 41 40 40 8 41 36 40 40
split_gain=1856.33 1490.1 298.985 263.148 133.043 90.3932 70.5554 41.9329 30.22 134.185 66.9565 24.7374 24.7035 7.80169 7.53639
threshold=0.028147136792540554 0.2099345996975899 0.21087211370468142 0.067907188087701811 0.33684825897216802 0.012340211775153877 0.21429927647113803 0.4636219739913941 1.1005694866180422 1.3606827855110171 0.90178570151329052 0.37645918130874639 0.46428571641445165 0.036641124635934837 0.00090574257774278532
decision_type=2 2 2 2 2 2 2 2 2 2 2 2 2 2 2
left_child=1 3 6 14 12 -5 13 -8 10 -10 -4 -6 -3 -2 -1
right_child=2 4 8 5 11 -7 7 -9 9 -11 -12 -13 -14 -15 -16
leaf_value=0 -8.6585161497711104e-05 0 -1.5924821980672633e-05 0 0 -1.9554218789305764e-05 -0.00032217522083802973 0.0055868290084835947 -0.0013766081010687043 0.00067343494157108455 3.9220900579265032e-05 0 0 -0.00073349622532398585 -2.1068872024564319e-05
leaf_weight=34628 187 21683 20750 40669 6760 587 7035 1104 7304 31872 10563 9341 7017 445 55
leaf_count=34628 187 21683 20750 40669 6760 587 7035 1104 7304 31872 10563 9341 7017 445 55
internal_value=0.00287685 0.00521857 -0.000690386 0.00265871 0.0095576 0.00427792 -0.00591381 -0.00516403 -4.04318e-05 -0.000595773 0.000654361 0.0117403 0.0083331 -0.0155696 0.000732636
internal_weight=200000 120740 79260 75939 44801 41256 8771 8139 70489 39176 31313 16101 28700 632 34683
internal_count=200000 120740 79260 75939 44801 41256 8771 8139 70489 39176 31313 16101 28700 632 34683
is_linear=0
shrinkage=0.03


Tree=77
num_leaves=16
num_cat=0
split_feature=40 41 40 41 41 40 41 41 41 40 41 36 13 40 40
split_gain=1856.95 1489.42 294.305 263.58 133.043 87.3031 69.77 41.3661 29.6363 30.5943 24.7374 24.7035 7.7643 7.53639 7.51625
threshold=0.028147136792540554 0.2099345996975899 0.21087211370468142 0.067907188087701811 0.33684825897216802 0.012340211775153877 0.21429927647113803 0.4636219739913941 0.19844444841146472 1.1005694866180422 0.37645918130874639 0.46428571641445165 1.5099999904632571 0.00090574257774278532 0.036641124635934837
decision_type=2 2 2 2 2 2 2 2 2 2 2 2 2 2 2
left_child=1 3 6 13 11 -5 14 -8 12 -10 -6 -3 -4 -1 -2
right_child=2 4 8 5 10 -7 7 -9 9 -11 -12 -13 -14 -15 -16
leaf_value=0 -8.3987606652779763e-05 0 -0.019424741176827725 0 0 -1.8967592225626588e-05 -0.00031250996421288888 0.0054192241382290864 1.9481937804590801e-05 -0.00057385682106293376 0 0 -0.0099483516659867096 -2.0436805863827382e-05 -0.00071149133856426622
leaf_weight=34628 187 21683 60 40669 6760 587 7035 1104 30455 38686 9341 7017 1288 55 445
leaf_count=34628 187 21683 60 40669 6760 587 7035 1104 30455 38686 9341 7017 1288 55 445
internal_value=0.00287745 0.00521956 -0.000690386 0.00266029 0.0095576 0.00428083 -0.00587276 -0.00512717 -4.5539e-05 4.03523e-05 0.0117403 0.0083331 -0.00445104 0.000732636 -0.0154747
internal_weight=200000 120740 79260 75939 44801 41256 8771 8139 70489 69141 16101 28700 1348 34683 632
internal_count=200000 120740 79260 75939 44801 41256 8771 8139 70489 69141 16101 28700 1348 34683 632
is_linear=0
shrinkage=0.03


Tree=78
num_leaves=16
num_cat=0
split_feature=40 41 40 41 41 40 41 41 41 40 41 36 32 5 40
split_gain=1848.4 1489.42 285.814 263.58 133.043 87.3031 69.6828 40.0216 29.3677 34.6426 24.7374 24.7035 17.2416 7.60914 7.53639
threshold=0.028147136792540554 0.2099345996975899 0.21087211370468142 0.067907188087701811 0.33684825897216802 0.012340211775153877 0.21429927647113803 0.4636219739913941 0.73569414019584667 1.1005694866180422 0.37645918130874639 0.46428571641445165 1.5922025442123415 12.500000000000002 0.00090574257774278532
decision_type=2 2 2 2 2 2 2 2 2 2 2 2 2 2 2
left_child=1 3 6 14 11 -5 13 -8 9 -4 -6 -3 -10 -2 -1
right_child=2 4 8 5 10 -7 7 -9 12 -11 -12 -13 -14 -15 -16
leaf_value=0 -0.00020247346594309549 0 1.6697900722805589e-05 0 0 -1.8398564458857804e-05 -0.0003031346652865022 0.0052566474140822144 0.11701279981244669 -0.00081635373752876215 0 0 0.018958777037505356 -0.0011693020764227144 -1.9823701687912557e-05
leaf_weight=34628 563 21683 31304 40669 6760 587 7035 1104 328 38399 9341 7017 458 69 55
leaf_count=34628 563 21683 31304 40669 6760 587 7035 1104 328 38399 9341 7017 458 69 55
internal_value=0.00288285 0.00521956 -0.00067676 0.00266029 0.0095576 0.00428083 -0.00578383 -0.0050387 -4.1283e-05 -0.000106308 0.0117403 0.0083331 0.00572519 -0.0153797 0.000732636
internal_weight=200000 120740 79260 75939 44801 41256 8771 8139 70489 69703 16101 28700 786 632 34683
internal_count=200000 120740 79260 75939 44801 41256 8771 8139 70489 69703 16101 28700 786 632 34683
is_linear=0
shrinkage=0.03


Tree=79
num_leaves=16
num_cat=0
split_feature=40 41 40 41 41 40 41 41 34 40 41 36 27 40 40
split_gain=1845.39 1489.08 277.284 263.796 133.043 85.7783 68.1261 38.9182 28.1844 29.3529 24.7374 24.7035 20.9135 8.6169 7.53639
threshold=0.028147136792540554 0.2099345996975899 0.21087211370468142 0.067907188087701811 0.33684825897216802 0.012340211775153877 0.21429927647113803 0.4636219739913941 1.0000000180025095e-35 1.1005694866180422 0.37645918130874639 0.46428571641445165 0.70386826992034923 0.036641124635934837 0.00090574257774278532
decision_type=2 2 2 2 2 2 2 2 2 2 2 2 2 2 2
left_child=1 3 6 14 11 -5 13 -8 12 -10 -6 -3 -4 -2 -1
right_child=2 4 8 5 10 -7 7 -9 9 -11 -12 -13 -14 -15 -16
leaf_value=0 -7.5393774474903495e-05 0 0.019842325789090356 0 0 -1.7846607525092081e-05 -0.0002940406253279071 0.0050989479916597504 1.5237484148832233e-05 -0.00076968975051161807 0 0 -0.00048387469205929705 -0.00068407239442904528 -1.9228990637275166e-05
leaf_weight=34628 187 21683 565 40669 6760 587 7035 1104 30787 38753 9341 7017 384 445 55
leaf_count=34628 187 21683 565 40669 6760 587 7035 1104 30787 38753 9341 7017 384 445 55
internal_value=0.00288525 0.00522006 -0.000671461 0.00266108 0.0095576 0.00428229 -0.00570174 -0.00496498 -4.5539e-05 -0.000115617 0.0117403 0.0083331 0.00508957 -0.0151899 0.000732636
internal_weight=200000 120740 79260 75939 44801 41256 8771 8139 70489 69540 16101 28700 949 632 34683
internal_count=200000 120740 79260 75939 44801 41256 8771 8139 70489 69540 16101 28700 949 632 34683
is_linear=0
shrinkage=0.03


Tree=80
num_leaves=16
num_cat=0
split_feature=40 41 41 40 41 40 41 15 34 40 40 41 36 40 40
split_gain=1833.86 1488.74 264.012 260.039 133.043 84.6406 65.2578 42.545 27.0442 30.2379 29.3533 24.7374 24.7035 7.53639 7.47776
threshold=0.028147136792540554 0.2099345996975899 0.067907188087701811 0.21087211370468142 0.33684825897216802 0.00090574257774278532 0.21429927647113803 0.079634189605712905 0.15000000223517421 1.6908236145973208 1.1064068078994753 0.37645918130874639 0.46428571641445165 0.00090574257774278532 0.045411154627799995
decision_type=2 2 2 2 2 2 2 2 2 2 2 2 2 2 2
left_child=1 2 13 6 12 -4 14 -8 9 -5 -10 -6 -3 -1 -2
right_child=3 4 5 8 11 -7 7 -9 10 -11 -12 -13 -14 -15 -16
leaf_value=0 -8.6322897537834641e-05 0 0 0.0034531328672616829 0 -6.2847821726939712e-06 -0.00032123918258454369 0.025100251340035979 1.4635913505238323e-05 0.042101377932024599 -0.00087292930679820256 0 0 -1.865212091815692e-05 -0.00085912790410999716
leaf_weight=34628 261 21683 40077 1224 6760 1179 7902 237 30713 277 38275 9341 7017 55 371
leaf_count=34628 261 21683 40077 1224 6760 1179 7902 237 30713 277 38275 9341 7017 55 371
internal_value=0.00289305 0.00522056 0.00266187 -0.000652536 0.0095576 0.00428374 -0.00552389 -0.0048028 -4.63902e-05 0.00393738 -0.000133067 0.0117403 0.0083331 0.000732636 -0.0148101
internal_weight=200000 120740 75939 79260 44801 41256 8771 8139 70489 1501 68988 16101 28700 34683 632
internal_count=200000 120740 75939 79260 44801 41256 8771 8139 70489 1501 68988 16101 28700 34683 632
is_linear=0
shrinkage=0.03


Tree=81
num_leaves=16
num_cat=0
split_feature=40 41 40 41 41 40 41 41 41 39 40 6 17 40 39
split_gain=1836.54 1487.39 275.075 272.073 129.468 104.03 64.7017 38.2471 37.1042 27.9471 27.9751 22.661 9.4315 7.30728 5.03251
threshold=0.029631713405251506 0.21429927647113803 0.21087211370468142 0.067907188087701811 0.37645918130874639 0.012340211775153877 0.27254776656627661 0.28627495467662817 0.4636219739913941 0.79999998211860668 1.0016598105430605 0.6428571641445161 -0.22252074629068372 0.00090574257774278532 0.18750000000000003
decision_type=2 2 2 2 2 2 2 2 2 2 2 2 2 2 2
left_child=1 3 6 13 7 -5 11 -3 -8 10 -4 -2 -11 -1 -6
right_child=2 4 9 5 14 -7 8 -9 -10 12 -12 -13 -14 -15 -16
leaf_value=0 -0.00038530637274788608 0 0.00032648637470485543 0 0 -1.9377006376336997e-05 -0.00036739838074253788 0 0.0052957619576807667 0.029937936380528787 -2.6109787458220013e-05 -0.00073827535610007037 0.12734408836260308 -1.8092557290612219e-05 0
leaf_weight=34628 1009 17044 21993 41743 877 659 5990 17524 1085 121 48221 351 154 57 8544
leaf_count=34628 1009 17044 21993 41743 877 659 5990 17524 1085 121 48221 351 154 57 8544
internal_value=0.00289395 0.00521499 -0.000666717 0.00270318 0.00961672 0.00431513 -0.0057866 0.00876707 -0.00463463 -5.4051e-05 -9.14348e-05 -0.0117794 0.00949091 0.000732593 0.0127343
internal_weight=200000 121076 78924 77087 43989 42402 8435 34568 7075 70489 70214 1360 275 34685 9421
internal_count=200000 121076 78924 77087 43989 42402 8435 34568 7075 70489 70214 1360 275 34685 9421
is_linear=0
shrinkage=0.03


Tree=82
num_leaves=16
num_cat=0
split_feature=40 41 41 40 41 40 41 41 41 41 7 6 12 41 39
split_gain=1826.42 1487.06 271.81 262.497 129.468 104.03 65.7187 38.2471 35.038 25.8552 39.1053 22.056 21.0693 6.75557 5.03251
threshold=0.029631713405251506 0.21429927647113803 0.067907188087701811 0.21087211370468142 0.37645918130874639 0.012340211775153877 0.27254776656627661 0.28627495467662817 0.4636219739913941 0.61834272742271434 3.5178571939468388 0.6428571641445161 -0.87499999999999989 0.042139187455177314 0.18750000000000003
decision_type=2 2 2 2 2 2 2 2 2 2 2 2 2 2 2
left_child=1 2 13 6 7 -4 11 -3 -8 10 -5 -2 -11 -1 -6
right_child=3 4 5 9 14 -7 8 -9 -10 12 -12 -13 -14 -15 -16
leaf_value=0 -0.00037374718156544948 0 0 3.6027054894216188e-06 0 -1.8795696185046859e-05 -0.00035637642932026179 0 0.0051368890989503431 0.10167134270412946 -0.010489258227812244 -0.00071612709541706834 0.011839758373081235 0 0
leaf_weight=31562 1009 17044 41743 59493 877 659 5990 17524 1085 166 7859 351 2971 3123 8544
leaf_count=31562 1009 17044 41743 59493 877 659 5990 17524 1085 166 7859 351 2971 3123 8544
internal_value=0.00290085 0.00521548 0.00270396 -0.000649992 0.00961672 0.00431513 -0.00565145 0.00876707 -0.00449046 -5.14974e-05 -0.000175496 -0.0116912 0.00261077 0.000734323 0.0127343
internal_weight=200000 121076 77087 78924 43989 42402 8435 34568 7075 70489 67352 1360 3137 34685 9421
internal_count=200000 121076 77087 78924 43989 42402 8435 34568 7075 70489 67352 1360 3137 34685 9421
is_linear=0
shrinkage=0.03


Tree=83
num_leaves=16
num_cat=0
split_feature=40 41 41 40 41 40 41 41 7 34 40 37 27 41 39
split_gain=1814.61 1487.06 271.81 246.813 129.468 104.03 66.3848 38.2471 28.899 25.53 27.1881 23.2169 21.3775 6.75557 5.03251
threshold=0.029631713405251506 0.21429927647113803 0.067907188087701811 0.21087211370468142 0.37645918130874639 0.012340211775153877 0.3250755667686463 0.28627495467662817 0.089285716414451613 1.0000000180025095e-35 0.55894470214843761 0.93392857909202587 0.70386826992034923 0.042139187455177314 0.18750000000000003
decision_type=2 2 2 2 2 2 2 2 2 2 2 2 2 2 2
left_child=1 2 13 6 7 -4 11 -3 -8 12 -11 -2 -5 -1 -6
right_child=3 4 5 9 14 -7 8 -9 -10 10 -12 -13 -14 -15 -16
leaf_value=0 -0.00033303962667331907 0 0 0.019125540983230049 0 -1.8231825299495491e-05 0.0086631377159508537 0 -0.00035468536981588336 -0.0049631276174259198 3.6931646826626924e-06 -0.00066039591376120996 -0.00077335588738530129 0 0
leaf_weight=31562 2082 17044 41743 565 877 659 324 17524 5518 7436 62104 511 384 3123 8544
leaf_count=31562 2082 17044 41743 565 877 659 324 17524 5518 7436 62104 511 384 3123 8544
internal_value=0.00290835 0.00521548 0.00270396 -0.000630987 0.00961672 0.00431513 -0.00548074 0.00876707 -0.00370763 -5.06462e-05 -0.000117343 -0.00947551 0.00483667 0.000734323 0.0127343
internal_weight=200000 121076 77087 78924 43989 42402 8435 34568 5842 70489 69540 2593 949 34685 9421
internal_count=200000 121076 77087 78924 43989 42402 8435 34568 5842 70489 69540 2593 949 34685 9421
is_linear=0
shrinkage=0.03


Tree=84
num_leaves=16
num_cat=0
split_feature=40 41 41 40 41 40 41 41 41 41 40 37 32 41 39
split_gain=1815.39 1486.72 272.025 245.29 129.468 102.459 63.0552 38.2471 26.2222 24.9997 29.2893 23.203 17.8522 6.75557 5.03251
threshold=0.029631713405251506 0.21429927647113803 0.067907188087701811 0.21087211370468142 0.37645918130874639 0.012340211775153877 0.3250755667686463 0.28627495467662817 0.4636219739913941 0.73569414019584667 1.1064068078994753 0.93392857909202587 1.5922025442123415 0.042139187455177314 0.18750000000000003
decision_type=2 2 2 2 2 2 2 2 2 2 2 2 2 2 2
left_child=1 2 13 6 7 -4 11 -3 -8 10 -5 -2 -11 -1 -6
right_child=3 4 5 9 14 -7 8 -9 -10 12 -12 -13 -14 -15 -16
leaf_value=0 -0.00032304843787311953 0 0 1.5002231030033439e-05 0 -1.7684870540510614e-05 -0.00031964847208327613 0 0.004807449949297141 0.11319717413728342 -0.00083407731536095818 -0.00064058403634837378 0.018084772045590333 0 0
leaf_weight=31562 2082 17044 41743 31636 877 659 4757 17524 1085 328 38067 511 458 3123 8544
leaf_count=31562 2082 17044 41743 31636 877 659 4757 17524 1085 328 38067 511 458 3123 8544
internal_value=0.00290835 0.00521598 0.00270474 -0.000631747 0.00961672 0.00431654 -0.00546651 0.00876707 -0.00373845 -5.31998e-05 -0.000113195 -0.00935981 0.00526718 0.000734323 0.0127343
internal_weight=200000 121076 77087 78924 43989 42402 8435 34568 5842 70489 69703 2593 786 34685 9421
internal_count=200000 121076 77087 78924 43989 42402 8435 34568 5842 70489 69703 2593 786 34685 9421
is_linear=0
shrinkage=0.03


Tree=85
num_leaves=16
num_cat=0
split_feature=40 41 41 40 41 40 41 41 41 41 40 6 40 13 8
split_gain=1812.97 1493.44 270.705 257.587 130.982 107.864 54.0398 39.7366 39.7117 24.9654 26.9821 13.6108 10.426 8.29732 5.77482
threshold=0.0312474649399519 0.21429927647113803 0.067907188087701811 0.21087211370468142 0.37645918130874639 0.00090574257774278532 0.23123602569103244 0.4636219739913941 0.28627495467662817 0.19844444841146472 1.0016598105430605 0.5000000149011613 0.0083537800237536448 1.5099999904632571 0.68750000000000011
decision_type=2 2 2 2 2 2 2 2 2 2 2 2 2 2 2
left_child=1 2 12 6 8 -4 11 -8 -3 13 -11 -2 -1 -5 -6
right_child=3 4 5 9 14 -7 7 -9 -10 10 -12 -13 -14 -15 -16
leaf_value=0 -0.00045203490156723127 0 0 -0.018539073786752357 0 -7.5032694037622067e-06 -0.00047252579861113518 0.0048491994885973928 0 0.00035734268660122615 -1.9185317409029226e-05 -0.00046556731885291066 -4.5532675648806723e-05 -0.0095127571657723665 0
leaf_weight=34637 523 17099 41134 60 9557 1332 6300 1009 17633 21189 47952 182 52 1288 53
leaf_count=34637 523 17099 41134 60 9557 1332 6300 1009 17633 21189 47952 182 52 1288 53
internal_value=0.00292245 0.0052184 0.00269691 -0.000630931 0.00960579 0.00430297 -0.00572748 -0.00496238 0.00874813 -5.14974e-05 2.73354e-05 -0.0136596 0.000730779 -0.00409496 0.0127055
internal_weight=200000 121497 77155 78503 44342 42466 8014 7309 34732 70489 69141 705 34689 1348 9610
internal_count=200000 121497 77155 78503 44342 42466 8014 7309 34732 70489 69141 705 34689 1348 9610
is_linear=0
shrinkage=0.03


Tree=86
num_leaves=16
num_cat=0
split_feature=40 41 41 40 41 40 41 41 41 41 40 6 40 13 8
split_gain=1795.33 1479.5 270.989 251.781 131.165 106.937 55.7105 37.8158 34.1983 24.997 25.6418 15.6057 8.42934 8.29732 7.41833
threshold=0.03227509185671807 0.21429927647113803 0.067907188087701811 0.21087211370468142 0.37645918130874639 0.012340211775153877 0.23123602569103244 0.28627495467662817 0.4636219739913941 0.19844444841146472 1.0016598105430605 0.5000000149011613 0.0083537800237536448 1.5099999904632571 0.68750000000000011
decision_type=2 2 2 2 2 2 2 2 2 2 2 2 2 2 2
left_child=1 2 12 6 7 -4 11 -3 -8 13 -11 -2 -1 -5 -6
right_child=3 4 5 9 14 -7 8 -9 -10 10 -12 -13 -14 -15 -16
leaf_value=0 -0.00049230217216225485 0 0 -0.017982901573149787 0 -1.8258267545589145e-05 -0.0005369488988130357 0 0.0044390753048580501 0.00034662240600318939 -1.8609757886758371e-05 -0.00046484795596204466 -3.9658256113512965e-05 -0.0092273744507991948 0
leaf_weight=34637 494 17128 41743 60 9765 749 6089 17699 917 21189 47952 181 54 1288 55
leaf_count=34637 494 17128 41743 60 9765 749 6089 17699 917 21189 47952 181 54 1288 55
internal_value=0.00293745 0.00521423 0.00269982 -0.000610976 0.009561 0.00430599 -0.00576878 0.00869756 -0.00497574 -4.89438e-05 2.99388e-05 -0.014 0.000732467 -0.00409496 0.0126232
internal_weight=200000 121830 77183 78170 44647 42492 7681 34827 7006 70489 69141 675 34691 1348 9820
internal_count=200000 121830 77183 78170 44647 42492 7681 34827 7006 70489 69141 675 34691 1348 9820
is_linear=0
shrinkage=0.03


Tree=87
num_leaves=16
num_cat=0
split_feature=40 41 41 40 41 40 41 41 41 40 40 4 6 40 8
split_gain=1788.85 1478.83 271.418 249.099 131.165 103.962 52.2821 37.8158 30.7536 24.6572 72.7615 24.7328 20.9097 8.42934 7.41833
threshold=0.03227509185671807 0.21429927647113803 0.067907188087701811 0.21087211370468142 0.37645918130874639 0.012340211775153877 0.27254776656627661 0.28627495467662817 0.4636219739913941 0.55894470214843761 0.99858868122100841 2.5000000000000004 0.6428571641445161 0.0083537800237536448 0.68750000000000011
decision_type=2 2 2 2 2 2 2 2 2 2 2 2 2 2 2
left_child=1 2 13 6 7 -4 12 -3 -8 11 -11 -5 -2 -1 -6
right_child=3 4 5 9 14 -7 8 -9 -10 10 -12 -13 -14 -15 -16
leaf_value=0 -0.00054122171322859038 0 0 -0.0047227517593413162 0 -1.7710519519221443e-05 -0.0005036482581524947 0 0.004305903045712307 0.00057870662923222005 -2.0796175616199438e-05 -0.007126401915701343 -0.00065370154979479023 -3.8468508430107557e-05 0
leaf_weight=34637 849 17128 41743 7511 9765 749 5565 17699 917 13986 48828 164 350 54 55
leaf_count=34637 849 17128 41743 7511 9765 749 5565 17699 917 13986 48828 164 350 54 55
internal_value=0.00294255 0.00521522 0.00270137 -0.000599463 0.009561 0.00430881 -0.00572972 0.00869756 -0.00466523 -4.04318e-05 0.000155698 -0.0016456 -0.0114846 0.000732467 0.0126232
internal_weight=200000 121830 77183 78170 44647 42492 7681 34827 6482 70489 62814 7675 1199 34691 9820
internal_count=200000 121830 77183 78170 44647 42492 7681 34827 6482 70489 62814 7675 1199 34691 9820
is_linear=0
shrinkage=0.03


Tree=88
num_leaves=16
num_cat=0
split_feature=40 41 41 40 41 40 41 41 41 40 40 4 6 40 8
split_gain=1779.25 1478.5 271.632 241.619 131.165 102.49 50.3662 37.8158 29.8654 24.8931 71.7818 24.7328 20.7154 8.42934 7.41833
threshold=0.03227509185671807 0.21429927647113803 0.067907188087701811 0.21087211370468142 0.37645918130874639 0.012340211775153877 0.27254776656627661 0.28627495467662817 0.4636219739913941 0.55894470214843761 0.99858868122100841 2.5000000000000004 0.6428571641445161 0.0083537800237536448 0.68750000000000011
decision_type=2 2 2 2 2 2 2 2 2 2 2 2 2 2 2
left_child=1 2 13 6 7 -4 12 -3 -8 11 -11 -5 -2 -1 -6
right_child=3 4 5 9 14 -7 8 -9 -10 10 -12 -13 -14 -15 -16
leaf_value=0 -0.00052498506183173272 0 0 -0.0045810692065610765 0 -1.7179203933644795e-05 -0.00048853881040791976 0 0.0041767259543409371 0.00056134543035525348 -2.0172290347713268e-05 -0.006912609858230302 -0.00063409050330094641 -3.7314453177204349e-05 0
leaf_weight=34637 849 17128 41743 7511 9765 749 5565 17699 917 13986 48828 164 350 54 55
leaf_count=34637 849 17128 41743 7511 9765 749 5565 17699 917 13986 48828 164 350 54 55
internal_value=0.00294915 0.00521571 0.00270215 -0.000583344 0.009561 0.00431022 -0.00563598 0.00869756 -0.00459118 -3.27711e-05 0.000164295 -0.0016456 -0.0112844 0.000732467 0.0126232
internal_weight=200000 121830 77183 78170 44647 42492 7681 34827 6482 70489 62814 7675 1199 34691 9820
internal_count=200000 121830 77183 78170 44647 42492 7681 34827 6482 70489 62814 7675 1199 34691 9820
is_linear=0
shrinkage=0.03


Tree=89
num_leaves=16
num_cat=0
split_feature=40 41 41 40 41 40 41 41 41 40 40 4 6 40 8
split_gain=1769.03 1477.83 272.061 234.397 131.165 99.5776 48.4861 37.8158 28.9902 25.183 70.343 24.7328 20.5219 8.42934 7.41833
threshold=0.03227509185671807 0.21429927647113803 0.067907188087701811 0.21087211370468142 0.37645918130874639 0.012340211775153877 0.27254776656627661 0.28627495467662817 0.4636219739913941 0.55894470214843761 0.99858868122100841 2.5000000000000004 0.6428571641445161 0.0083537800237536448 0.68750000000000011
decision_type=2 2 2 2 2 2 2 2 2 2 2 2 2 2 2
left_child=1 2 13 6 7 -4 12 -3 -8 11 -11 -5 -2 -1 -6
right_child=3 4 5 9 14 -7 8 -9 -10 10 -12 -13 -14 -15 -16
leaf_value=0 -0.00050923550997678067 0 0 -0.004443637130364244 0 -1.666382781563544e-05 -0.00047388264609568229 0 0.0040514241757107095 0.00054450506744459573 -1.956712163728176e-05 -0.0067052315624833939 -0.00061506778820191808 -3.6195019581888223e-05 0
leaf_weight=34637 849 17128 41743 7511 9765 749 5565 17699 917 13986 48828 164 350 54 55
leaf_count=34637 849 17128 41743 7511 9765 749 5565 17699 917 13986 48828 164 350 54 55
internal_value=0.00295665 0.0052167 0.0027037 -0.00056569 0.009561 0.00431305 -0.00554225 0.00869756 -0.00451712 -2.34079e-05 0.000174802 -0.0016456 -0.0110842 0.000732467 0.0126232
internal_weight=200000 121830 77183 78170 44647 42492 7681 34827 6482 70489 62814 7675 1199 34691 9820
internal_count=200000 121830 77183 78170 44647 42492 7681 34827 6482 70489 62814 7675 1199 34691 9820
is_linear=0
shrinkage=0.03


Tree=90
num_leaves=16
num_cat=0
split_feature=40 41 41 40 41 40 41 41 41 40 40 8 25 40 8
split_gain=1753.87 1477.49 272.276 220.798 131.165 98.1373 46.2654 37.8158 27.2788 25.5743 126.557 65.6544 19.1779 8.42934 7.41833
threshold=0.03227509185671807 0.21429927647113803 0.067907188087701811 0.21087211370468142 0.37645918130874639 0.012340211775153877 0.27254776656627661 0.28627495467662817 0.4636219739913941 1.1064068078994753 1.3606827855110171 0.90178570151329052 8.5000000000000018 0.0083537800237536448 0.68750000000000011
decision_type=2 2 2 2 2 2 2 2 2 2 2 2 2 2 2
left_child=1 2 13 6 7 -4 12 -3 -8 11 -11 -5 -2 -1 -6
right_child=3 4 5 9 14 -7 8 -9 -10 10 -12 -13 -14 -15 -16
leaf_value=0 -0.00047614828440769945 0 0 -1.8590089096017392e-05 0 -1.6163912981166373e-05 -0.0004596661667128117 0 0.0039298814504393886 -0.0013165543761099717 0.00079885789819062619 3.8147075312242837e-05 -0.00070550447257965577 -3.51091689944316e-05 0
leaf_weight=34637 1061 17128 41743 20853 9765 749 5565 17699 917 6972 31872 10792 138 54 55
leaf_count=34637 1061 17128 41743 20853 9765 749 5565 17699 917 6972 31872 10792 138 54 55
internal_value=0.00296685 0.00521719 0.00270448 -0.000540361 0.009561 0.00431446 -0.00537039 0.00869756 -0.00436902 -1.40447e-05 -0.000529812 0.000619055 -0.010784 0.000732467 0.0126232
internal_weight=200000 121830 77183 78170 44647 42492 7681 34827 6482 70489 38844 31645 1199 34691 9820
internal_count=200000 121830 77183 78170 44647 42492 7681 34827 6482 70489 38844 31645 1199 34691 9820
is_linear=0
shrinkage=0.03


Tree=91
num_leaves=16
num_cat=0
split_feature=40 41 41 40 41 40 12 40 41 40 40 4 8 40 40
split_gain=1757.67 1471.86 272.243 233.721 130.119 94.3294 53.0706 38.7678 37.071 25.2888 69.736 24.7328 11.6942 8.78036 7.53731
threshold=0.036641124635934837 0.21429927647113803 0.067907188087701811 0.21087211370468142 0.37645918130874639 0.00090574257774278532 -0.69642856717109669 0.016057942062616352 0.4636219739913941 0.55894470214843761 0.99858868122100841 2.5000000000000004 0.7053571641445161 0.049042338505387313 0.0083537800237536448
decision_type=2 2 2 2 2 2 2 2 2 2 2 2 2 2 2
left_child=1 2 14 6 7 -4 13 -3 -8 11 -11 -5 -6 -2 -1
right_child=3 4 5 9 12 -7 8 -9 -10 10 -12 -13 -14 -15 -16
leaf_value=0 -0.00011838213028960008 0 0 -0.0043097703137804358 0 -6.5638186835853665e-06 -0.0005199643847934723 5.7721761264325691e-06 0.0039836466871180443 0.00052790807247825831 -1.9501117413339188e-05 -0.0065052190278682585 0 -0.001029094480563871 -3.299920136160131e-05
leaf_weight=34637 59 33482 41134 7511 9887 1402 6158 1515 890 13986 48828 164 51 241 55
leaf_count=34637 59 33482 41134 7511 9887 1402 6158 1515 890 13986 48828 164 51 241 55
internal_value=0.00297255 0.00521746 0.00270562 -0.000550766 0.00953444 0.00431423 -0.00564235 0.00867417 -0.00511635 -2.00031e-05 0.000178623 -0.0016456 0.0125639 -0.018 0.00073331
internal_weight=200000 122163 77228 77837 44935 42536 7348 34997 7048 70489 62814 7675 9938 300 34692
internal_count=200000 122163 77228 77837 44935 42536 7348 34997 7048 70489 62814 7675 9938 300 34692
is_linear=0
shrinkage=0.03


Tree=92
num_leaves=16
num_cat=0
split_feature=40 41 41 40 41 40 12 40 41 40 40 8 8 40 40
split_gain=1752.85 1469.8 272.458 230.62 130.463 93.3118 50.0304 40.6681 36.7409 25.4744 123.494 62.4296 11.6942 9.83349 7.53731
threshold=0.036641124635934837 0.21429927647113803 0.067907188087701811 0.21087211370468142 0.37645918130874639 0.00090574257774278532 -0.69642856717109669 0.016057942062616352 0.4636219739913941 1.1064068078994753 1.3606827855110171 0.91964283585548412 0.7053571641445161 0.053093764930963523 0.0083537800237536448
decision_type=2 2 2 2 2 2 2 2 2 2 2 2 2 2 2
left_child=1 2 14 6 7 -4 13 -3 -8 11 -11 -5 -6 -2 -1
right_child=3 4 5 9 12 -7 8 -9 -10 10 -12 -13 -14 -15 -16
leaf_value=0 -0.00012061255477771794 0 0 -1.4604444067331835e-05 0 -6.366904123077826e-06 -0.00050436545324966805 5.5990108426395499e-06 0.0038641372865045034 -0.0012764727113042725 0.00077547719476730721 3.7835577982746061e-05 0 -0.0011393462519565802 -3.2009225320753264e-05
leaf_weight=34637 74 33482 41134 21501 9887 1402 6158 1515 890 6972 31872 10144 51 226 55
leaf_count=34637 74 33482 41134 21501 9887 1402 6158 1515 890 6972 31872 10144 51 226 55
internal_value=0.00297465 0.00521647 0.0027064 -0.000543829 0.00953043 0.00431564 -0.00560152 0.00866903 -0.00509081 -1.65983e-05 -0.000531356 0.000615263 0.0125639 -0.0176 0.00073331
internal_weight=200000 122163 77228 77837 44935 42536 7348 34997 7048 70489 38844 31645 9938 300 34692
internal_count=200000 122163 77228 77837 44935 42536 7348 34997 7048 70489 38844 31645 9938 300 34692
is_linear=0
shrinkage=0.03


Tree=93
num_leaves=16
num_cat=0
split_feature=40 41 41 40 41 40 12 40 41 40 40 4 8 40 40
split_gain=1750.46 1463.39 272.887 228.391 131.614 93.0878 48.5775 47.3309 36.5216 25.3153 67.8182 24.7328 11.6942 11.1398 7.53731
threshold=0.036641124635934837 0.21429927647113803 0.067907188087701811 0.21087211370468142 0.37645918130874639 0.012340211775153877 -0.69642856717109669 0.016057942062616352 0.4636219739913941 0.55894470214843761 0.99559384584426891 2.5000000000000004 0.7053571641445161 0.053093764930963523 0.0083537800237536448
decision_type=2 2 2 2 2 2 2 2 2 2 2 2 2 2 2
left_child=1 2 14 6 7 -4 13 -3 -8 11 -11 -5 -6 -2 -1
right_child=3 4 5 9 12 -7 8 -9 -10 10 -12 -13 -14 -15 -16
leaf_value=0 -0.00011699417813438646 0 0 -0.0041800390710450032 0 -1.475859290219348e-05 -0.00048923448965217803 5.4310405173603122e-06 0.0037482131679093694 0.00059532801973809625 -1.814502047934069e-05 -0.0063111975243716929 0 -0.0011051658643978829 -3.1048948561130676e-05
leaf_weight=34637 74 33482 41743 7511 9887 793 6158 1515 890 13653 49161 164 51 226 55
leaf_count=34637 74 33482 41743 7511 9887 793 6158 1515 890 13653 49161 164 51 226 55
internal_value=0.00297225 0.00521254 0.00270796 -0.000543829 0.00951708 0.00431846 -0.00557703 0.00865188 -0.00507378 -1.91519e-05 0.000179578 -0.0016456 0.0125639 -0.0174 0.00073331
internal_weight=200000 122163 77228 77837 44935 42536 7348 34997 7048 70489 62814 7675 9938 300 34692
internal_count=200000 122163 77228 77837 44935 42536 7348 34997 7048 70489 62814 7675 9938 300 34692
is_linear=0
shrinkage=0.03


Tree=94
num_leaves=16
num_cat=0
split_feature=40 41 41 40 41 40 40 12 41 40 40 4 8 40 40
split_gain=1746.54 1461.24 273.532 228.28 131.845 89.3143 48.7241 48.6446 36.4122 25.5277 67.2653 24.7328 11.6942 11.1398 7.53731
threshold=0.036641124635934837 0.21429927647113803 0.067907188087701811 0.21087211370468142 0.37645918130874639 0.0062920530326664456 0.016057942062616352 -0.69642856717109669 0.4636219739913941 0.55894470214843761 0.99559384584426891 2.5000000000000004 0.7053571641445161 0.053093764930963523 0.0083537800237536448
decision_type=2 2 2 2 2 2 2 2 2 2 2 2 2 2 2
left_child=1 2 14 7 6 -4 -3 13 -9 11 -11 -5 -6 -2 -1
right_child=3 4 5 9 12 -7 -8 8 -10 10 -12 -13 -14 -15 -16
leaf_value=0 -0.00011348435279035493 0 0 -0.0040546378989136534 0 -1.1264934374880519e-05 5.2681093018394979e-06 -0.00047455745496261274 0.003635766772872087 0.00057746817914595332 -1.760066986496056e-05 -0.0061218615986405435 0 -0.0010720108884659464 -3.0117480104296742e-05
leaf_weight=34637 74 33482 41457 7511 9887 1079 1515 6158 890 13653 49161 164 51 226 55
leaf_count=34637 74 33482 41457 7511 9887 1079 1515 6158 890 13653 49161 164 51 226 55
internal_value=0.00297525 0.00521304 0.00271029 -0.000536891 0.00951441 0.00432269 0.00864846 -0.00556886 -0.00506527 -1.23424e-05 0.000187219 -0.0016456 0.0125639 -0.0174 0.00073331
internal_weight=200000 122163 77228 77837 44935 42536 34997 7348 7048 70489 62814 7675 9938 300 34692
internal_count=200000 122163 77228 77837 44935 42536 34997 7348 7048 70489 62814 7675 9938 300 34692
is_linear=0
shrinkage=0.03


Tree=95
num_leaves=16
num_cat=0
split_feature=40 41 41 40 41 40 40 12 41 40 40 4 8 40 40
split_gain=1740.62 1460.67 273.532 226.161 131.961 89.3143 49.4282 45.6709 36.194 25.741 66.7145 24.7328 11.6942 10.2751 7.53731
threshold=0.036641124635934837 0.21429927647113803 0.067907188087701811 0.21087211370468142 0.37645918130874639 0.0062920530326664456 0.016057942062616352 -0.69642856717109669 0.4636219739913941 0.55894470214843761 0.99559384584426891 2.5000000000000004 0.7053571641445161 0.053093764930963523 0.0083537800237536448
decision_type=2 2 2 2 2 2 2 2 2 2 2 2 2 2 2
left_child=1 2 14 7 6 -4 -3 13 -9 11 -11 -5 -6 -2 -1
right_child=3 4 5 9 12 -7 -8 8 -10 10 -12 -13 -14 -15 -16
leaf_value=0 -0.00011007982220664423 0 0 -0.0039329987619462431 0 -1.092698634363412e-05 5.1100660227842638e-06 -0.00046032073131373446 0.0035266937696859227 0.0005601441337715747 -1.707264976901171e-05 -0.0059382057506813263 0 -0.001039850561811968 -2.9213955701167855e-05
leaf_weight=34637 74 33482 41457 7511 9887 1079 1515 6158 890 13653 49161 164 51 226 55
leaf_count=34637 74 33482 41457 7511 9887 1079 1515 6158 890 13653 49161 164 51 226 55
internal_value=0.00297855 0.00521254 0.00271029 -0.000527641 0.00951307 0.00432269 0.00864674 -0.0055362 -0.00504824 -5.53278e-06 0.000194861 -0.0016456 0.0125639 -0.017 0.00073331
internal_weight=200000 122163 77228 77837 44935 42536 34997 7348 7048 70489 62814 7675 9938 300 34692
internal_count=200000 122163 77228 77837 44935 42536 34997 7348 7048 70489 62814 7675 9938 300 34692
is_linear=0
shrinkage=0.03


Tree=96
num_leaves=16
num_cat=0
split_feature=40 41 41 40 41 40 40 41 12 40 40 7 8 8 40
split_gain=1731.92 1459.19 273.747 223.733 132.192 88.1818 50.8517 41.9851 36.4094 26.7634 118.306 62.3775 12.0081 11.6942 7.53731
threshold=0.036641124635934837 0.21429927647113803 0.067907188087701811 0.21087211370468142 0.37645918130874639 0.0062920530326664456 0.016057942062616352 0.4636219739913941 -0.6607142686843871 1.1064068078994753 1.3606827855110171 0.94642856717109691 0.75892856717109691 0.7053571641445161 0.0083537800237536448
decision_type=2 2 2 2 2 2 2 2 2 2 2 2 2 2 2
left_child=1 2 14 7 6 -4 -3 8 -2 11 -11 -5 -9 -6 -1
right_child=3 4 5 9 13 -7 -8 12 -10 10 -12 -13 -14 -15 -16
leaf_value=0 -0.00058684633957276425 0 0 -9.3183339865763454e-06 0 -1.0599176753325073e-05 4.9567640421007558e-06 0.0042443425546713374 -0.00044667240018248151 -0.0012365939797617451 0.00075379742912768722 3.7334605113162857e-05 -0.022561138921218742 0 -2.8337537030132827e-05
leaf_weight=34637 315 33482 41457 22213 9887 1079 1515 841 6141 6972 31872 9432 51 51 55
leaf_count=34637 315 33482 41457 22213 9887 1079 1515 841 6141 6972 31872 9432 51 51 55
internal_value=0.00298365 0.00521205 0.00271106 -0.000513766 0.0095104 0.0043241 0.00864331 -0.00549537 -0.00633829 5.53278e-06 -0.000522088 0.000653184 0.000605381 0.0125639 0.00073331
internal_weight=200000 122163 77228 77837 44935 42536 34997 7348 6456 70489 38844 31645 892 9938 34692
internal_count=200000 122163 77228 77837 44935 42536 34997 7348 6456 70489 38844 31645 892 9938 34692
is_linear=0
shrinkage=0.03


Tree=97
num_leaves=16
num_cat=0
split_feature=40 41 41 40 41 40 40 41 12 9 40 40 8 8 40
split_gain=1724.93 1458.28 273.962 218.93 132.307 87.7615 51.5711 41.0908 35.5643 26.3592 34.9623 32.2752 12.0081 11.6942 7.53731
threshold=0.036641124635934837 0.21429927647113803 0.067907188087701811 0.21087211370468142 0.37645918130874639 0.012340211775153877 0.016057942062616352 0.4636219739913941 -0.6607142686843871 1.3014668822288515 1.286999583244324 0.55894470214843761 0.75892856717109691 0.7053571641445161 0.0083537800237536448
decision_type=2 2 2 2 2 2 2 2 2 2 2 2 2 2 2
left_child=1 2 14 7 6 -4 -3 8 -2 11 -11 -5 -9 -6 -1
right_child=3 4 5 9 13 -7 -8 12 -10 10 -12 -13 -14 -15 -16
leaf_value=0 -0.00056924094938558137 0 0 -0.003833302298570655 0 -1.333210219097259e-05 4.808061120837731e-06 0.0041170122780311976 -0.00043327222817700708 -0.012801653387848225 -0.004198479631245507 2.2129975837756576e-05 -0.02188430475358218 0 -2.7487410919228867e-05
leaf_weight=34637 315 33482 41743 7610 9887 793 1515 841 6141 267 11393 51219 51 51 55
leaf_count=34637 315 33482 41743 7610 9887 793 1515 841 6141 267 11393 51219 51 51 55
internal_value=0.00298815 0.00521205 0.00271184 -0.000502203 0.00950907 0.00432551 0.0086416 -0.00543005 -0.00626394 1.14912e-05 -0.0012916 0.000269765 0.000605381 0.0125639 0.00073331
internal_weight=200000 122163 77228 77837 44935 42536 34997 7348 6456 70489 11660 58829 892 9938 34692
internal_count=200000 122163 77228 77837 44935 42536 34997 7348 6456 70489 11660 58829 892 9938 34692
is_linear=0
shrinkage=0.03


Tree=98
num_leaves=16
num_cat=0
split_feature=40 41 41 40 41 40 40 41 12 40 40 4 8 8 40
split_gain=1725.57 1457.71 273.962 213.029 132.423 87.7615 52.2954 40.2061 34.7291 26.0089 65.7153 24.7328 12.0081 11.6942 7.53731
threshold=0.036641124635934837 0.21429927647113803 0.067907188087701811 0.21087211370468142 0.37645918130874639 0.012340211775153877 0.016057942062616352 0.4636219739913941 -0.6607142686843871 0.55894470214843761 0.99559384584426891 2.5000000000000004 0.75892856717109691 0.7053571641445161 0.0083537800237536448
decision_type=2 2 2 2 2 2 2 2 2 2 2 2 2 2 2
left_child=1 2 14 7 6 -4 -3 8 -2 11 -11 -5 -9 -6 -1
right_child=3 4 5 9 13 -7 -8 12 -10 10 -12 -13 -14 -15 -16
leaf_value=0 -0.00055216372090401394 0 0 -0.0036997301801111396 0 -1.2932139125243421e-05 4.6638192872126488e-06 0.0039935019096902623 -0.00042027406133169677 0.00054493950757776469 -1.5950796138313391e-05 -0.0056454807532706668 -0.021227775610974716 0 -2.6662788591652001e-05
leaf_weight=34637 315 33482 41743 7511 9887 793 1515 841 6141 13653 49161 164 51 51 55
leaf_count=34637 315 33482 41743 7511 9887 793 1515 841 6141 13653 49161 164 51 51 55
internal_value=0.00298725 0.00521156 0.00271184 -0.000503745 0.00950773 0.00432551 0.00863988 -0.00536473 -0.00618959 2.97919e-06 0.000204413 -0.0016456 0.000605381 0.0125639 0.00073331
internal_weight=200000 122163 77228 77837 44935 42536 34997 7348 6456 70489 62814 7675 892 9938 34692
internal_count=200000 122163 77228 77837 44935 42536 34997 7348 6456 70489 62814 7675 892 9938 34692
is_linear=0
shrinkage=0.03


Tree=99
num_leaves=16
num_cat=0
split_feature=40 41 41 40 41 40 40 41 41 40 40 4 0 40 41
split_gain=1710.32 1432.63 276.401 217.789 130.013 72.8005 69.6875 48.0844 26.4844 26.3322 63.9678 24.7328 21.8561 15.196 6.90049
threshold=0.041205095127224929 0.21429927647113803 0.067907188087701811 0.21087211370468142 0.37645918130874639 0.00090574257774278532 0.016057942062616352 0.27254776656627661 0.4636219739913941 0.55894470214843761 0.99559384584426891 2.5000000000000004 3.5000000000000004 0.0312474649399519 0.042139187455177314
decision_type=2 2 2 2 2 2 2 2 2 2 2 2 2 2 2
left_child=1 2 14 7 6 -4 -3 12 -9 11 -11 -5 -2 -6 -1
right_child=3 4 5 9 13 -7 -8 8 -10 10 -12 -13 -14 -15 -16
leaf_value=0 -0.00071148846915455595 0 0 -0.0035887382747078053 0 -4.1772972607464516e-06 3.9169297533354212e-06 -0.00056650971157545804 0.0028030885429198701 0.00052859132235043174 -1.5472272254164024e-05 -0.0054761163306725463 -0.00042049912100618463 1.7243501143783465e-05 0
leaf_weight=31562 276 33482 41134 7511 9610 1434 1696 5092 872 13653 49161 164 775 447 3131
leaf_count=31562 276 33482 41134 7511 9610 1434 1696 5092 872 13653 49161 164 775 447 3131
internal_value=0.00299925 0.00520597 0.0027235 -0.000488491 0.009446 0.0043434 0.00858605 -0.00552958 -0.00448692 1.31935e-05 0.000215875 -0.0016456 -0.0114462 0.012454 0.000735883
internal_weight=200000 122496 77261 77504 45235 42568 35178 7015 5964 70489 62814 7675 1051 10057 34693
internal_count=200000 122496 77261 77504 45235 42568 35178 7015 5964 70489 62814 7675 1051 10057 34693
is_linear=0
shrinkage=0.03


Tree=100
num_leaves=16
num_cat=0
split_feature=40 41 41 40 41 40 40 41 41 40 40 4 0 40 41
split_gain=1708.59 1431.07 277.049 217.385 129.612 70.1669 69.6875 47.2987 26.4844 26.4404 62.9958 24.7328 20.9002 15.9254 6.90049
threshold=0.041205095127224929 0.21429927647113803 0.067907188087701811 0.21087211370468142 0.37645918130874639 0.00090574257774278532 0.016057942062616352 0.27254776656627661 0.4636219739913941 0.55894470214843761 0.99858868122100841 2.5000000000000004 3.5000000000000004 0.0312474649399519 0.042139187455177314
decision_type=2 2 2 2 2 2 2 2 2 2 2 2 2 2 2
left_child=1 2 14 7 6 -4 -3 12 -9 11 -11 -5 -2 -6 -1
right_child=3 4 5 9 13 -7 -8 8 -10 10 -12 -13 -14 -15 -16
leaf_value=0 -0.00069014381507991919 0 0 -0.0034810761264665712 0 -4.0519783429240544e-06 3.7994218607353272e-06 -0.00054951442022819423 0.0027189958866322738 0.00042871210266325451 -1.5588851725342788e-05 -0.0053118328407523703 -0.00040788414737599917 1.6726196109469876e-05 0
leaf_weight=31562 276 33482 41134 7511 9610 1434 1696 5092 872 13986 48828 164 775 447 3131
leaf_count=31562 276 33482 41134 7511 9610 1434 1696 5092 872 13986 48828 164 775 447 3131
internal_value=0.00300135 0.00520695 0.00272583 -0.00048462 0.00944468 0.00434763 0.00858605 -0.00552103 -0.00448692 1.65983e-05 0.000219696 -0.0016456 -0.0113892 0.012448 0.000735883
internal_weight=200000 122496 77261 77504 45235 42568 35178 7015 5964 70489 62814 7675 1051 10057 34693
internal_count=200000 122496 77261 77504 45235 42568 35178 7015 5964 70489 62814 7675 1051 10057 34693
is_linear=0
shrinkage=0.03


Tree=101
num_leaves=16
num_cat=0
split_feature=40 41 41 40 41 40 40 41 41 40 40 4 0 40 41
split_gain=1708.93 1429.94 277.049 215.043 129.841 71.2785 70.1669 44.9806 26.4844 26.3052 60.6742 24.7328 20.6291 15.9254 6.90049
threshold=0.041205095127224929 0.21429927647113803 0.067907188087701811 0.21087211370468142 0.37645918130874639 0.016057942062616352 0.00090574257774278532 0.27254776656627661 0.4636219739913941 0.55894470214843761 0.99559384584426891 2.5000000000000004 3.5000000000000004 0.0312474649399519 0.042139187455177314
decision_type=2 2 2 2 2 2 2 2 2 2 2 2 2 2 2
left_child=1 2 14 7 5 -3 -4 12 -9 11 -11 -5 -2 -6 -1
right_child=3 4 6 9 13 -7 -8 8 -10 10 -12 -13 -14 -15 -16
leaf_value=0 -0.00066943950062752172 0 0 -0.003376643842672574 0 3.6854392049132445e-06 -3.9304189926363428e-06 -0.00053302898762134848 0.0026374260100333058 0.00049987221960002106 -1.460508856771927e-05 -0.0051524778555297997 -0.00039564762295471928 1.622441022618576e-05 0
leaf_weight=31562 276 33482 41134 7511 9610 1696 1434 5092 872 13653 49161 164 775 447 3131
leaf_count=31562 276 33482 41134 7511 9610 1696 1434 5092 872 13653 49161 164 775 447 3131
internal_value=0.00300015 0.00520597 0.00272583 -0.000486168 0.00944202 0.00858264 0.00434763 -0.00549537 -0.00448692 1.23424e-05 0.00021492 -0.0016456 -0.0112179 0.012448 0.000735883
internal_weight=200000 122496 77261 77504 45235 35178 42568 7015 5964 70489 62814 7675 1051 10057 34693
internal_count=200000 122496 77261 77504 45235 35178 42568 7015 5964 70489 62814 7675 1051 10057 34693
is_linear=0
shrinkage=0.03


Tree=102
num_leaves=16
num_cat=0
split_feature=40 41 41 40 41 40 40 41 41 40 40 4 0 40 41
split_gain=1704.5 1426.79 277.266 214.774 129.899 74.5145 69.2998 44.2208 26.4844 26.2192 59.5325 23.22 19.7007 16.672 6.90049
threshold=0.041205095127224929 0.21429927647113803 0.067907188087701811 0.21087211370468142 0.37645918130874639 0.016057942062616352 0.00090574257774278532 0.27254776656627661 0.4636219739913941 0.55894470214843761 0.992779701948166 2.5000000000000004 3.5000000000000004 0.0312474649399519 0.042139187455177314
decision_type=2 2 2 2 2 2 2 2 2 2 2 2 2 2 2
left_child=1 2 14 7 5 -3 -4 12 -9 11 -11 -5 -2 -6 -1
right_child=3 4 6 9 13 -7 -8 8 -10 10 -12 -13 -14 -15 -16
leaf_value=0 -0.00064935631560869599 0 0 -0.003275344527392397 0 3.5748760287658899e-06 -3.8125064228572424e-06 -0.0005170381179927081 0.0025583032297323083 0.00056020256031599433 -1.3917885894396426e-05 -0.0049979035198639051 -0.0003837781942660776 1.5737677919400102e-05 0
leaf_weight=31562 276 33482 41134 7511 9610 1696 1434 5092 872 13320 49494 164 775 447 3131
leaf_count=31562 276 33482 41134 7511 9610 1696 1434 5092 872 13320 49494 164 775 447 3131
internal_value=0.00300105 0.00520401 0.0027266 -0.000480749 0.00943539 0.00857581 0.00434904 -0.00548681 -0.00448692 1.74495e-05 0.000219696 -0.00163779 -0.0111608 0.0124421 0.000735883
internal_weight=200000 122496 77261 77504 45235 35178 42568 7015 5964 70489 62814 7675 1051 10057 34693
internal_count=200000 122496 77261 77504 45235 35178 42568 7015 5964 70489 62814 7675 1051 10057 34693
is_linear=0
shrinkage=0.03


Tree=103
num_leaves=16
num_cat=0
split_feature=40 41 41 40 41 40 40 41 40 40 41 4 0 40 41
split_gain=1700.15 1424.67 277.915 215.438 130.128 76.1594 68.4855 44.2208 26.4896 59.7155 26.4844 23.22 19.7007 16.672 6.90049
threshold=0.041205095127224929 0.21429927647113803 0.067907188087701811 0.21087211370468142 0.37645918130874639 0.016057942062616352 0.0062920530326664456 0.27254776656627661 0.55894470214843761 1.1064068078994753 0.4636219739913941 2.5000000000000004 3.5000000000000004 0.0312474649399519 0.042139187455177314
decision_type=2 2 2 2 2 2 2 2 2 2 2 2 2 2 2
left_child=1 2 14 7 5 -3 -4 12 11 -10 -9 -5 -2 -6 -1
right_child=3 4 6 8 13 -7 -8 10 9 -11 -12 -13 -14 -15 -16
leaf_value=0 -0.00062987562614043519 0 0 -0.0031770841915706254 0 3.4676297479029059e-06 -8.472607842760303e-06 -0.00050152697445292685 2.6860913022794078e-05 -0.0005716534672073958 0.0024815541328403398 -0.0048479664142679884 -0.00037226484843809531 1.5265547581818014e-05 0
leaf_weight=31562 276 33482 41457 7511 9610 1696 1111 5092 23970 38844 872 164 775 447 3131
leaf_count=31562 276 33482 41457 7511 9610 1696 1111 5092 23970 38844 872 164 775 447 3131
internal_value=0.00300435 0.0052045 0.00272893 -0.000473008 0.00943274 0.0085724 0.00435327 -0.00548681 2.59615e-05 0.000229248 -0.00448692 -0.00163779 -0.0111608 0.0124421 0.000735883
internal_weight=200000 122496 77261 77504 45235 35178 42568 7015 70489 62814 5964 7675 1051 10057 34693
internal_count=200000 122496 77261 77504 45235 35178 42568 7015 70489 62814 5964 7675 1051 10057 34693
is_linear=0
shrinkage=0.03


Tree=104
num_leaves=16
num_cat=0
split_feature=40 41 41 40 41 40 40 41 41 40 40 4 0 40 41
split_gain=1705.38 1424.01 278.348 212.577 130.128 76.1594 66.5394 41.9803 26.4844 26.1384 59.4229 23.22 18.2211 16.672 6.90049
threshold=0.041205095127224929 0.21429927647113803 0.067907188087701811 0.21087211370468142 0.37645918130874639 0.016057942062616352 0.0062920530326664456 0.27254776656627661 0.4636219739913941 0.55894470214843761 0.992779701948166 2.5000000000000004 3.5000000000000004 0.0312474649399519 0.042139187455177314
decision_type=2 2 2 2 2 2 2 2 2 2 2 2 2 2 2
left_child=1 2 14 7 5 -3 -4 12 -9 11 -11 -5 -2 -6 -1
right_child=3 4 6 9 13 -7 -8 8 -10 10 -12 -13 -14 -15 -16
leaf_value=0 -0.00061097935735622219 0 0 -0.0030817716658235062 0 3.3636008554658106e-06 -8.2184296074775185e-06 -0.00048648116521933895 0.0024071075088551298 0.00054259065611583074 -1.3469408385338409e-05 -0.004702527421839949 -0.00036109690298495248 1.4807581154363396e-05 0
leaf_weight=31562 276 33482 41457 7511 9610 1696 1111 5092 872 13320 49494 164 775 447 3131
leaf_count=31562 276 33482 41457 7511 9610 1696 1111 5092 872 13320 49494 164 775 447 3131
internal_value=0.00300195 0.00520548 0.00273048 -0.000480749 0.00943274 0.0085724 0.00435609 -0.00546115 -0.00448692 1.48959e-05 0.000216831 -0.00163779 -0.0109895 0.0124421 0.000735883
internal_weight=200000 122496 77261 77504 45235 35178 42568 7015 5964 70489 62814 7675 1051 10057 34693
internal_count=200000 122496 77261 77504 45235 35178 42568 7015 5964 70489 62814 7675 1051 10057 34693
is_linear=0
shrinkage=0.03


Tree=105
num_leaves=16
num_cat=0
split_feature=40 41 41 40 41 40 40 41 41 40 40 9 0 40 41
split_gain=1698.13 1423.44 278.348 209.926 130.243 76.9886 66.5394 38.3756 26.4844 26.1604 58.2523 22.9933 17.4081 16.672 6.90049
threshold=0.041205095127224929 0.21429927647113803 0.067907188087701811 0.21087211370468142 0.37645918130874639 0.016057942062616352 0.0062920530326664456 0.27254776656627661 0.4636219739913941 0.55894470214843761 0.992779701948166 0.89206922054290783 3.5000000000000004 0.0312474649399519 0.042139187455177314
decision_type=2 2 2 2 2 2 2 2 2 2 2 2 2 2 2
left_child=1 2 14 7 5 -3 -4 12 -9 11 -11 -5 -2 -6 -1
right_child=3 4 6 9 13 -7 -8 8 -10 10 -12 -13 -14 -15 -16
leaf_value=0 -0.00059264997663553535 0 0 -0.002927048579944067 0 3.2626928298018495e-06 -7.9718767192532042e-06 -0.00047188673026275871 0.0023348942835894771 0.00052631293643235573 -1.3065326133778217e-05 -0.0054157203017038708 -0.00035026399589540381 1.4363353719732408e-05 0
leaf_weight=31562 276 33482 41457 7368 9610 1696 1111 5092 872 13320 49494 307 775 447 3131
leaf_count=31562 276 33482 41457 7368 9610 1696 1111 5092 872 13320 49494 307 775 447 3131
internal_value=0.00300615 0.00520499 0.00273048 -0.000469137 0.00943141 0.0085707 0.00435609 -0.00541839 -0.00448692 2.34079e-05 0.000225427 -0.00162997 -0.0107041 0.0124421 0.000735883
internal_weight=200000 122496 77261 77504 45235 35178 42568 7015 5964 70489 62814 7675 1051 10057 34693
internal_count=200000 122496 77261 77504 45235 35178 42568 7015 5964 70489 62814 7675 1051 10057 34693
is_linear=0
shrinkage=0.03


Tree=106
num_leaves=16
num_cat=0
split_feature=40 41 41 40 41 40 40 41 40 40 9 41 40 8 41
split_gain=1686.15 1421.75 278.348 201.432 130.071 78.6604 66.5394 35.2284 26.4304 58.5043 22.9933 22.2768 17.4357 12.8116 6.90049
threshold=0.041205095127224929 0.21429927647113803 0.067907188087701811 0.21087211370468142 0.37645918130874639 0.016057942062616352 0.0062920530326664456 0.4636219739913941 0.55894470214843761 1.1127920150756838 0.89206922054290783 0.27254776656627661 0.0312474649399519 0.75892856717109691 0.042139187455177314
decision_type=2 2 2 2 2 2 2 2 2 2 2 2 2 2 2
left_child=1 2 14 7 5 -3 -4 11 10 -10 -5 -2 -6 -9 -1
right_child=3 4 6 8 12 -7 -8 13 9 -11 -12 -13 -14 -15 -16
leaf_value=0 -0.00042077727602371517 0 0 -0.0028392371225457449 0 3.1648120449078235e-06 -7.7327204176756015e-06 0.003142881744329484 2.6044258240271211e-05 -0.0006611544516500192 -0.0052532486926527549 -0.00045773012835487593 1.3932453108140494e-05 -0.02126403462191901 0
leaf_weight=31562 1051 33482 41457 7368 9610 1696 1111 822 24302 38512 307 5092 447 50 3131
leaf_count=31562 1051 33482 41457 7368 9610 1696 1111 822 24302 38512 307 5092 447 50 3131
internal_value=0.00301245 0.00520352 0.00273048 -0.000450557 0.00942743 0.00856729 0.00435609 -0.00529865 3.19199e-05 0.000234979 -0.00162997 -0.00609963 0.0124361 0.000344037 0.000735883
internal_weight=200000 122496 77261 77504 45235 35178 42568 7015 70489 62814 7675 6143 10057 872 34693
internal_count=200000 122496 77261 77504 45235 35178 42568 7015 70489 62814 7675 6143 10057 872 34693
is_linear=0
shrinkage=0.03


Tree=107
num_leaves=16
num_cat=0
split_feature=40 41 41 40 41 40 40 41 40 40 9 12 40 8 41
split_gain=1688.29 1421.19 268.445 196.936 136.286 85.6099 57.5763 34.5905 26.1604 57.9547 22.9933 21.7818 17.4357 12.8116 6.90049
threshold=0.041205095127224929 0.2099345996975899 0.067907188087701811 0.21087211370468142 0.37645918130874639 0.016057942062616352 0.0083537800237536448 0.4636219739913941 0.55894470214843761 0.992779701948166 0.89206922054290783 -0.69642856717109669 0.0312474649399519 0.75892856717109691 0.042139187455177314
decision_type=2 2 2 2 2 2 2 2 2 2 2 2 2 2 2
left_child=1 2 14 7 5 -3 -4 11 10 -10 -5 -2 -6 -9 -1
right_child=3 4 6 8 12 -7 -8 13 9 -11 -12 -13 -14 -15 -16
leaf_value=0 -0.0004629551315176186 0 0 -0.0027540600088693723 0 2.9038438604861612e-06 -7.8604481797519583e-06 0.0030485952919995984 0.00050974222059217689 -1.2626015225033689e-05 -0.0050956512318731722 -0.00042149738174751452 1.3514479514896218e-05 -0.020626113583261437 0
leaf_weight=31562 284 34562 40480 7368 9610 1730 974 822 13320 49494 307 5859 447 50 3131
leaf_count=31562 284 34562 40480 7368 9610 1730 974 822 13320 49494 307 5859 447 50 3131
internal_value=0.00301155 0.00520401 0.00268297 -0.000453654 0.00934583 0.00848947 0.00431249 -0.00524733 2.34079e-05 0.000225427 -0.00162997 -0.00604102 0.0124361 0.000344037 0.000735883
internal_weight=200000 122496 76147 77504 46349 36292 41454 7015 70489 62814 7675 6143 10057 872 34693
internal_count=200000 122496 76147 77504 46349 36292 41454 7015 70489 62814 7675 6143 10057 872 34693
is_linear=0
shrinkage=0.03


Tree=108
num_leaves=16
num_cat=0
split_feature=40 41 41 40 41 40 36 41 40 40 40 41 9 0 41
split_gain=1676.61 1397.14 269.796 206.922 135.052 110.985 52.4288 40.7067 26.3222 56.1054 25.5241 23.4935 22.9933 19.4864 7.07219
threshold=0.045411154627799995 0.2099345996975899 0.067907188087701811 0.21087211370468142 0.37645918130874639 0.016057942062616352 0.25000000745058065 0.27254776656627661 0.55894470214843761 0.992779701948166 0.0312474649399519 0.4636219739913941 0.89206922054290783 3.5000000000000004 0.042139187455177314
decision_type=2 2 2 2 2 2 2 2 2 2 2 2 2 2 2
left_child=1 2 14 7 5 -3 -4 13 12 -10 -6 -9 -5 -2 -1
right_child=3 4 6 8 10 -7 -8 11 9 -11 -12 -13 -14 -15 -16
leaf_value=0 -0.00066502946224233906 0 0 -0.0026714382086032913 0 2.5103194834503496e-06 0 -0.00056662391141511616 0.00049444995397441161 -1.2247234768282752e-05 1.6710646058956598e-05 0.0010868237857122854 -0.0049427816949169775 -0.00043221600595857285 0
leaf_weight=31562 252 34562 28277 7368 9610 1896 13214 4840 13320 49494 595 839 307 731 3133
leaf_count=31562 252 34562 28277 7368 9610 1896 13214 4840 13320 49494 595 839 307 731 3133
internal_value=0.00301695 0.00519369 0.00268986 -0.000449119 0.00928166 0.00842778 0.00432238 -0.00550285 2.85151e-05 0.000231159 0.0123322 -0.00452721 -0.00162997 -0.0111394 0.00073757
internal_weight=200000 122849 76186 77151 46663 36458 41491 6662 70489 62814 10205 5679 7675 983 34695
internal_count=200000 122849 76186 77151 46663 36458 41491 6662 70489 62814 10205 5679 7675 983 34695
is_linear=0
shrinkage=0.03


Tree=109
num_leaves=16
num_cat=0
split_feature=40 41 41 40 41 40 36 41 40 40 40 41 9 0 41
split_gain=1673.84 1397.14 269.796 206.567 135.052 110.985 52.4288 39.9586 26.4575 55.685 25.5241 23.4935 22.9933 18.539 7.07219
threshold=0.045411154627799995 0.2099345996975899 0.067907188087701811 0.21087211370468142 0.37645918130874639 0.016057942062616352 0.25000000745058065 0.27254776656627661 0.55894470214843761 1.1127920150756838 0.0312474649399519 0.4636219739913941 0.89206922054290783 3.5000000000000004 0.042139187455177314
decision_type=2 2 2 2 2 2 2 2 2 2 2 2 2 2 2
left_child=1 2 14 7 5 -3 -4 13 12 -10 -6 -9 -5 -2 -1
right_child=3 4 6 8 10 -7 -8 11 9 -11 -12 -13 -14 -15 -16
leaf_value=0 -0.00064507857837506886 0 0 -0.0025912950623451919 0 2.435009898946825e-06 0 -0.00054962519407266255 2.4590234277865747e-05 -0.00064057362060071922 1.6209326677187817e-05 0.0010542190721409184 -0.0047944982440694681 -0.00041924952577981564 0
leaf_weight=31562 252 34562 28277 7368 9610 1896 13214 4840 24302 38512 595 839 307 731 3133
leaf_count=31562 252 34562 28277 7368 9610 1896 13214 4840 24302 38512 595 839 307 731 3133
internal_value=0.00301875 0.00519369 0.00268986 -0.000444453 0.00928166 0.00842778 0.00432238 -0.00549385 3.27711e-05 0.000235935 0.0123322 -0.00452721 -0.00162997 -0.0110783 0.00073757
internal_weight=200000 122849 76186 77151 46663 36458 41491 6662 70489 62814 10205 5679 7675 983 34695
internal_count=200000 122849 76186 77151 46663 36458 41491 6662 70489 62814 10205 5679 7675 983 34695
is_linear=0
shrinkage=0.03


Tree=110
num_leaves=16
num_cat=0
split_feature=40 41 41 40 41 40 36 41 40 40 40 41 9 0 41
split_gain=1677.88 1396.05 269.796 204.462 135.28 112.877 52.4288 38.4833 26.1334 54.5763 25.5241 23.4935 22.9933 17.931 7.07219
threshold=0.045411154627799995 0.2099345996975899 0.067907188087701811 0.21087211370468142 0.37645918130874639 0.016057942062616352 0.25000000745058065 0.27254776656627661 0.55894470214843761 0.9896228313446046 0.0312474649399519 0.4636219739913941 0.89206922054290783 3.5000000000000004 0.042139187455177314
decision_type=2 2 2 2 2 2 2 2 2 2 2 2 2 2 2
left_child=1 2 14 7 5 -3 -4 13 12 -10 -6 -9 -5 -2 -1
right_child=3 4 6 8 10 -7 -8 11 9 -11 -12 -13 -14 -15 -16
leaf_value=0 -0.00062572622102381682 0 0 -0.002513556210474836 0 2.3619596019783771e-06 0 -0.00053313643825048259 0.00054949255463639839 -1.1230269653010625e-05 1.572304687687216e-05 0.0010225924999766921 -0.0046506632967473838 -0.00040667204000642109 0
leaf_weight=31562 252 34562 28277 7368 9610 1896 13214 4840 12987 49827 595 839 307 731 3133
leaf_count=31562 252 34562 28277 7368 9610 1896 13214 4840 12987 49827 595 839 307 731 3133
internal_value=0.00301515 0.00519272 0.00268986 -0.00045223 0.00927909 0.00842449 0.00432238 -0.00547583 2.25567e-05 0.000224472 0.0123322 -0.00452721 -0.00162997 -0.0109563 0.00073757
internal_weight=200000 122849 76186 77151 46663 36458 41491 6662 70489 62814 10205 5679 7675 983 34695
internal_count=200000 122849 76186 77151 46663 36458 41491 6662 70489 62814 10205 5679 7675 983 34695
is_linear=0
shrinkage=0.03


Tree=111
num_leaves=16
num_cat=0
split_feature=40 41 41 40 41 40 36 41 40 40 40 41 9 0 41
split_gain=1674.64 1396.05 269.796 204.172 135.28 112.877 52.4288 37.756 26.2952 53.5647 25.5241 23.4935 22.9933 17.0227 7.07219
threshold=0.045411154627799995 0.2099345996975899 0.067907188087701811 0.21087211370468142 0.37645918130874639 0.016057942062616352 0.25000000745058065 0.27254776656627661 0.55894470214843761 0.992779701948166 0.0312474649399519 0.4636219739913941 0.89206922054290783 3.5000000000000004 0.042139187455177314
decision_type=2 2 2 2 2 2 2 2 2 2 2 2 2 2 2
left_child=1 2 14 7 5 -3 -4 13 12 -10 -6 -9 -5 -2 -1
right_child=3 4 6 8 10 -7 -8 11 9 -11 -12 -13 -14 -15 -16
leaf_value=0 -0.00060695443439310237 0 0 -0.0024381495241605909 0 2.2911008139190649e-06 0 -0.00051714234510296818 0.00046239397168775138 -1.130593035667586e-05 1.5251355470565982e-05 0.00099191472497739061 -0.0045111433978449623 -0.00039447187880622855 0
leaf_weight=31562 252 34562 28277 7368 9610 1896 13214 4840 13320 49494 595 839 307 731 3133
leaf_count=31562 252 34562 28277 7368 9610 1896 13214 4840 13320 49494 595 839 307 731 3133
internal_value=0.00301725 0.00519272 0.00268986 -0.000446786 0.00927909 0.00842449 0.00432238 -0.00546683 2.76639e-05 0.000230203 0.0123322 -0.00452721 -0.00162997 -0.0108952 0.00073757
internal_weight=200000 122849 76186 77151 46663 36458 41491 6662 70489 62814 10205 5679 7675 983 34695
internal_count=200000 122849 76186 77151 46663 36458 41491 6662 70489 62814 10205 5679 7675 983 34695
is_linear=0
shrinkage=0.03


Tree=112
num_leaves=16
num_cat=0
split_feature=40 41 41 40 41 40 36 41 40 40 40 12 9 8 41
split_gain=1671 1394.42 269.796 198.728 134.581 113.829 52.4288 32.2869 27.1574 26.2412 52.6067 24.3839 22.9933 12.3529 7.07219
threshold=0.045411154627799995 0.2099345996975899 0.067907188087701811 0.21087211370468142 0.37645918130874639 0.016057942062616352 0.25000000745058065 0.4636219739913941 0.0312474649399519 0.55894470214843761 0.9896228313446046 -0.69642856717109669 0.89206922054290783 0.72321429848670971 0.042139187455177314
decision_type=2 2 2 2 2 2 2 2 2 2 2 2 2 2 2
left_child=1 2 14 7 5 -3 -4 11 -6 12 -11 -2 -5 -9 -1
right_child=3 4 6 9 8 -7 -8 13 -10 10 -12 -13 -14 -15 -16
leaf_value=0 -0.00053029911600742104 0 0 -0.0023650050384357727 0 2.2223677895015329e-06 0 0.0025122579837252388 1.4793814806449077e-05 0.00051913595884667393 -1.0831115370777619e-05 -0.0004837065797779182 -0.0043758090959096132 -0.020281737797751307 0
leaf_weight=31562 253 34562 28277 7368 9610 1896 13214 784 595 12987 49827 5570 307 55 3133
leaf_count=31562 253 34562 28277 7368 9610 1896 13214 784 595 12987 49827 5570 307 55 3133
internal_value=0.00301815 0.00519125 0.00268986 -0.00044212 0.00927523 0.00842284 0.00432238 -0.00539478 0.0123204 2.59615e-05 0.000228293 -0.00618753 -0.00162997 0.000107271 0.00073757
internal_weight=200000 122849 76186 77151 46663 36458 41491 6662 10205 70489 62814 5823 7675 839 34695
internal_count=200000 122849 76186 77151 46663 36458 41491 6662 10205 70489 62814 5823 7675 839 34695
is_linear=0
shrinkage=0.03


Tree=113
num_leaves=16
num_cat=0
split_feature=40 41 41 40 41 40 36 41 40 40 40 12 9 8 41
split_gain=1668.12 1393.33 269.796 199.04 134.808 115.746 52.4288 32.2869 27.1574 26.3763 52.8275 24.3839 22.9933 12.3529 7.07219
threshold=0.045411154627799995 0.2099345996975899 0.067907188087701811 0.21087211370468142 0.37645918130874639 0.016057942062616352 0.25000000745058065 0.4636219739913941 0.0312474649399519 0.55894470214843761 1.1127920150756838 -0.69642856717109669 0.89206922054290783 0.72321429848670971 0.042139187455177314
decision_type=2 2 2 2 2 2 2 2 2 2 2 2 2 2 2
left_child=1 2 14 7 5 -3 -4 11 -6 12 -11 -2 -5 -9 -1
right_child=3 4 6 9 8 -7 -8 13 -10 10 -12 -13 -14 -15 -16
leaf_value=0 -0.00051439014252719836 0 0 -0.0022940548872826994 0 2.1556967558165365e-06 0 0.0024368902442134821 1.4350000362255559e-05 2.4110414712436925e-05 -0.00062035539252128387 -0.00046919538238458059 -0.0042445348230323249 -0.019673285663818766 0
leaf_weight=31562 253 34562 28277 7368 9610 1896 13214 784 595 24302 38512 5570 307 55 3133
leaf_count=31562 253 34562 28277 7368 9610 1896 13214 784 595 24302 38512 5570 307 55 3133
internal_value=0.00301905 0.00519027 0.00268986 -0.000438232 0.00927266 0.00841955 0.00432238 -0.00539478 0.0123204 3.02175e-05 0.000233069 -0.00618753 -0.00162997 0.000107271 0.00073757
internal_weight=200000 122849 76186 77151 46663 36458 41491 6662 10205 70489 62814 5823 7675 839 34695
internal_count=200000 122849 76186 77151 46663 36458 41491 6662 10205 70489 62814 5823 7675 839 34695
is_linear=0
shrinkage=0.03


Tree=114
num_leaves=16
num_cat=0
split_feature=40 41 41 40 41 40 36 41 40 40 40 12 9 8 41
split_gain=1670.31 1392.24 269.796 197.223 135.036 117.678 52.4288 32.0758 27.1574 26.1604 52.4982 23.6048 22.9933 12.3529 7.07219
threshold=0.045411154627799995 0.2099345996975899 0.067907188087701811 0.21087211370468142 0.37645918130874639 0.016057942062616352 0.25000000745058065 0.4636219739913941 0.0312474649399519 0.55894470214843761 0.9896228313446046 -0.9107142686843871 0.89206922054290783 0.72321429848670971 0.042139187455177314
decision_type=2 2 2 2 2 2 2 2 2 2 2 2 2 2 2
left_child=1 2 14 7 5 -3 -4 11 -6 12 -11 -2 -5 -9 -1
right_child=3 4 6 9 8 -7 -8 13 -10 10 -12 -13 -14 -15 -16
leaf_value=0 -0.00055976962762621424 0 0 -0.0022252332406642178 0 2.0910258531420428e-06 0 0.0023637835368870786 1.3919500351387906e-05 0.0005028385676399006 -1.0891494714017208e-05 -0.00045259230607260642 -0.0041171987783413548 -0.019083087093904206 0
leaf_weight=31562 201 34562 28277 7368 9610 1896 13214 784 595 12987 49827 5622 307 55 3133
leaf_count=31562 201 34562 28277 7368 9610 1896 13214 784 595 12987 49827 5622 307 55 3133
internal_value=0.00301665 0.0051893 0.00268986 -0.000442898 0.00927009 0.00841626 0.00432238 -0.00537676 0.0123204 2.34079e-05 0.000225427 -0.00616692 -0.00162997 0.000107271 0.00073757
internal_weight=200000 122849 76186 77151 46663 36458 41491 6662 10205 70489 62814 5823 7675 839 34695
internal_count=200000 122849 76186 77151 46663 36458 41491 6662 10205 70489 62814 5823 7675 839 34695
is_linear=0
shrinkage=0.03


Tree=115
num_leaves=16
num_cat=0
split_feature=40 41 41 40 41 40 41 40 40 40 8 40 1 40 8
split_gain=1667.15 1457.57 277.986 141.541 135.713 78.2981 46.773 45.2672 44.1227 110.07 55.0576 28.634 25.9402 8.71305 5.77482
threshold=0.0312474649399519 0.21429927647113803 0.067907188087701811 0.4827463179826737 0.37645918130874639 0.012340211775153877 0.38861237466335302 0.016057942062616352 1.1127920150756838 1.3606827855110171 0.91964283585548412 0.045411154627799995 1.0000000180025095e-35 0.0083537800237536448 0.68750000000000011
decision_type=2 2 2 2 2 2 2 2 2 2 2 2 2 2 2
left_child=1 2 13 6 7 -4 11 -3 10 -10 -5 -2 -8 -1 -6
right_child=3 4 5 8 14 -7 12 -9 9 -11 -12 -13 -14 -15 -16
leaf_value=0 3.114287933905918e-06 0 0 1.7295684240731332e-06 0 -1.1088462869908375e-05 -0.0005041639561538157 4.7873098145596695e-06 -0.001275112156470751 0.00084167015355440041 3.6670404171132502e-05 -0.00065884627574197996 0.0029607947197349072 -3.142803676272932e-05 0
leaf_weight=34637 838 33482 41743 16026 9557 723 2631 1250 6640 31872 9955 7551 2990 52 53
leaf_count=34637 838 33482 41743 16026 9557 723 2631 1250 6640 31872 9955 7551 2990 52 53
internal_value=0.00301425 0.00521593 0.0027249 -0.000393233 0.00955031 0.00435242 -0.00312634 0.0086773 0.000200487 -0.000444017 0.00115584 -0.00454524 -0.00100872 0.000732509 0.0127055
internal_weight=200000 121497 77155 78503 44342 42466 14010 34732 64493 38512 25981 8389 5621 34689 9610
internal_count=200000 121497 77155 78503 44342 42466 14010 34732 64493 38512 25981 8389 5621 34689 9610
is_linear=0
shrinkage=0.03


Tree=116
num_leaves=16
num_cat=0
split_feature=40 41 41 40 41 40 40 40 40 8 41 40 33 41 8
split_gain=1677.16 1454.84 277.19 143.8 136.062 78.2981 47.5371 41.4422 104.406 50.9326 40.2341 30.7674 22.5216 7.09794 5.77482
threshold=0.0312474649399519 0.21429927647113803 0.067907188087701811 0.4827463179826737 0.37645918130874639 0.012340211775153877 0.016057942062616352 1.1127920150756838 1.3606827855110171 0.91964283585548412 0.38861237466335302 0.049042338505387313 0.15000000223517421 0.042139187455177314 0.68750000000000011
decision_type=2 2 2 2 2 2 2 2 2 2 2 2 2 2 2
left_child=1 2 13 10 6 -4 -3 9 -9 -5 11 -2 -12 -1 -6
right_child=3 4 5 7 14 -7 -8 8 -10 -11 12 -13 -14 -15 -16
leaf_value=0 2.4307316077918846e-06 0 0 1.6776813713508844e-06 0 -1.0755808983811121e-05 4.6436905201229126e-06 -0.0012368587917766286 0.00081642004894776998 3.5570292045998536e-05 -0.0012184797970674788 -0.00077003759780841464 -6.29729139849933e-05 0 0
leaf_weight=31562 1016 33482 41743 16026 9557 723 1250 6640 31872 9955 513 7373 5108 3127 53
leaf_count=31562 1016 33482 41743 16026 9557 723 1250 6640 31872 9955 513 7373 5108 3127 53
internal_value=0.00300765 0.00521593 0.00272724 -0.000410048 0.00954625 0.00435242 0.00867212 0.000188393 -0.000436228 0.00111428 -0.00316488 -0.00448087 -0.00120085 0.000737698 0.0127055
internal_weight=200000 121497 77155 78503 44342 42466 34732 64493 38512 25981 14010 8389 5621 34689 9610
internal_count=200000 121497 77155 78503 44342 42466 34732 64493 38512 25981 14010 8389 5621 34689 9610
is_linear=0
shrinkage=0.03


Tree=117
num_leaves=16
num_cat=0
split_feature=40 41 41 40 41 40 40 40 30 41 8 40 33 41 8
split_gain=1677.62 1453.02 277.623 139.726 136.295 75.7096 49.0812 41.5866 42.5063 40.4045 36.175 30.3194 20.2646 7.09794 5.77482
threshold=0.0312474649399519 0.21429927647113803 0.067907188087701811 0.4827463179826737 0.37645918130874639 0.012340211775153877 0.016057942062616352 0.9896228313446046 1.5000000000000002 0.38861237466335302 0.91964283585548412 0.049042338505387313 0.15000000223517421 0.042139187455177314 0.68750000000000011
decision_type=2 2 2 2 2 2 2 2 2 2 2 2 2 2 2
left_child=1 2 13 9 6 -4 -3 10 -9 11 -5 -2 -11 -1 -6
right_child=3 4 5 7 14 -7 -8 8 -10 12 -12 -13 -14 -15 -16
leaf_value=0 2.3578096595580978e-06 0 0 0.00036219944809041303 0 -1.043313471429677e-05 4.5043798045192418e-06 -0.0020178558202803821 -3.8530760090749879e-06 -0.0011819254031554545 0.00055438424927312352 -0.00074693646987416217 -6.1083726565443509e-05 0 0
leaf_weight=31562 1016 33482 41743 11108 9557 723 1250 1236 48591 513 3558 7373 5108 3127 53
leaf_count=31562 1016 33482 41743 11108 9557 723 1250 1236 48591 513 3558 7373 5108 3127 53
internal_value=0.00300735 0.00521593 0.00272879 -0.000410812 0.00954355 0.00435525 0.00866866 0.000179089 -0.00023421 -0.00312634 0.00158325 -0.00444511 -0.00115816 0.000737698 0.0127055
internal_weight=200000 121497 77155 78503 44342 42466 34732 64493 49827 14010 14666 8389 5621 34689 9610
internal_count=200000 121497 77155 78503 44342 42466 34732 64493 49827 14010 14666 8389 5621 34689 9610
is_linear=0
shrinkage=0.03


Tree=118
num_leaves=16
num_cat=0
split_feature=40 41 41 41 40 40 40 40 40 41 41 40 33 41 8
split_gain=1665.34 1453.02 277.623 136.295 136.144 75.7096 49.0812 42.1457 100.489 48.231 42.0799 29.9634 15.4394 7.09794 5.77482
threshold=0.0312474649399519 0.21429927647113803 0.067907188087701811 0.37645918130874639 0.4827463179826737 0.012340211775153877 0.016057942062616352 1.1127920150756838 1.3606827855110171 0.45056347548961645 0.38861237466335302 0.049042338505387313 0.15000000223517421 0.042139187455177314 0.68750000000000011
decision_type=2 2 2 2 2 2 2 2 2 2 2 2 2 2 2
left_child=1 2 13 6 10 -4 -3 9 -9 -6 11 -2 -12 -1 -5
right_child=4 3 5 14 7 -7 -8 8 -10 -11 12 -13 -14 -15 -16
leaf_value=0 2.2870753697714145e-06 0 0 0 2.7244790323530421e-05 -1.0120140672867892e-05 4.3692484103836395e-06 -0.0011996374357430577 0.00079204303975960997 -0.00024528203312184179 -0.0011464676410607908 -0.0007245283757779373 -5.9251214768480214e-05 0 0
leaf_weight=31562 1016 33482 41743 9557 21953 723 1250 6640 31872 4028 513 7373 5108 3127 53
leaf_count=31562 1016 33482 41743 9557 21953 723 1250 6640 31872 4028 513 7373 5108 3127 53
internal_value=0.00301545 0.00521593 0.00272879 0.00954355 -0.000390176 0.00435525 0.00866866 0.000192114 -0.000437786 0.00112582 -0.00307066 -0.0044165 -0.00106209 0.000737698 0.0127055
internal_weight=200000 121497 77155 44342 78503 42466 34732 64493 38512 25981 14010 8389 5621 34689 9610
internal_count=200000 121497 77155 44342 78503 42466 34732 64493 38512 25981 14010 8389 5621 34689 9610
is_linear=0
shrinkage=0.03


Tree=119
num_leaves=16
num_cat=0
split_feature=40 41 41 41 40 40 40 41 40 8 41 40 1 41 8
split_gain=1664.11 1452.36 278.057 136.295 129.999 73.1647 49.0812 43.4241 40.9391 36.4002 33.4519 29.4333 12.5029 7.09794 5.77482
threshold=0.0312474649399519 0.21429927647113803 0.067907188087701811 0.37645918130874639 0.4827463179826737 0.012340211775153877 0.016057942062616352 0.38861237466335302 0.9896228313446046 0.91964283585548412 0.32022558152675634 0.049042338505387313 1.0000000180025095e-35 0.042139187455177314 0.68750000000000011
decision_type=2 2 2 2 2 2 2 2 2 2 2 2 2 2 2
left_child=1 2 13 6 7 -4 -3 11 9 -6 -10 -2 -9 -1 -5
right_child=4 3 5 14 8 -7 -8 12 10 -11 -12 -13 -14 -15 -16
leaf_value=0 2.2184631086783269e-06 0 0 0 0.00035219254895615184 -9.816536452681851e-06 4.2381709580721454e-06 -0.00048112896643310373 -8.88534727109505e-05 0.00053693537808522404 9.7219674259355667e-06 -0.00070279252450459908 0.0028774701138024293 0 0
leaf_weight=31562 1016 33482 41743 9557 11108 723 1250 2631 12159 3558 37668 7373 2990 3127 53
leaf_count=31562 1016 33482 41743 9557 11108 723 1250 2631 12159 3558 37668 7373 2990 3127 53
internal_value=0.00301725 0.00521692 0.00273035 0.00954355 -0.000387119 0.00435807 0.00866866 -0.00300642 0.00018188 0.00157507 -0.00022819 -0.00437358 -0.00096602 0.000737698 0.0127055
internal_weight=200000 121497 77155 44342 78503 42466 34732 14010 64493 14666 49827 8389 5621 34689 9610
internal_count=200000 121497 77155 44342 78503 42466 34732 14010 64493 14666 49827 8389 5621 34689 9610
is_linear=0
shrinkage=0.03


Tree=120
num_leaves=16
num_cat=0
split_feature=40 41 41 41 40 40 40 41 40 41 8 40 33 41 8
split_gain=1645.71 1451.78 278.057 136.412 123.344 73.1647 49.8625 41.9699 40.4091 96.8489 47.8419 27.9571 14.2749 7.09794 5.77482
threshold=0.0312474649399519 0.21429927647113803 0.067907188087701811 0.37645918130874639 0.4827463179826737 0.012340211775153877 0.016057942062616352 0.38861237466335302 1.1127920150756838 0.45056347548961645 0.91964283585548412 0.049042338505387313 0.15000000223517421 0.042139187455177314 0.68750000000000011
decision_type=2 2 2 2 2 2 2 2 2 2 2 2 2 2 2
left_child=1 2 13 6 7 -4 -3 11 10 -10 -6 -2 -9 -1 -5
right_child=4 3 5 14 8 -7 -8 12 9 -11 -12 -13 -14 -15 -16
leaf_value=0 2.1519092154178784e-06 0 0 0 2.8610906859469557e-06 -9.5220403591014449e-06 4.1110258293300224e-06 -0.0011015696260776274 -0.001618814290189058 0.0056118977738314323 3.3337497277203406e-05 -0.00068170874876946109 -5.3954997969203571e-05 0 0
leaf_weight=31562 1016 33482 41743 9557 16026 723 1250 513 22663 15849 9955 7373 5108 3127 53
leaf_count=31562 1016 33482 41743 9557 16026 723 1250 513 22663 15849 9955 7373 5108 3127 53
internal_value=0.00302895 0.00521643 0.00273035 0.00954219 -0.000356547 0.00435807 0.00866694 -0.00290792 0.000197696 -0.00041909 0.00111197 -0.004252 -0.000901975 0.000737698 0.0127055
internal_weight=200000 121497 77155 44342 78503 42466 34732 14010 64493 38512 25981 8389 5621 34689 9610
internal_count=200000 121497 77155 44342 78503 42466 34732 14010 64493 38512 25981 8389 5621 34689 9610
is_linear=0
shrinkage=0.03


Tree=121
num_leaves=16
num_cat=0
split_feature=40 41 41 41 40 40 40 40 8 40 38 8 30 41 8
split_gain=1636.75 1448.32 278.057 137.113 116.347 73.1647 54.6799 41.5328 40.8512 39.2837 37.2447 35.4628 33.6659 7.09794 5.77482
threshold=0.0312474649399519 0.21429927647113803 0.067907188087701811 0.37645918130874639 0.4827463179826737 0.012340211775153877 0.016057942062616352 0.053093764930963523 1.366071403026581 0.9896228313446046 2.9776785373687749 0.91964283585548412 1.5000000000000002 0.042139187455177314 0.68750000000000011
decision_type=2 2 2 2 2 2 2 2 2 2 2 2 2 2 2
left_child=1 2 13 6 7 -4 -3 10 -9 11 -2 -6 -11 -1 -5
right_child=4 3 5 14 9 -7 -8 8 -10 12 -12 -13 -14 -15 -16
leaf_value=0 2.7161375428528395e-06 0 0 0 0.00034154093976688881 -9.2363791483283586e-06 3.9876950544501413e-06 -0.00077099128839389075 -0.0012150689669534855 -0.0019303311552157307 0.00028355806383662376 0.00051982719182435127 -3.210713404294997e-06 0 0
leaf_weight=31562 1967 33482 41743 9557 11108 723 1250 11644 348 1236 51 3558 48591 3127 53
leaf_count=31562 1967 33482 41743 9557 11108 723 1250 11644 348 1236 51 3558 48591 3127 53
internal_value=0.00303195 0.00521346 0.00273035 0.00953408 -0.000344318 0.00435807 0.00865657 -0.00282227 -0.00349233 0.000193975 0.00115956 0.00155871 -0.000207719 0.000737698 0.0127055
internal_weight=200000 121497 77155 44342 78503 42466 34732 14010 11992 64493 2018 14666 49827 34689 9610
internal_count=200000 121497 77155 44342 78503 42466 34732 14010 11992 64493 2018 14666 49827 34689 9610
is_linear=0
shrinkage=0.03


Tree=122
num_leaves=16
num_cat=0
split_feature=40 41 41 41 40 40 40 40 8 40 9 10 30 41 8
split_gain=1638.55 1446.51 278.491 137.347 114.459 70.6633 56.3351 40.561 38.3121 38.1202 37.9856 36.321 36.2917 7.09794 5.77482
threshold=0.0312474649399519 0.21429927647113803 0.067907188087701811 0.37645918130874639 0.4827463179826737 0.012340211775153877 0.016057942062616352 0.053093764930963523 1.366071403026581 0.98627725243568432 1.2856897711753847 1.666751563549042 1.5000000000000002 0.042139187455177314 0.68750000000000011
decision_type=2 2 2 2 2 2 2 2 2 2 2 2 2 2 2
left_child=1 2 13 6 7 -4 -3 11 -9 10 -6 -2 -11 -1 -5
right_child=4 3 5 14 9 -7 -8 8 -10 12 -12 -13 -14 -15 -16
leaf_value=0 2.4993262286012589e-06 0 0 0 0.0005241116209764911 -8.9592877738784574e-06 3.8680642028166878e-06 -0.00074786154974207408 -0.0011786168979448809 -0.0019524531543117936 -0.020266719913633293 0.00020985616681446368 -2.5447299168250906e-06 0 0
leaf_weight=31562 1961 33482 41743 9557 14230 723 1250 11644 348 1275 103 57 48885 3127 53
leaf_count=31562 1961 33482 41743 9557 14230 723 1250 11644 348 1275 103 57 48885 3127 53
internal_value=0.00303075 0.00521346 0.0027319 0.00953137 -0.000347375 0.0043609 0.00865312 -0.00280514 -0.00346731 0.000186532 0.00155097 0.00112983 -0.000203349 0.000737698 0.0127055
internal_weight=200000 121497 77155 44342 78503 42466 34732 14010 11992 64493 14333 2018 50160 34689 9610
internal_count=200000 121497 77155 44342 78503 42466 34732 14010 11992 64493 14333 2018 50160 34689 9610
is_linear=0
shrinkage=0.03


Tree=123
num_leaves=16
num_cat=0
split_feature=40 41 41 41 40 40 40 40 40 41 41 40 10 41 8
split_gain=1636.01 1445.03 278.709 137.582 114.416 69.429 58.0149 39.8627 37.6799 94.9703 47.0356 36.5447 36.4126 7.09794 5.77482
threshold=0.0312474649399519 0.21429927647113803 0.067907188087701811 0.37645918130874639 0.4827463179826737 0.012340211775153877 0.016057942062616352 0.053093764930963523 1.1193549036979678 0.44727963209152227 0.45056347548961645 0.21087211370468142 1.666751563549042 0.042139187455177314 0.68750000000000011
decision_type=2 2 2 2 2 2 2 2 2 2 2 2 2 2 2
left_child=1 2 13 6 7 -4 -3 12 10 -10 -6 -9 -2 -1 -5
right_child=4 3 5 14 8 -7 -8 11 9 -11 -12 -13 -14 -15 -16
leaf_value=0 2.4243464417431774e-06 0 0 0 2.5568108862075045e-05 -8.6905091406621474e-06 3.7520222767321691e-06 -0.00055844933233125673 -0.0016739371474716617 0.0054055970407505668 -0.00023594541072207212 -0.0020698891949131205 0.00020356048181002971 0 0
leaf_weight=31562 1961 33482 41743 9557 22235 723 1250 5996 22015 16165 4078 5996 57 3127 53
leaf_count=31562 1961 33482 41743 9557 22235 723 1250 5996 22015 16165 4078 5996 57 3127 53
internal_value=0.00303195 0.00521297 0.00273268 0.00952866 -0.000343554 0.00436231 0.00864966 -0.00280086 0.000190253 -0.000411734 0.00106373 -0.0034573 0.0011001 0.000737698 0.0127055
internal_weight=200000 121497 77155 44342 78503 42466 34732 14010 64493 38180 26313 11992 2018 34689 9610
internal_count=200000 121497 77155 44342 78503 42466 34732 14010 64493 38180 26313 11992 2018 34689 9610
is_linear=0
shrinkage=0.03


Tree=124
num_leaves=16
num_cat=0
split_feature=40 41 41 41 40 40 40 40 40 9 10 40 30 41 8
split_gain=1640.51 1445.03 278.709 137.582 111.726 69.429 58.0149 39.4263 38.6942 37.9856 36.4126 35.449 31.486 7.09794 5.77482
threshold=0.0312474649399519 0.21429927647113803 0.067907188087701811 0.37645918130874639 0.4827463179826737 0.012340211775153877 0.016057942062616352 0.053093764930963523 0.98627725243568432 1.2856897711753847 1.666751563549042 0.21087211370468142 1.5000000000000002 0.042139187455177314 0.68750000000000011
decision_type=2 2 2 2 2 2 2 2 2 2 2 2 2 2 2
left_child=1 2 13 6 7 -4 -3 10 9 -6 -2 -9 -10 -1 -5
right_child=4 3 5 14 8 -7 -8 11 12 -11 -12 -13 -14 -15 -16
leaf_value=0 2.3516160484908508e-06 0 0 0 0.00050762122908133396 -8.4297938664422763e-06 3.6394616084302158e-06 -0.00054169585236131903 -0.001868775025663448 -0.019659485359490154 0.00019745366735572886 -0.0020077925190657266 -3.6493297045708762e-06 0 0
leaf_weight=31562 1961 33482 41743 9557 14230 723 1250 5996 1275 103 57 5996 48885 3127 53
leaf_count=31562 1961 33482 41743 9557 14230 723 1250 5996 1275 103 57 5996 48885 3127 53
internal_value=0.00302895 0.00521297 0.00273268 0.00952866 -0.000351197 0.00436231 0.00864966 -0.00277944 0.000176298 0.00155097 0.0011001 -0.00343229 -0.000216507 0.000737698 0.0127055
internal_weight=200000 121497 77155 44342 78503 42466 34732 14010 64493 14333 2018 11992 50160 34689 9610
internal_count=200000 121497 77155 44342 78503 42466 34732 14010 64493 14333 2018 11992 50160 34689 9610
is_linear=0
shrinkage=0.03


Tree=125
num_leaves=16
num_cat=0
split_feature=40 41 41 41 40 40 40 40 40 40 7 10 41 41 8
split_gain=1625.22 1444.12 278.926 137.699 112.147 68.2055 58.8641 39.7311 91.1396 38.9923 38.8148 36.4126 34.9361 7.09794 5.77482
threshold=0.0312474649399519 0.21429927647113803 0.067907188087701811 0.37645918130874639 0.4827463179826737 0.012340211775153877 0.016057942062616352 1.1193549036979678 1.3606827855110171 0.053093764930963523 1.0178571343421938 1.666751563549042 0.38861237466335302 0.042139187455177314 0.68750000000000011
decision_type=2 2 2 2 2 2 2 2 2 2 2 2 2 2 2
left_child=1 2 13 6 9 -4 -3 10 -9 11 -6 -2 -11 -1 -5
right_child=4 3 5 14 7 -7 -8 8 -10 12 -12 -13 -14 -15 -16
leaf_value=0 2.2810675670362211e-06 0 0 0 8.5101406184560915e-06 -8.1769000504490143e-06 3.5302777601772629e-06 -0.0012557064075128614 0.00063187662479060539 -0.00076702804781360388 3.3493168863189625e-05 0.00019153005733505706 -0.00059999017597815252 0 0
leaf_weight=31562 1961 33482 41743 9557 19318 723 1250 6308 31872 7134 6995 57 4858 3127 53
leaf_count=31562 1961 33482 41743 9557 19318 723 1250 6308 31872 7134 6995 57 4858 3127 53
internal_value=0.00303915 0.00521297 0.00273346 0.00952731 -0.000325211 0.00436373 0.00864793 0.000203278 -0.000414877 -0.00275803 0.00110022 0.0011001 -0.00340727 0.000737698 0.0127055
internal_weight=200000 121497 77155 44342 78503 42466 34732 64493 38180 14010 26313 2018 11992 34689 9610
internal_count=200000 121497 77155 44342 78503 42466 34732 64493 38180 14010 26313 2018 11992 34689 9610
is_linear=0
shrinkage=0.03


Tree=126
num_leaves=16
num_cat=0
split_feature=40 41 41 41 40 40 40 40 8 8 40 40 7 41 8
split_gain=1627.31 1442.89 269.035 144.178 108.345 66.2756 58.3992 40.1054 50.9024 46.9879 38.4307 95.6195 37.3704 7.09794 5.77482
threshold=0.0312474649399519 0.2099345996975899 0.067907188087701811 0.37645918130874639 0.4827463179826737 0.016057942062616352 0.010374342557042839 0.058214649558067329 1.8125000000000002 1.366071403026581 1.1262742877006533 1.3606827855110171 1.0178571343421938 0.042139187455177314 0.68750000000000011
decision_type=2 2 2 2 2 2 2 2 2 2 2 2 2 2 2
left_child=1 2 13 5 7 -3 -4 8 -2 -9 12 -12 -6 -1 -5
right_child=4 3 6 14 10 -7 -8 9 -10 -11 11 -13 -14 -15 -16
leaf_value=0 -9.1538218117762083e-08 0 0 0 8.0316685453683114e-06 2.1615380573541604e-06 -5.3740317074769427e-06 -0.00081099141873808495 0.00020346153008840524 -0.0013114113014760357 -0.0013904764312050494 0.00061292032604688717 3.288112889799424e-05 0 0
leaf_weight=31562 2266 34562 40572 9557 19472 1277 787 11331 85 328 5976 31872 7173 3127 53
leaf_count=31562 2266 34562 40572 9557 19472 1277 787 11331 85 328 5976 31872 7173 3127 53
internal_value=0.00303825 0.00521346 0.00268607 0.00944245 -0.000328268 0.00856748 0.00432022 -0.00271949 0.000854955 -0.00344026 0.000191184 -0.000423272 0.00106399 0.000737698 0.0127055
internal_weight=200000 121497 76048 45449 78503 35839 41359 14010 2351 11659 64493 37848 26645 34689 9610
internal_count=200000 121497 76048 45449 78503 35839 41359 14010 2351 11659 64493 37848 26645 34689 9610
is_linear=0
shrinkage=0.03


Tree=127
num_leaves=16
num_cat=0
split_feature=40 41 41 41 40 40 40 40 41 8 40 9 41 41 8
split_gain=1631.35 1442.89 269.035 144.178 106.95 66.2756 58.3992 39.3442 49.3766 42.617 38.1982 37.9681 29.1188 7.09794 5.77482
threshold=0.0312474649399519 0.2099345996975899 0.067907188087701811 0.37645918130874639 0.4827463179826737 0.016057942062616352 0.010374342557042839 0.058214649558067329 0.21429927647113803 1.366071403026581 0.98627725243568432 1.2856897711753847 0.56144794821739208 0.042139187455177314 0.68750000000000011
decision_type=2 2 2 2 2 2 2 2 2 2 2 2 2 2 2
left_child=1 2 13 5 7 -3 -4 8 -2 -9 11 -6 -12 -1 -5
right_child=4 3 6 14 10 -7 -8 9 -10 -11 12 -13 -14 -15 -16
leaf_value=0 9.1395349183701554e-05 0 0 0 0.0004913937963043519 2.0966919156335804e-06 -5.212810756252614e-06 -0.00078666167617594241 -5.5384749522615834e-06 -0.0012720689624317546 -1.9433921788668956e-05 -0.019071692027638285 0.0093484217757662646 0 0
leaf_weight=31562 255 34562 40572 9557 14230 1277 787 11331 2096 328 44495 103 5665 3127 53
leaf_count=31562 255 34562 40572 9557 14230 1277 787 11331 2096 328 44495 103 5665 3127 53
internal_value=0.00303555 0.00521346 0.00268607 0.00944245 -0.000335146 0.00856748 0.00432022 -0.00271092 0.000829434 -0.00342482 0.00018095 0.00154678 -0.00020933 0.000737698 0.0127055
internal_weight=200000 121497 76048 45449 78503 35839 41359 14010 2351 11659 64493 14333 50160 34689 9610
internal_count=200000 121497 76048 45449 78503 35839 41359 14010 2351 11659 64493 14333 50160 34689 9610
is_linear=0
shrinkage=0.03


Tree=128
num_leaves=16
num_cat=0
split_feature=40 41 41 41 40 40 40 40 40 40 8 8 41 41 8
split_gain=1628.52 1439.92 279.796 138.286 107.294 65.3226 63.2025 38.9238 95.0979 38.779 48.0194 41.2075 37.2343 7.09794 5.77482
threshold=0.0312474649399519 0.21429927647113803 0.067907188087701811 0.37645918130874639 0.4827463179826737 0.014174921903759243 0.016057942062616352 1.1262742877006533 1.3606827855110171 0.058214649558067329 1.8125000000000002 1.366071403026581 0.45056347548961645 0.042139187455177314 0.68750000000000011
decision_type=2 2 2 2 2 2 2 2 2 2 2 2 2 2 2
left_child=1 2 13 6 9 -4 -3 12 -9 10 -2 -11 -6 -1 -5
right_child=4 3 5 14 7 -7 -8 8 -10 11 -12 -13 -14 -15 -16
leaf_value=0 -2.1094267708004348e-07 0 0 0 2.4428577716026545e-05 -1.3904418676172862e-05 3.2966225281823822e-06 -0.001348179120615238 0.00056838084915051168 -0.00076306182589066423 0.00019461582371024195 -0.0012339068935588019 -0.000234727380267312 0 0
leaf_weight=31562 2266 33482 41877 9557 22505 589 1250 5976 31872 11331 85 328 4140 3127 53
leaf_count=31562 2266 33482 41877 9557 22505 589 1250 5976 31872 11331 85 328 4140 3127 53
internal_value=0.00303645 0.00521247 0.00273657 0.00952054 -0.000331325 0.00436938 0.0086393 0.000185602 -0.000432784 -0.00271092 0.000803913 -0.00341968 0.00106399 0.000737698 0.0127055
internal_weight=200000 121497 77155 44342 78503 42466 34732 64493 37848 14010 2351 11659 26645 34689 9610
internal_count=200000 121497 77155 44342 78503 42466 34732 64493 37848 14010 2351 11659 26645 34689 9610
is_linear=0
shrinkage=0.03


Tree=129
num_leaves=16
num_cat=0
split_feature=40 41 41 41 40 40 40 40 9 40 41 40 41 41 8
split_gain=1630.35 1437.37 269.689 145.113 104.962 73.6279 55.2643 38.2763 37.9506 37.1967 44.5166 34.3475 28.382 7.09794 5.77482
threshold=0.0312474649399519 0.2099345996975899 0.067907188087701811 0.37645918130874639 0.4827463179826737 0.016057942062616352 0.014174921903759243 0.98627725243568432 1.2856897711753847 0.058214649558067329 0.21429927647113803 0.21087211370468142 0.56144794821739208 0.042139187455177314 0.68750000000000011
decision_type=2 2 2 2 2 2 2 2 2 2 2 2 2 2 2
left_child=1 2 13 5 9 -3 -4 8 -6 10 -2 -11 -9 -1 -5
right_child=4 3 6 14 7 -7 -8 12 -10 11 -12 -13 -14 -15 -16
leaf_value=0 8.8659816988502911e-05 0 0 0 0.00047591912508374061 1.9348924823191573e-06 -1.1905370811301375e-05 -1.9050164217751745e-05 -0.018500274124140619 -0.00058204793823316123 -5.8496870984448343e-06 -0.0018512615732146367 0.0090509176970187625 0 0
leaf_weight=31562 255 34562 40799 9557 14230 1277 560 44495 103 5663 2096 5996 5665 3127 53
leaf_count=31562 255 34562 40799 9557 14230 1277 560 44495 103 5663 2096 5996 5665 3127 53
internal_value=0.00303375 0.00521099 0.00268843 0.00943189 -0.000335911 0.00855409 0.00432457 0.000175368 0.00154259 -0.00268951 0.000752871 -0.00338365 -0.000215311 0.000737698 0.0127055
internal_weight=200000 121497 76048 45449 78503 35839 41359 64493 14333 14010 2351 11659 50160 34689 9610
internal_count=200000 121497 76048 45449 78503 35839 41359 64493 14333 14010 2351 11659 50160 34689 9610
is_linear=0
shrinkage=0.03


Tree=130
num_leaves=16
num_cat=0
split_feature=40 41 41 41 40 40 40 40 40 40 41 41 40 41 8
split_gain=1628.1 1437.37 269.689 145.113 103.779 73.6279 55.2643 38.5518 92.5682 36.8274 42.7642 36.0338 33.4597 7.09794 5.77482
threshold=0.0312474649399519 0.2099345996975899 0.067907188087701811 0.37645918130874639 0.4827463179826737 0.016057942062616352 0.014174921903759243 1.1262742877006533 1.3606827855110171 0.058214649558067329 0.21429927647113803 0.45056347548961645 0.21087211370468142 0.042139187455177314 0.68750000000000011
decision_type=2 2 2 2 2 2 2 2 2 2 2 2 2 2 2
left_child=1 2 13 5 9 -3 -4 11 -9 10 -2 -6 -11 -1 -5
right_child=4 3 6 14 7 -7 -8 8 -10 12 -12 -13 -14 -15 -16
leaf_value=0 8.6000022478847847e-05 0 0 0 2.4196534487163635e-05 1.8768457078495794e-06 -1.1548209686962335e-05 -0.0013071622420702483 0.00054135444741310913 -0.00056458650008616644 -5.674196485491549e-06 -0.00023056098677277689 -0.0017957237260181975 0 0
leaf_weight=31562 255 34562 40799 9557 22505 1277 560 5976 31872 5663 2096 4140 5996 3127 53
leaf_count=31562 255 34562 40799 9557 22505 1277 560 5976 31872 5663 2096 4140 5996 3127 53
internal_value=0.00303525 0.00521099 0.00268843 0.00943189 -0.000332089 0.00855409 0.00432457 0.000176298 -0.000439125 -0.00267238 0.000752871 0.00105048 -0.00336307 0.000737698 0.0127055
internal_weight=200000 121497 76048 45449 78503 35839 41359 64493 37848 14010 2351 26645 11659 34689 9610
internal_count=200000 121497 76048 45449 78503 35839 41359 64493 37848 14010 2351 26645 11659 34689 9610
is_linear=0
shrinkage=0.03


Tree=131
num_leaves=16
num_cat=0
split_feature=40 41 41 41 40 40 40 40 9 40 41 40 41 41 8
split_gain=1631.86 1436.81 269.689 145.23 102.413 74.5742 55.2643 37.396 37.8456 36.6434 41.0469 33.0201 27.7943 7.09794 5.77482
threshold=0.0312474649399519 0.2099345996975899 0.067907188087701811 0.37645918130874639 0.4827463179826737 0.016057942062616352 0.014174921903759243 0.98627725243568432 1.2856897711753847 0.058214649558067329 0.21429927647113803 0.21087211370468142 0.32022558152675634 0.042139187455177314 0.68750000000000011
decision_type=2 2 2 2 2 2 2 2 2 2 2 2 2 2 2
left_child=1 2 13 5 9 -3 -4 8 -6 10 -2 -11 -9 -1 -5
right_child=4 3 6 14 7 -7 -8 12 -10 11 -12 -13 -14 -15 -16
leaf_value=0 8.3420021804482411e-05 0 0 0 0.00046141819692624084 1.8205403366141139e-06 -1.1201763396353464e-05 -5.9545829489169585e-05 -0.017945991796451014 -0.0005476489050835814 -5.5039705909267976e-06 -0.001741852014237652 8.5866357274825417e-06 0 0
leaf_weight=31562 255 34562 40799 9557 14230 1277 560 12337 103 5663 2096 5996 37823 3127 53
leaf_count=31562 255 34562 40799 9557 14230 1277 560 12337 103 5663 2096 5996 37823 3127 53
internal_value=0.00303225 0.0052105 0.00268843 0.00943057 -0.000338968 0.00855241 0.00432457 0.000166065 0.00151748 -0.00266381 0.000752871 -0.00335277 -0.000220096 0.000737698 0.0127055
internal_weight=200000 121497 76048 45449 78503 35839 41359 64493 14333 14010 2351 11659 50160 34689 9610
internal_count=200000 121497 76048 45449 78503 35839 41359 64493 14333 14010 2351 11659 50160 34689 9610
is_linear=0
shrinkage=0.03


Tree=132
num_leaves=16
num_cat=0
split_feature=40 41 41 41 40 40 40 40 40 17 40 35 41 41 8
split_gain=1626.47 1436.81 269.689 145.23 101.713 74.5742 55.2643 38.0055 89.426 37.0212 35.7343 40.9906 32.0114 7.09794 5.77482
threshold=0.0312474649399519 0.2099345996975899 0.067907188087701811 0.37645918130874639 0.4827463179826737 0.016057942062616352 0.014174921903759243 1.1262742877006533 1.3606827855110171 -0.22252074629068372 0.058214649558067329 4.5499999523162851 0.38861237466335302 0.042139187455177314 0.68750000000000011
decision_type=2 2 2 2 2 2 2 2 2 2 2 2 2 2 2
left_child=1 2 13 5 10 -3 -4 9 -9 -6 11 -2 -12 -1 -5
right_child=4 3 6 14 7 -7 -8 8 -10 -11 12 -13 -14 -15 -16
leaf_value=0 8.3239311817598357e-07 0 0 0 3.5073644495862489e-05 1.7659241265156541e-06 -1.0865710494462905e-05 -0.0012671829869017157 0.00052587820189714096 2.0930244222600035e-06 -0.00071994987573848021 0.0002855606996349418 -0.00059883160799491404 0 0
leaf_weight=31562 2301 34562 40799 9557 10692 1277 560 5976 31872 15953 6915 50 4744 3127 53
leaf_count=31562 2301 34562 40799 9557 10692 1277 560 5976 31872 15953 6915 50 4744 3127 53
internal_value=0.00303585 0.0052105 0.00268843 0.00943057 -0.000329796 0.00855241 0.00432457 0.000173507 -0.00043754 0.00104147 -0.00264668 0.00072735 -0.00332704 0.000737698 0.0127055
internal_weight=200000 121497 76048 45449 78503 35839 41359 64493 37848 26645 14010 2351 11659 34689 9610
internal_count=200000 121497 76048 45449 78503 35839 41359 64493 37848 26645 14010 2351 11659 34689 9610
is_linear=0
shrinkage=0.03


Tree=133
num_leaves=16
num_cat=0
split_feature=40 41 41 41 40 40 40 40 41 17 40 35 41 41 8
split_gain=1625.12 1436.81 269.689 145.23 98.5554 74.5742 55.2643 36.5368 88.338 36.4192 34.9225 40.9906 31.3062 7.09794 5.77482
threshold=0.0312474649399519 0.2099345996975899 0.067907188087701811 0.37645918130874639 0.4827463179826737 0.016057942062616352 0.014174921903759243 1.1262742877006533 0.45056347548961645 -0.22252074629068372 0.058214649558067329 4.5499999523162851 0.38861237466335302 0.042139187455177314 0.68750000000000011
decision_type=2 2 2 2 2 2 2 2 2 2 2 2 2 2 2
left_child=1 2 13 5 10 -3 -4 9 -9 -6 11 -2 -12 -1 -5
right_child=4 3 6 14 7 -7 -8 8 -10 -11 12 -13 -14 -15 -16
leaf_value=0 8.0742132463069994e-07 0 0 0 3.4021435160986603e-05 1.7129464027201835e-06 -1.0539739179628981e-05 -0.0016816223043371928 0.0051318843954374005 2.0302336895921745e-06 -0.00069835137946632592 0.00027699387864589347 -0.00058086665975506664 0 0
leaf_weight=31562 2301 34562 40799 9557 10692 1277 560 22111 15737 15953 6915 50 4744 3127 53
leaf_count=31562 2301 34562 40799 9557 10692 1277 560 22111 15737 15953 6915 50 4744 3127 53
internal_value=0.00303675 0.0052105 0.00268843 0.00943057 -0.000327503 0.00855241 0.00432457 0.000167925 -0.000431198 0.00101895 -0.00260814 0.00072735 -0.00328073 0.000737698 0.0127055
internal_weight=200000 121497 76048 45449 78503 35839 41359 64493 37848 26645 14010 2351 11659 34689 9610
internal_count=200000 121497 76048 45449 78503 35839 41359 64493 37848 26645 14010 2351 11659 34689 9610
is_linear=0
shrinkage=0.03


Tree=134
num_leaves=16
num_cat=0
split_feature=40 41 41 41 40 40 40 40 9 40 35 41 41 41 8
split_gain=1625.12 1436.81 269.689 145.23 96.7134 74.5742 55.2643 36.1882 36.6134 34.4756 40.9906 30.4536 26.6874 7.09794 5.77482
threshold=0.0312474649399519 0.2099345996975899 0.067907188087701811 0.37645918130874639 0.4827463179826737 0.016057942062616352 0.014174921903759243 0.98294639587402355 1.3014668822288515 0.058214649558067329 4.5499999523162851 0.38861237466335302 0.61834272742271434 0.042139187455177314 0.68750000000000011
decision_type=2 2 2 2 2 2 2 2 2 2 2 2 2 2 2
left_child=1 2 13 5 9 -3 -4 8 -6 10 -2 -11 -9 -1 -5
right_child=4 3 6 14 7 -7 -8 12 -10 11 -12 -13 -14 -15 -16
leaf_value=0 7.831986848916977e-07 0 0 0 0.00055203304201558313 1.661558010638553e-06 -1.0223547004240152e-05 -1.5749064201010083e-05 -0.017355055367109008 -0.00067740083808233605 0.00026868406228651659 -0.00056344065996241459 0.015871996980434896 0 0
leaf_weight=31562 2301 34562 40799 9557 13901 1277 560 47446 99 6915 50 4744 3047 3127 53
leaf_count=31562 2301 34562 40799 9557 13901 1277 560 47446 99 6915 50 4744 3047 3127 53
internal_value=0.00303675 0.0052105 0.00268843 0.00943057 -0.000327503 0.00855241 0.00432457 0.000163274 0.00151286 -0.00258672 0.00072735 -0.003255 -0.00021092 0.000737698 0.0127055
internal_weight=200000 121497 76048 45449 78503 35839 41359 64493 14000 14010 2351 11659 50493 34689 9610
internal_count=200000 121497 76048 45449 78503 35839 41359 64493 14000 14010 2351 11659 50493 34689 9610
is_linear=0
shrinkage=0.03


Tree=135
num_leaves=16
num_cat=0
split_feature=40 41 41 41 40 40 40 40 41 9 40 35 41 41 8
split_gain=1616.61 1436.81 269.689 145.23 94.3052 74.5742 55.2643 36.2179 83.062 34.6978 33.0682 41.0685 28.6689 7.09794 5.77482
threshold=0.0312474649399519 0.2099345996975899 0.067907188087701811 0.37645918130874639 0.4827463179826737 0.016057942062616352 0.014174921903759243 1.1262742877006533 0.45056347548961645 1.3322845697402956 0.058214649558067329 4.5499999523162851 0.42952445149421697 0.042139187455177314 0.68750000000000011
decision_type=2 2 2 2 2 2 2 2 2 2 2 2 2 2 2
left_child=1 2 13 5 10 -3 -4 9 -9 -6 11 -2 -12 -1 -5
right_child=4 3 6 14 7 -7 -8 8 -10 -11 12 -13 -14 -15 -16
leaf_value=0 7.5970272434493219e-07 0 0 0 1.9719383469309572e-05 1.6117112703194214e-06 -9.9168405941129317e-06 -0.0016307011632810463 0.0049312169064439108 -0.017398055625460665 -0.00065372956046627943 0.00026062354041792116 -0.00040630885252952454 0 0
leaf_weight=31562 2301 34562 40799 9557 26522 1277 560 22111 15737 123 8840 50 2819 3127 53
leaf_count=31562 2301 34562 40799 9557 26522 1277 560 22111 15737 123 8840 50 2819 3127 53
internal_value=0.00304245 0.0052105 0.00268843 0.00943057 -0.000312982 0.00855241 0.00432457 0.000171647 -0.000424857 0.00101895 -0.0025439 0.000701829 -0.00319839 0.000737698 0.0127055
internal_weight=200000 121497 76048 45449 78503 35839 41359 64493 37848 26645 14010 2351 11659 34689 9610
internal_count=200000 121497 76048 45449 78503 35839 41359 64493 37848 26645 14010 2351 11659 34689 9610
is_linear=0
shrinkage=0.03


Tree=136
num_leaves=16
num_cat=0
split_feature=40 41 41 41 40 40 40 40 41 40 9 12 34 41 8
split_gain=1610.09 1435.33 279.796 139.227 87.6007 70.4648 65.3226 37.5783 51.7619 35.9587 36.5961 29.9756 26.0211 7.09794 5.77482
threshold=0.0312474649399519 0.21429927647113803 0.067907188087701811 0.37645918130874639 0.4827463179826737 0.016057942062616352 0.014174921903759243 0.063983209431171431 0.21429927647113803 0.98294639587402355 1.3014668822288515 -0.37499999999999994 0.15000000223517421 0.042139187455177314 0.68750000000000011
decision_type=2 2 2 2 2 2 2 2 2 2 2 2 2 2 2
left_child=1 2 13 5 7 -3 -4 8 -2 10 -6 -9 -11 -1 -5
right_child=4 3 6 14 9 -7 -8 11 -10 12 -12 -13 -14 -15 -16
leaf_value=0 8.3830050146332171e-05 0 0 0 0.00053488046925103641 2.8261913022276271e-06 -1.1201250680875838e-05 -0.0013185822423896127 -6.0173087169234495e-06 0.021689398432744617 -0.016312462037331915 -0.00067755922299772011 -1.1443766070790561e-05 0 0
leaf_weight=31562 276 33482 41877 9557 13901 1250 589 1144 2408 710 99 10182 49783 3127 53
leaf_count=31562 276 33482 41877 9557 13901 1250 589 1144 2408 710 99 10182 49783 3127 53
internal_value=0.00304485 0.00520852 0.00273657 0.00950972 -0.00030381 0.00862548 0.00436938 -0.00245396 0.000737705 0.000163274 0.00150857 -0.00321031 -0.000209732 0.000737698 0.0127055
internal_weight=200000 121497 77155 44342 78503 34732 42466 14010 2684 64493 14000 11326 50493 34689 9610
internal_count=200000 121497 77155 44342 78503 34732 42466 14010 2684 64493 14000 11326 50493 34689 9610
is_linear=0
shrinkage=0.03


Tree=137
num_leaves=16
num_cat=0
split_feature=40 41 41 41 40 40 40 40 8 40 9 41 41 41 8
split_gain=1606.68 1434 269.689 145.816 87.3389 79.3959 55.2643 36.3342 49.5183 35.4825 36.5788 28.9411 25.0068 7.09794 5.77482
threshold=0.0312474649399519 0.2099345996975899 0.067907188087701811 0.37645918130874639 0.4827463179826737 0.016057942062616352 0.014174921903759243 0.063983209431171431 1.8125000000000002 0.98294639587402355 1.3014668822288515 0.37069712579250341 0.61834272742271434 0.042139187455177314 0.68750000000000011
decision_type=2 2 2 2 2 2 2 2 2 2 2 2 2 2 2
left_child=1 2 13 5 7 -3 -4 8 -2 10 -6 -9 -11 -1 -5
right_child=4 3 6 14 9 -7 -8 11 -10 12 -12 -13 -14 -15 -16
leaf_value=0 -3.799217009815142e-07 0 0 0 0.00051883405517350533 1.478574193142998e-06 -9.2832978558632893e-06 -0.00085652209771270151 0.00017567740702651178 -1.529540941832651e-05 -0.015823088176211961 -0.00060515193631414954 0.015248243876810655 0 0
leaf_weight=31562 2585 34562 40799 9557 13901 1277 560 5736 99 47446 99 5590 3047 3127 53
leaf_count=31562 2585 34562 40799 9557 13901 1277 560 5736 99 47446 99 5590 3047 3127 53
internal_value=0.00304665 0.00520803 0.00268843 0.00942397 -0.00029846 0.00854404 0.00432457 -0.0024454 0.000692996 0.000167925 0.00150429 -0.00318912 -0.000202602 0.000737698 0.0127055
internal_weight=200000 121497 76048 45449 78503 35839 41359 14010 2684 64493 14000 11326 50493 34689 9610
internal_count=200000 121497 76048 45449 78503 35839 41359 14010 2684 64493 14000 11326 50493 34689 9610
is_linear=0
shrinkage=0.03


Tree=138
num_leaves=16
num_cat=0
split_feature=40 41 41 41 40 40 40 40 41 41 40 38 41 41 8
split_gain=1600.73 1433.66 269.908 145.816 86.4694 79.3959 54.1622 36.785 76.3593 35.8722 35.3279 48.7571 27.7559 7.09794 5.77482
threshold=0.0312474649399519 0.2099345996975899 0.067907188087701811 0.37645918130874639 0.4827463179826737 0.016057942062616352 0.010374342557042839 1.1262742877006533 0.45056347548961645 0.45056347548961645 0.063983209431171431 4.2107143402099618 0.37069712579250341 0.042139187455177314 0.68750000000000011
decision_type=2 2 2 2 2 2 2 2 2 2 2 2 2 2 2
left_child=1 2 13 5 10 -3 -4 9 -9 -6 11 -2 -12 -1 -5
right_child=4 3 6 14 7 -7 -8 8 -10 -11 12 -13 -14 -15 -16
leaf_value=0 9.0139588208758972e-07 0 0 0 2.3114638392753675e-05 1.4342169673486892e-06 -4.3319506027716423e-06 -0.0015878223574743524 0.0047442935969047853 -0.0002408397273464814 -0.00083082643478132054 0.00029321644367392502 -0.0005869973782247251 0 0
leaf_weight=31562 2630 34562 40572 9557 22505 1277 787 22111 15737 4140 5736 54 5590 3127 53
leaf_count=31562 2630 34562 40572 9557 22505 1277 787 22111 15737 4140 5736 54 5590 3127 53
internal_value=0.00305115 0.00520852 0.00268922 0.00942397 -0.00028776 0.00854404 0.00432602 0.000176298 -0.000424857 0.00103021 -0.00242398 0.000670641 -0.00315734 0.000737698 0.0127055
internal_weight=200000 121497 76048 45449 78503 35839 41359 64493 37848 26645 14010 2684 11326 34689 9610
internal_count=200000 121497 76048 45449 78503 35839 41359 64493 37848 26645 14010 2684 11326 34689 9610
is_linear=0
shrinkage=0.03


Tree=139
num_leaves=16
num_cat=0
split_feature=40 41 41 41 40 40 40 40 9 40 38 41 33 41 8
split_gain=1605.94 1432.54 269.908 146.051 84.2921 81.3669 54.1622 35.6503 36.5616 34.9378 48.7571 26.9795 24.8069 7.09794 5.77482
threshold=0.0312474649399519 0.2099345996975899 0.067907188087701811 0.37645918130874639 0.4827463179826737 0.016057942062616352 0.010374342557042839 0.98294639587402355 1.3014668822288515 0.063983209431171431 4.2107143402099618 0.37069712579250341 1.0000000180025095e-35 0.042139187455177314 0.68750000000000011
decision_type=2 2 2 2 2 2 2 2 2 2 2 2 2 2 2
left_child=1 2 13 5 9 -3 -4 8 -6 10 -2 -11 -9 -1 -5
right_child=4 3 6 14 7 -7 -8 12 -10 11 -12 -13 -14 -15 -16
leaf_value=0 8.7435400562493187e-07 0 0 0 0.00050549221437140785 1.3911904583282369e-06 -4.201992084688494e-06 0.046495745753461798 -0.015349088970077383 -0.00080590164173788108 0.00028441995036370738 -0.00056938745687798345 -9.6850070738315612e-06 0 0
leaf_weight=31562 2630 34562 40572 9557 13901 1277 787 172 99 5736 54 5590 50321 3127 53
leaf_count=31562 2630 34562 40572 9557 13901 1277 787 172 99 5736 54 5590 50321 3127 53
internal_value=0.00304665 0.00520754 0.00268922 0.00942133 -0.000297696 0.0085407 0.00432602 0.000160483 0.0015 -0.00240685 0.000670641 -0.00313615 -0.00021092 0.000737698 0.0127055
internal_weight=200000 121497 76048 45449 78503 35839 41359 64493 14000 14010 2684 11326 50493 34689 9610
internal_count=200000 121497 76048 45449 78503 35839 41359 64493 14000 14010 2684 11326 50493 34689 9610
is_linear=0
shrinkage=0.03


Tree=140
num_leaves=16
num_cat=0
split_feature=40 41 41 41 40 40 40 40 9 40 35 41 41 41 8
split_gain=1603.72 1432.54 269.908 146.051 84.2553 81.3669 54.1622 35.2254 36.5443 34.3356 48.0369 26.9845 24.2299 7.09794 5.77482
threshold=0.0312474649399519 0.2099345996975899 0.067907188087701811 0.37645918130874639 0.4827463179826737 0.016057942062616352 0.010374342557042839 0.98294639587402355 1.3014668822288515 0.063983209431171431 4.5499999523162851 0.37069712579250341 0.73569414019584667 0.042139187455177314 0.68750000000000011
decision_type=2 2 2 2 2 2 2 2 2 2 2 2 2 2 2
left_child=1 2 13 5 9 -3 -4 8 -6 10 -2 -11 -9 -1 -5
right_child=4 3 6 14 7 -7 -8 12 -10 11 -12 -13 -14 -15 -16
leaf_value=0 4.5468733340020551e-07 0 0 0 0.00049032744794026565 1.3494547445783502e-06 -4.0759323221478161e-06 -1.1617396592761096e-05 -0.014888616300975061 -0.00078172459248574463 0.0002484538973509095 -0.00055230583317164388 0.042906415893889181 0 0
leaf_weight=31562 2627 34562 40572 9557 13901 1277 787 49714 99 5736 57 5590 779 3127 53
leaf_count=31562 2627 34562 40572 9557 13901 1277 787 49714 99 5736 57 5590 779 3127 53
internal_value=0.00304815 0.00520754 0.00268922 0.00942133 -0.000293874 0.0085407 0.00432602 0.000164204 0.00149571 -0.00240257 0.000648286 -0.00312555 -0.000204979 0.000737698 0.0127055
internal_weight=200000 121497 76048 45449 78503 35839 41359 64493 14000 14010 2684 11326 50493 34689 9610
internal_count=200000 121497 76048 45449 78503 35839 41359 64493 14000 14010 2684 11326 50493 34689 9610
is_linear=0
shrinkage=0.03


Tree=141
num_leaves=16
num_cat=0
split_feature=40 41 41 41 40 40 40 40 40 41 40 35 41 41 8
split_gain=1597.04 1432.54 269.908 146.051 82.7823 81.3669 54.1622 36.2905 77.797 38.7065 33.6642 48.0369 25.6522 7.09794 5.77482
threshold=0.0312474649399519 0.2099345996975899 0.067907188087701811 0.37645918130874639 0.4827463179826737 0.016057942062616352 0.010374342557042839 1.1345788240432741 1.3606827855110171 0.45056347548961645 0.063983209431171431 4.5499999523162851 0.37069712579250341 0.042139187455177314 0.68750000000000011
decision_type=2 2 2 2 2 2 2 2 2 2 2 2 2 2 2
left_child=1 2 13 5 10 -3 -4 9 -9 -6 11 -2 -12 -1 -5
right_child=4 3 6 14 7 -7 -8 8 -10 -11 12 -13 -14 -15 -16
leaf_value=0 4.4104671339813273e-07 0 0 0 2.3053753090048331e-05 1.3089711022409509e-06 -3.9536543524833902e-06 -0.0013552649796999797 0.00040051299147247585 -0.00025181163183114167 -0.00075827285471117244 0.00024100028043038213 -0.00053573665817649452 0 0
leaf_weight=31562 2627 34562 40572 9557 22760 1277 787 5644 31872 4217 5736 57 5590 3127 53
leaf_count=31562 2627 34562 40572 9557 22760 1277 787 5644 31872 4217 5736 57 5590 3127 53
internal_value=0.00305265 0.00520754 0.00268922 0.00942133 -0.00028241 0.0085407 0.00432602 0.000171647 -0.000431816 0.00101086 -0.00237259 0.000648286 -0.00308847 0.000737698 0.0127055
internal_weight=200000 121497 76048 45449 78503 35839 41359 64493 37516 26977 14010 2684 11326 34689 9610
internal_count=200000 121497 76048 45449 78503 35839 41359 64493 37516 26977 14010 2684 11326 34689 9610
is_linear=0
shrinkage=0.03


Tree=142
num_leaves=16
num_cat=0
split_feature=40 41 41 41 40 40 36 40 9 40 41 12 39 41 8
split_gain=1602.64 1431.19 270.781 146.051 81.3669 79.829 51.0803 34.9886 36.4926 34.2123 63.5973 28.0326 23.9559 7.09794 5.77482
threshold=0.0312474649399519 0.2099345996975899 0.067907188087701811 0.37645918130874639 0.016057942062616352 0.4827463179826737 0.25000000745058065 0.98294639587402355 1.3014668822288515 0.069781169295310988 0.21429927647113803 -0.41071428358554835 0.79999998211860668 0.042139187455177314 0.68750000000000011
decision_type=2 2 2 2 2 2 2 2 2 2 2 2 2 2 2
left_child=1 2 13 4 -3 9 -4 8 -7 10 -2 -11 -9 -1 -5
right_child=5 3 6 14 -6 7 -8 12 -10 11 -12 -13 -14 -15 -16
leaf_value=0 8.1020906901043541e-05 0 0 0 1.2697019691736838e-06 0.00047526375474051002 0 -1.013930259190195e-05 -0.01444264942453851 -0.0014276966365922234 -8.3459042136056412e-06 -0.00074445391674744853 0.08330837813273427 0 0
leaf_weight=31562 305 34562 28251 9557 1277 13901 13108 50218 99 929 2712 10064 275 3127 53
leaf_count=31562 305 34562 28251 9557 1277 13901 13108 50218 99 929 2712 10064 275 3127 53
internal_value=0.00305085 0.00520951 0.00269238 0.00942133 0.0085407 -0.000290053 0.00433183 0.000155831 0.00148286 -0.00234261 0.000487239 -0.00311926 -0.000212109 0.000737698 0.0127055
internal_weight=200000 121497 76048 45449 35839 78503 41359 64493 14000 14010 3017 10993 50493 34689 9610
internal_count=200000 121497 76048 45449 35839 78503 41359 64493 14000 14010 3017 10993 50493 34689 9610
is_linear=0
shrinkage=0.03


Tree=143
num_leaves=16
num_cat=0
split_feature=40 41 41 41 40 40 36 40 40 17 40 41 12 41 8
split_gain=1598.35 1430.63 270.781 146.169 82.3615 78.0423 51.0803 35.0083 75.6211 37.2205 34.9338 63.0144 25.4364 7.09794 5.77482
threshold=0.0312474649399519 0.2099345996975899 0.067907188087701811 0.37645918130874639 0.016057942062616352 0.4827463179826737 0.25000000745058065 1.1345788240432741 1.3606827855110171 -0.22252074629068372 0.069781169295310988 0.21429927647113803 -0.41071428358554835 0.042139187455177314 0.68750000000000011
decision_type=2 2 2 2 2 2 2 2 2 2 2 2 2 2 2
left_child=1 2 13 4 -3 10 -4 9 -9 -7 11 -2 -12 -1 -5
right_child=5 3 6 14 -6 7 -8 8 -10 -11 12 -13 -14 -15 -16
leaf_value=0 7.85902796940123e-05 0 0 0 1.2316109100984212e-06 3.3666080070163112e-05 0 -0.0013143028512312236 0.00038220872980835257 1.2601645586335343e-06 -0.0013848657374944564 -8.095527087197442e-06 -0.00072212029924502506 0 0
leaf_weight=31562 305 34562 28251 9557 1277 10838 13108 5644 31872 16139 929 2712 10064 3127 53
leaf_count=31562 305 34562 28251 9557 1277 10838 13108 5644 31872 16139 929 2712 10064 3127 53
internal_value=0.00305325 0.00520902 0.00269238 0.00942001 0.00853902 -0.000283174 0.00433183 0.000157692 -0.000435014 0.000981948 -0.00231263 0.000546901 -0.00309743 0.000737698 0.0127055
internal_weight=200000 121497 76048 45449 35839 78503 41359 64493 37516 26977 14010 3017 10993 34689 9610
internal_count=200000 121497 76048 45449 35839 78503 41359 64493 37516 26977 14010 3017 10993 34689 9610
is_linear=0
shrinkage=0.03


Tree=144
num_leaves=16
num_cat=0
split_feature=40 41 41 41 40 40 36 40 41 40 9 41 41 41 8
split_gain=1604.58 1430.63 270.781 146.169 82.3615 76.2418 51.0803 35.106 60.9206 35.0465 36.4409 25.4173 24.0081 7.09794 5.77482
threshold=0.0312474649399519 0.2099345996975899 0.067907188087701811 0.37645918130874639 0.016057942062616352 0.4827463179826737 0.25000000745058065 0.069781169295310988 0.21429927647113803 0.98294639587402355 1.3014668822288515 0.43232642114162451 0.32022558152675634 0.042139187455177314 0.68750000000000011
decision_type=2 2 2 2 2 2 2 2 2 2 2 2 2 2 2
left_child=1 2 13 4 -3 7 -4 8 -2 10 -7 -9 -11 -1 -5
right_child=5 3 6 14 -6 9 -8 11 -10 12 -12 -13 -14 -15 -16
leaf_value=0 7.6232571303192076e-05 0 0 0 1.1946625827954914e-06 0.00046063029433038197 0 -0.00078777197725626424 -7.8526612745814442e-06 -4.4612934350810107e-05 -0.014009407746739113 -0.00056564092607643945 6.8350278543786223e-06 0 0
leaf_weight=31562 305 34562 28251 9557 1277 13901 13108 8405 2712 12524 99 2588 37969 3127 53
leaf_count=31562 305 34562 28251 9557 1277 13901 13108 8405 2712 12524 99 2588 37969 3127 53
internal_value=0.00304905 0.00520902 0.00269238 0.00942001 0.00853902 -0.000293874 0.00433183 -0.00229979 0.000566788 0.000141876 0.00147 -0.00308651 -0.000226368 0.000737698 0.0127055
internal_weight=200000 121497 76048 45449 35839 78503 41359 14010 3017 64493 14000 10993 50493 34689 9610
internal_count=200000 121497 76048 45449 35839 78503 41359 14010 3017 64493 14000 10993 50493 34689 9610
is_linear=0
shrinkage=0.03


Tree=145
num_leaves=16
num_cat=0
split_feature=40 41 41 41 40 40 36 40 41 41 40 41 41 41 8
split_gain=1596.57 1430.63 270.781 146.169 82.3615 75.9856 51.0803 34.6794 73.8962 36.8514 34.2051 57.3927 24.8864 7.09794 5.77482
threshold=0.0312474649399519 0.2099345996975899 0.067907188087701811 0.37645918130874639 0.016057942062616352 0.4827463179826737 0.25000000745058065 1.1345788240432741 0.45056347548961645 0.45056347548961645 0.069781169295310988 0.21429927647113803 0.43232642114162451 0.042139187455177314 0.68750000000000011
decision_type=2 2 2 2 2 2 2 2 2 2 2 2 2 2 2
left_child=1 2 13 4 -3 10 -4 9 -9 -7 11 -2 -12 -1 -5
right_child=5 3 6 14 -6 7 -8 8 -10 -11 12 -13 -14 -15 -16
leaf_value=0 7.3945594164096231e-05 0 0 0 1.1588227053115767e-06 2.2345711602573457e-05 0 -0.0016221844880967393 0.0046655787495072593 -0.00024419595957084065 -0.00076413881793857639 -7.6170814363440625e-06 -0.00054867169829414617 0 0
leaf_weight=31562 305 34562 28251 9557 1277 22760 13108 21856 15660 4217 8405 2712 2588 3127 53
leaf_count=31562 305 34562 28251 9557 1277 22760 13108 21856 15660 4217 8405 2712 2588 3127 53
internal_value=0.00305445 0.00520902 0.00269238 0.00942001 0.00853902 -0.000280117 0.00433183 0.000154901 -0.000435014 0.000975275 -0.00228266 0.000546901 -0.00305922 0.000737698 0.0127055
internal_weight=200000 121497 76048 45449 35839 78503 41359 64493 37516 26977 14010 3017 10993 34689 9610
internal_count=200000 121497 76048 45449 35839 78503 41359 64493 37516 26977 14010 3017 10993 34689 9610
is_linear=0
shrinkage=0.03


Tree=146
num_leaves=16
num_cat=0
split_feature=40 41 41 41 40 40 40 40 41 40 41 9 34 41 8
split_gain=1597.04 1429.68 280.886 140.054 77.1432 74.5358 58.8759 43.6151 31.9121 52.6449 33.8372 29.1274 23.7693 7.09794 5.77482
threshold=0.0312474649399519 0.21429927647113803 0.067907188087701811 0.37645918130874639 0.016057942062616352 0.55894470214843761 0.014174921903759243 0.98294639587402355 0.15360156446695331 0.090985890477895751 0.37836536765098577 1.3014668822288515 0.15000000223517421 0.042139187455177314 0.68750000000000011
decision_type=2 2 2 2 2 2 2 2 2 2 2 2 2 2 2
left_child=1 2 13 4 -3 8 -4 11 9 -2 -10 -7 -9 -1 -5
right_child=5 3 6 14 -6 7 -8 12 10 -11 -12 -13 -14 -15 -16
leaf_value=0 0.00012490683368180411 0 0 0 2.3868893941700675e-06 0.00048653352581618507 -1.0089808343910906e-05 0.020919527273432305 -7.1560087814887536e-05 -0.00074973184844059849 -6.372419472007298e-05 -0.014167183275588514 -1.1134911782422137e-05 0 0
leaf_weight=31562 173 33482 41877 9557 1250 12234 589 710 8407 69 7040 87 49783 3127 53
leaf_count=31562 173 33482 41877 9557 1250 12234 589 710 8407 69 7040 87 49783 3127 53
internal_value=0.00305265 0.00520754 0.00274046 0.00950025 0.00861338 -0.00028241 0.00437644 0.000179578 -0.00213207 0.00867769 -0.00230142 0.00177989 -0.00021092 0.000737698 0.0127055
internal_weight=200000 121497 77155 44342 34732 78503 42466 62814 15689 242 15447 12321 50493 34689 9610
internal_count=200000 121497 77155 44342 34732 78503 42466 62814 15689 242 15447 12321 50493 34689 9610
is_linear=0
shrinkage=0.03


Tree=147
num_leaves=16
num_cat=0
split_feature=40 41 41 41 40 40 36 40 40 8 41 9 34 41 8
split_gain=1591.55 1429.51 270.781 146.404 84.3687 71.9687 51.0803 41.675 33.3754 54.472 30.0472 29.0127 23.6761 7.09794 5.77482
threshold=0.0312474649399519 0.2099345996975899 0.067907188087701811 0.37645918130874639 0.016057942062616352 0.55894470214843761 0.25000000745058065 0.98294639587402355 0.069781169295310988 1.8125000000000002 0.43232642114162451 1.3014668822288515 0.15000000223517421 0.042139187455177314 0.68750000000000011
decision_type=2 2 2 2 2 2 2 2 2 2 2 2 2 2 2
left_child=1 2 13 4 -3 8 -4 11 9 -2 -10 -7 -9 -1 -5
right_child=5 3 6 14 -6 7 -8 12 10 -11 -12 -13 -14 -15 -16
leaf_value=0 -8.5693388698411528e-07 0 0 0 1.0524513423271557e-06 0.0004719375200416995 0 0.020291941455229338 -0.00076885819429410335 0.00015736954991227476 -0.00044528620094831867 -0.013742167777320858 -1.0800864428949438e-05 0 0
leaf_weight=31562 2909 34562 28251 9557 1277 12234 13108 710 9548 108 3124 87 49783 3127 53
leaf_count=31562 2909 34562 28251 9557 1277 12234 13108 710 9548 108 3124 87 49783 3127 53
internal_value=0.00305685 0.00520803 0.00269238 0.00941737 0.00853567 -0.000272474 0.00433183 0.000181488 -0.00209 0.000745774 -0.00276515 0.0017458 -0.000200226 0.000737698 0.0127055
internal_weight=200000 121497 76048 45449 35839 78503 41359 62814 15689 3017 12672 12321 50493 34689 9610
internal_count=200000 121497 76048 45449 35839 78503 41359 62814 15689 3017 12672 12321 50493 34689 9610
is_linear=0
shrinkage=0.03


Tree=148
num_leaves=16
num_cat=0
split_feature=40 41 41 41 40 40 36 40 8 40 41 9 34 41 39
split_gain=1591.56 1437.03 274.285 139.189 61.7411 55.3764 53.1764 46.895 58.4912 40.2216 29.9359 28.1123 23.4645 7.49306 4.72524
threshold=0.028147136792540554 0.2099345996975899 0.067907188087701811 0.37645918130874639 0.55894470214843761 0.016057942062616352 0.25000000745058065 0.069781169295310988 1.8125000000000002 0.97939684987068187 0.43232642114162451 1.3014668822288515 0.15000000223517421 0.042139187455177314 0.41607142984867101
decision_type=2 2 2 2 2 2 2 2 2 2 2 2 2 2 2
left_child=1 2 13 5 7 -3 -4 8 -2 11 -9 -6 -11 -1 -5
right_child=4 3 6 14 9 -7 -8 10 -10 12 -12 -13 -14 -15 -16
leaf_value=0 1.1514755952015883e-06 0 0 0 0.00053718136510900636 3.1391491450857498e-06 0 -0.00074579244846528011 0.00015288015262317168 0.01971780536312696 -0.00043192761491986917 -0.013323035008731948 -1.0208638510290459e-05 0 0
leaf_weight=31562 3653 34562 28217 9042 11902 898 13039 9548 121 714 3124 86 50112 3121 299
leaf_count=31562 3653 34562 28217 9042 11902 898 13039 9548 121 714 3124 86 50112 3121 299
internal_value=0.00305325 0.00522155 0.0027077 0.0094826 -0.000249811 0.00862437 0.00436082 -0.00188617 0.00104928 0.000178623 -0.00276042 0.00174174 -0.00019006 0.000741285 0.0127406
internal_weight=200000 120740 75939 44801 79260 35460 41256 16446 3774 62814 12672 11988 50826 34683 9341
internal_count=200000 120740 75939 44801 79260 35460 41256 16446 3774 62814 12672 11988 50826 34683 9341
is_linear=0
shrinkage=0.03


Tree=149
num_leaves=16
num_cat=0
split_feature=40 41 41 41 40 40 36 40 35 40 41 9 41 41 39
split_gain=1592.44 1437.03 274.285 139.189 61.6269 55.3764 53.1764 45.8845 57.9619 39.8058 29.7139 28.0794 23.3862 7.49306 4.72524
threshold=0.028147136792540554 0.2099345996975899 0.067907188087701811 0.37645918130874639 0.55894470214843761 0.016057942062616352 0.25000000745058065 0.069781169295310988 4.5499999523162851 0.97939684987068187 0.43232642114162451 1.3014668822288515 0.73569414019584667 0.042139187455177314 0.41607142984867101
decision_type=2 2 2 2 2 2 2 2 2 2 2 2 2 2 2
left_child=1 2 13 5 7 -3 -4 8 -2 11 -9 -6 -11 -1 -5
right_child=4 3 6 14 9 -7 -8 10 -10 12 -12 -13 -14 -15 -16
leaf_value=0 2.1914790437211478e-06 0 0 0 0.00052106592415573623 3.0449746707332179e-06 0 -0.00072341867501132188 0.00021833423721429821 -1.0100268650878024e-05 -0.00041896978647227326 -0.012923343958469989 0.041456837863632648 0 0
leaf_weight=31562 3705 34562 28217 9042 11902 898 13039 9548 69 50047 3124 86 779 3121 299
leaf_count=31562 3705 34562 28217 9042 11902 898 13039 9548 69 50047 3124 86 779 3121 299
internal_value=0.00305265 0.00522155 0.0027077 0.0094826 -0.000251325 0.00862437 0.00436082 -0.00188617 0.00101749 0.000176712 -0.00275095 0.00173173 -0.00019006 0.000741285 0.0127406
internal_weight=200000 120740 75939 44801 79260 35460 41256 16446 3774 62814 12672 11988 50826 34683 9341
internal_count=200000 120740 75939 44801 79260 35460 41256 16446 3774 62814 12672 11988 50826 34683 9341
is_linear=0
shrinkage=0.03


end of trees

feature_importances:
Column_41=1008
Column_40=846
Column_8=81
Column_36=65
Column_39=42
Column_9=28
Column_34=21
Column_12=19
Column_13=19
Column_10=16
Column_4=14
Column_6=12
Column_33=12
Column_0=11
Column_17=9
Column_7=7
Column_35=7
Column_38=7
Column_11=6
Column_27=4
Column_30=4
Column_1=2
Column_28=2
Column_32=2
Column_37=2
Column_5=1
Column_15=1
Column_18=1
Column_25=1

parameters:
[boosting: gbdt]
[objective: regression_l1]
[metric: l1]
[tree_learner: serial]
[device_type: cpu]
[data_sample_strategy: bagging]
[data: ]
[valid: ]
[num_iterations: 150]
[learning_rate: 0.03]
[num_leaves: 16]
[num_threads: 4]
[seed: 20260910]
[deterministic: 1]
[force_col_wise: 1]
[force_row_wise: 0]
[histogram_pool_size: -1]
[max_depth: 4]
[min_data_in_leaf: 50]
[min_sum_hessian_in_leaf: 0.001]
[bagging_fraction: 1]
[pos_bagging_fraction: 1]
[neg_bagging_fraction: 1]
[bagging_freq: 0]
[bagging_seed: 11424]
[bagging_by_query: 0]
[feature_fraction: 1]
[feature_fraction_bynode: 1]
[feature_fraction_seed: 17335]
[extra_trees: 0]
[extra_seed: 1225]
[early_stopping_round: 0]
[early_stopping_min_delta: 0]
[first_metric_only: 0]
[max_delta_step: 0]
[lambda_l1: 0]
[lambda_l2: 0]
[linear_lambda: 0]
[min_gain_to_split: 0]
[drop_rate: 0.1]
[max_drop: 50]
[skip_drop: 0.5]
[xgboost_dart_mode: 0]
[uniform_drop: 0]
[drop_seed: 7987]
[top_rate: 0.2]
[other_rate: 0.1]
[min_data_per_group: 100]
[max_cat_threshold: 32]
[cat_l2: 10]
[cat_smooth: 10]
[max_cat_to_onehot: 4]
[top_k: 20]
[monotone_constraints: ]
[monotone_constraints_method: basic]
[monotone_penalty: 0]
[feature_contri: ]
[forcedsplits_filename: ]
[refit_decay_rate: 0.9]
[cegb_tradeoff: 1]
[cegb_penalty_split: 0]
[cegb_penalty_feature_lazy: ]
[cegb_penalty_feature_coupled: ]
[path_smooth: 0]
[interaction_constraints: ]
[verbosity: -1]
[saved_feature_importance_type: 0]
[use_quantized_grad: 0]
[num_grad_quant_bins: 4]
[quant_train_renew_leaf: 0]
[stochastic_rounding: 1]
[linear_tree: 0]
[max_bin: 255]
[max_bin_by_feature: ]
[min_data_in_bin: 3]
[bin_construct_sample_cnt: 200000]
[data_random_seed: 5053]
[is_enable_sparse: 1]
[enable_bundle: 1]
[use_missing: 1]
[zero_as_missing: 0]
[feature_pre_filter: 1]
[pre_partition: 0]
[two_round: 0]
[header: 0]
[label_column: ]
[weight_column: ]
[group_column: ]
[ignore_column: ]
[categorical_feature: ]
[forcedbins_filename: ]
[precise_float_parser: 0]
[parser_config_file: ]
[objective_seed: 1448]
[num_class: 1]
[is_unbalance: 0]
[scale_pos_weight: 1]
[sigmoid: 1]
[boost_from_average: 1]
[reg_sqrt: 0]
[alpha: 0.9]
[fair_c: 1]
[poisson_max_delta_step: 0.7]
[tweedie_variance_power: 1.5]
[lambdarank_truncation_level: 30]
[lambdarank_norm: 1]
[label_gain: ]
[lambdarank_position_bias_regularization: 0]
[eval_at: ]
[multi_error_top_k: 1]
[auc_mu_weights: ]
[num_machines: 1]
[local_listen_port: 12400]
[time_out: 120]
[machine_list_filename: ]
[machines: ]
[gpu_platform_id: -1]
[gpu_device_id: -1]
[gpu_use_dp: 0]
[num_gpu: 1]

end of parameters

pandas_categorical:null
