series,mass,rows,base_error,rc_error,forecast_error,merged_error,top_error,stack_error
FOODS_1_001,662.0,1140,665.007424988448,665.3207312427583,664.4225373031373,665.3207312427583,665.546480239706,661.9017306121316
FOODS_1_002,435.0,1140,428.16847046217123,428.0980221834187,427.81020285288855,428.0980221834187,428.6385573505531,429.2484156506373
FOODS_1_003,623.0,1140,572.2869593336642,571.6071495834215,571.0592821353525,571.6071495834215,571.9750645734775,571.948201368304
FOODS_1_004,2620.0,1140,1878.6918294622708,1875.096621226171,1874.6354165416956,1875.096621226171,1872.5598953013491,1832.2280628648173
FOODS_1_008,254.0,1140,254.4002650992528,254.37727156381015,254.14843571879558,254.37727156381015,254.39707683328803,254.00309138464064
FOODS_1_009,281.0,1140,289.69305264965556,288.260902497994,287.2882163779808,288.260902497994,290.3403671327006,286.1496746033824
FOODS_1_011,1084.0,1140,978.5738494989942,978.9882862659247,977.853093837225,978.9882862659247,979.0586652482975,978.4714629224811
FOODS_1_015,813.0,1140,766.7938567723394,764.8722511531302,766.6915664249115,764.8722511531302,765.7100019951515,760.9163500263196
FOODS_1_016,737.0,1140,713.8648189641245,712.1265740364039,712.7534524525972,712.1265740364039,713.0929319142315,709.995314221726
FOODS_1_017,912.0,1140,854.8393892448637,855.0772779955867,853.3095717802585,855.0772779955867,856.66706369914,854.3953876516904
FOODS_1_018,11344.0,1140,5162.963483262079,5131.9253265459265,5153.374874332449,5131.9253265459265,5113.275397541941,5041.154473351948
FOODS_1_021,1452.0,1140,1293.8495385367419,1293.6679625230822,1290.4104805746579,1293.6679625230822,1298.082704657275,1287.298976038089
FOODS_1_022,247.0,1140,247.63857361086195,247.7150171747802,247.3658973427585,247.7150171747802,247.7273169640032,247.2750336658729
FOODS_1_023,2702.0,1140,1801.321772597364,1825.8683204623198,1800.2003965654471,1825.8683204623198,1829.8689297420633,1823.736166725068
FOODS_1_024,1138.0,1140,965.2393626068956,968.5826694801658,964.4844999075776,968.5826694801658,971.6102382786627,958.9400934094821
FOODS_1_026,184.0,1140,197.27403301476147,197.1416280792876,196.14763616804044,197.1416280792876,197.8995137994089,196.66948737956048
FOODS_1_027,2616.0,1140,1804.012427829873,1797.467847689396,1801.599333516966,1797.467847689396,1797.9380983566439,1804.746827828545
FOODS_1_028,1337.0,1140,1023.9759166153763,1022.5252532351,1021.2877629000213,1022.5540889963371,1021.462101072057,1014.3658610893851
FOODS_1_029,323.0,1140,326.4473861838826,326.4299246092178,326.01966918636344,326.4299246092178,326.5642925003873,325.4139503356063
FOODS_1_031,1494.0,1140,1249.8573883267202,1250.68374009613,1249.020163698127,1250.68374009613,1252.503712128156,1251.9465478884867
FOODS_1_033,264.0,1140,258.38982281482987,257.75215568461067,257.60051305539156,257.75215568461067,258.2147181169936,256.7466210585402
FOODS_1_034,751.0,1140,695.7167993564708,697.512813393728,694.4845594380101,697.512813393728,698.9892999318661,695.186698267986
FOODS_1_035,1173.0,1140,1045.0835533392678,1043.423838906937,1044.7647392589806,1043.423838906937,1043.3401919614137,1036.6775165435781
FOODS_1_038,591.0,1140,572.0729204967115,571.8776723068418,570.3726764636842,571.8776723068418,572.7391523455777,559.0442077437837
FOODS_1_040,1520.0,1140,1264.8771870405908,1261.2203309798124,1263.6765775218857,1261.2203309798124,1262.9146593024411,1252.1975413126693
FOODS_1_041,995.0,1140,894.3783959800519,893.3459446648706,891.6777001169066,893.3459446648706,895.3529207340039,889.9450165756485
FOODS_1_042,3990.0,1140,3151.433664491902,3137.500635991705,3151.3882118929523,3137.500635991705,3133.76768436966,3138.928216693086
FOODS_1_043,2943.0,1140,2054.397485184984,2023.6952924676812,2050.595409495153,2023.6952924676812,2031.4965181507769,1947.8531489463412
FOODS_1_044,1189.0,1140,828.0230022998785,825.0346898688633,826.8771068507824,825.0346898688633,827.7465810202011,828.8836901702527
FOODS_1_046,6431.0,1140,3419.7647494568528,3415.499172943837,3419.549977839162,3415.499172943837,3418.788676848288,3412.9693840203136
FOODS_1_047,1199.0,1140,1064.9017254800451,1064.416988145867,1062.8095621953316,1064.416988145867,1065.1723675641013,1057.2068857849665
FOODS_1_050,528.0,1140,515.9463293896504,515.1196259883595,515.6667321385255,515.1196259883595,515.6279015632238,513.0173265495662
FOODS_1_051,1429.0,1140,1236.2765164215793,1237.3168253098902,1232.1852071148014,1237.3168253098902,1238.660737238402,1238.66296790132
FOODS_1_054,1222.0,1140,1117.4623151206374,1118.3557097111227,1115.8327048275212,1118.3557097111227,1119.4033113717687,1114.6448730235097
FOODS_1_055,3302.0,1140,2599.5027770897905,2584.529244482571,2596.183949511863,2584.529244482571,2582.9475090441897,2519.6064267427564
FOODS_1_056,176.0,1140,182.62347231816733,182.68323859310266,182.05202310639217,182.68323859310266,183.0048299127738,179.50572504221873
FOODS_1_057,227.0,1140,233.31547426191048,233.19544866378664,233.23883169902427,233.19544866378664,233.79385012083299,231.41985197586106
FOODS_1_058,1329.0,1140,1144.480190176515,1141.7280218210708,1145.4153254996043,1141.7280218210708,1143.883846368623,1105.0247616813008
FOODS_1_059,1512.0,1140,1249.625341118516,1251.9322775803375,1250.344303572117,1251.9322775803375,1252.9201894567764,1246.0090039615272
FOODS_1_060,591.0,1140,571.0126113581937,571.7430239008661,569.7622206031962,571.7430239008661,572.0326697951375,570.3245928121081
FOODS_1_063,977.0,1140,834.768594011127,834.0532704944059,835.4105380035346,834.0532704944059,833.0831825664516,842.2196481619162
FOODS_1_064,586.0,1140,566.1339911145681,565.1257132355129,564.1965852499447,565.1257132355129,566.8295856125249,563.9826520482129
FOODS_1_065,1054.0,1140,973.0690112932684,971.7966056173398,970.9406589250758,971.7966056173398,975.6121948125477,970.001030199577
FOODS_1_067,2802.0,1140,2294.079341351755,2294.7693371287623,2289.328506999732,2294.7693371287623,2301.1798511898855,2278.4329404771674
FOODS_1_069,1731.0,1140,1544.4460468790583,1543.851379661225,1543.5412749562627,1543.851379661225,1541.499138132585,1545.9911314501182
FOODS_1_071,1298.0,1140,1184.8209393762775,1183.2388152868434,1183.462575041903,1183.2388152868434,1188.1424903602128,1173.6272727378998
FOODS_1_073,713.0,1140,682.3231665087678,682.698585264134,679.6592472264397,682.698585264134,683.9163912541808,681.3501151907783
FOODS_1_074,1212.0,1140,975.4337651688605,978.7917286789609,972.0549106064905,978.7917286789609,981.8054387093438,969.8191990423967
FOODS_1_075,472.0,1140,475.4948821081605,474.94003329471207,474.6463475581802,474.94003329471207,475.7483803125292,474.1587754012085
FOODS_1_076,1061.0,1140,916.1055709632587,914.9329808426277,912.8053005065146,914.9329808426277,917.4986582989127,907.6755024749075
FOODS_1_077,228.0,1140,228.75647812918612,228.7892623877538,228.66709038048342,228.7892623877538,228.81221177334675,228.83755363067462
FOODS_1_080,704.0,1140,698.093101833237,697.1604490954509,696.6722183952508,697.1604490954509,698.5845036704421,691.9962304872784
FOODS_1_082,6581.0,1140,3693.524754920021,3680.257216231362,3695.644195220157,3680.257216231362,3691.773145078344,3617.016199644148
FOODS_1_084,409.0,1140,421.97521300645883,421.38020167889954,421.56831675651654,421.38020167889954,421.97567708856957,419.58472508467116
FOODS_1_085,9922.0,1140,4674.525590714522,4642.449053123797,4675.593331559927,4642.449053123797,4657.483122539709,4632.5762975913585
FOODS_1_088,1733.0,1140,1388.0735959863787,1379.5245805404847,1382.1322469633328,1379.5245805404847,1385.0261203123177,1376.933733449378
FOODS_1_089,604.0,1140,615.5356545188577,615.3707357186315,615.2569531076209,615.3707357186315,615.8690042908079,613.5239992889351
FOODS_1_091,290.0,1140,301.7664575757717,300.2745171902237,299.7786575146426,300.2745171902237,302.4500433331598,299.2295573365591
FOODS_1_092,1451.0,1140,1216.24686856372,1218.4446029758415,1212.3650815578849,1218.4446029758415,1220.7107492850466,1204.8384838312886
FOODS_1_093,507.0,1140,504.9213851040532,504.5941883415894,504.0379563051406,504.5941883415894,505.6376666670564,504.8298791663311
FOODS_1_095,453.0,1140,370.03340893310923,372.44817132528857,370.8165238746873,372.44817132528857,372.0886668858578,373.49726981411254
FOODS_1_096,15004.0,1140,5991.013319486276,6199.348294751579,5969.755666981893,6199.348294751579,6062.420903266112,5951.48486005587
FOODS_1_098,1114.0,1140,894.7828430645816,897.5700360913813,892.7427983275065,897.5700360913813,897.1798397541655,889.0436314435474
FOODS_1_099,7712.0,1140,3785.3004330992194,3776.6693245284305,3790.1991813692307,3776.6693245284305,3799.870434921142,3736.164208024719
FOODS_1_101,819.0,1140,792.2575429574899,793.4945395074507,789.9902074022492,793.4945395074507,797.3004108641649,784.9542458280021
FOODS_1_102,766.0,1140,715.5097368552861,715.200854854822,714.0869202527197,715.200854854822,716.4348760150084,714.2301668551893
FOODS_1_103,1052.0,1140,1025.9928284614014,1024.083319609509,1022.3464819540233,1024.083319609509,1027.6271954117087,1023.1671221790822
FOODS_1_106,1883.0,1140,1520.5994997786236,1526.0715304459336,1517.8547599315937,1526.0715304459336,1526.306637376672,1513.8961641647657
FOODS_1_107,976.0,1140,809.324525898771,815.3532032516495,808.6856830110348,815.3532032516495,814.3809878247657,812.2617919148836
FOODS_1_109,831.0,1140,792.518318373432,790.5096490763755,789.7408331336882,790.5096490763755,792.2410001534513,791.9562441530509
FOODS_1_110,1872.0,1140,1380.6701008137886,1376.7398407013484,1380.7410697019805,1376.7398407013484,1384.115945987051,1369.0920682246633
FOODS_1_112,1338.0,1140,1204.5851858249355,1204.100908946983,1203.2570820408398,1204.100908946983,1205.1432899614706,1203.4644737952212
FOODS_1_113,4076.0,1140,3082.9159863335426,3067.5266244846084,3081.0041304905217,3067.5266244846084,3068.811497086444,3027.523789479138
FOODS_1_114,598.0,1140,596.0811493944382,595.3924672173603,594.1906311424548,595.3924672173603,597.6533430134909,591.6698007529999
FOODS_1_115,648.0,1140,610.397736249718,610.9645002139864,609.6764456530766,610.9645002139864,611.6156082157452,602.5576353576878
FOODS_1_116,1194.0,1140,1044.9373495573038,1043.8343026483512,1046.1546617027548,1043.8343026483512,1043.1939760749651,1050.5566996793527
FOODS_1_119,489.0,1140,499.49157257283485,499.28849122713876,499.2527043607313,499.28849122713876,499.76252630311797,492.88900496646806
FOODS_1_120,484.0,1140,453.5466428690774,454.10698807801054,452.7170534330071,454.10698807801054,456.51622842000046,454.4798709436073
FOODS_1_121,960.0,1140,861.9504424576576,861.4981053296056,860.2585217901452,861.4981053296056,862.4310103157937,858.3750442917813
FOODS_1_122,1162.0,1140,1031.7976562604936,1033.1620762586049,1030.014233927102,1033.1620762586049,1033.5435253404423,1032.8357573586447
FOODS_1_124,1197.0,1140,1056.197545641372,1056.5119125935903,1053.3872529762716,1056.5119125935903,1058.0772377176872,1060.9819051540076
FOODS_1_125,516.0,1140,486.84091471418856,485.21815349047165,484.24764781977217,485.21815349047165,486.84097362324866,479.6537112269001
FOODS_1_126,150.0,1140,152.88213314138596,153.35884233572799,152.5171867356837,153.35884233572799,153.73799505045343,151.96449256532816
FOODS_1_127,1095.0,1140,1001.003277147975,999.9088927299827,1000.1190736374922,999.9088927299827,1001.4758155556556,989.8199030690777
FOODS_1_128,525.0,1140,550.1633241372506,550.1614194936872,549.9862618003602,550.1614194936872,551.3671129552417,552.435382731004
FOODS_1_129,4195.0,1140,2186.0526880685125,2238.221615588012,2187.541749223484,2238.221615588012,2243.3260869566843,2214.9218005871353
FOODS_1_130,1608.0,1140,1275.218146758133,1273.219388648341,1276.2270054756323,1273.219388648341,1270.5853070649187,1268.5072501033465
FOODS_1_131,422.0,1140,428.8394139747402,429.26077369819046,428.81153693173087,429.26077369819046,429.6231839548572,430.4011835040219
FOODS_1_132,952.0,1140,936.4076903387654,937.0510301217221,934.9651266492931,937.0510301217221,938.6486260848407,930.6108697110412
FOODS_1_133,631.0,1140,624.4397108838947,624.3105297564505,623.3960985898794,624.3105297564505,625.1663234304008,623.2502635683172
FOODS_1_134,1144.0,1140,1010.5673044924393,1009.8361198709379,1006.7960508771628,1009.8361198709379,1013.9388143787559,1003.3719600154184
FOODS_1_135,881.0,1140,763.8981584778346,762.4190294657699,762.8926424080364,762.4190294657699,762.6332832285038,759.8757696699334
FOODS_1_136,227.0,1140,228.2165521204739,228.16151240574942,228.1819738811878,228.16151240574942,228.2165521204739,227.3775243323642
FOODS_1_137,2398.0,1140,2215.4138675354843,2211.3967044577175,2215.030611368828,2211.3967044577175,2215.044758870641,2191.8430986447243
FOODS_1_138,879.0,1140,769.1733034583037,768.8313912149703,768.5605882130151,768.8313912149703,768.3525459686895,774.7084638016095
FOODS_1_139,2937.0,1140,2325.8186494148376,2327.157257943964,2328.0413366518633,2327.157257943964,2328.983883519768,2326.3985771984226
FOODS_1_141,542.0,1140,547.801170162513,547.717158336564,547.3410449574923,547.717158336564,548.7543570185479,544.7548743182981
FOODS_1_144,832.0,1140,820.861111365663,819.1460994648236,819.667880637275,819.1460994648236,820.3090804138104,811.6280295994172
FOODS_1_146,807.0,1140,735.2929203636472,736.321650792447,733.1050713490328,736.321650792447,737.3679666688529,732.3468702757335
FOODS_1_147,647.0,1140,646.3312490357546,646.3455860488226,643.1943635236316,646.3455860488226,648.5803618868667,642.8067370683209
FOODS_1_148,373.0,1140,367.0307389851938,367.4085098541567,366.2447888902843,367.4085098541567,367.92620725015087,366.36150452069535
FOODS_1_149,1275.0,1140,1183.7418167019057,1181.6439272036332,1182.5527680908795,1181.6439272036332,1183.2240179047913,1177.4502094974823
FOODS_1_151,406.0,1140,413.31171532071073,413.0117769632981,413.07355590591266,413.0117769632981,413.345168221093,410.51613594998605
FOODS_1_152,863.0,1140,831.0654990231699,830.465945234273,829.9333932966896,830.465945234273,831.3155849621912,825.2801766070315
FOODS_1_153,1148.0,1140,1011.7343077323043,1009.9154490618719,1008.9220712427303,1009.9154490618719,1011.6520044457868,1010.7851293976494
FOODS_1_154,3468.0,1140,2756.5039134087774,2753.125485742242,2754.95016832901,2753.125485742242,2754.636331573113,2752.6995115633576
FOODS_1_155,1441.0,1140,1281.9727368805181,1281.4952669425622,1277.542598281268,1281.4952669425622,1283.1473027270072,1274.676986475776
FOODS_1_157,864.0,1140,761.4243712052349,762.6704764080773,760.0357478790465,762.6704764080773,762.927883378806,762.8768955803712
FOODS_1_160,650.0,1140,643.8418980092199,644.6272469888002,643.2659071202193,644.6272469888002,645.3693286996754,645.2668788734012
FOODS_1_162,4589.0,1140,2783.7469610183084,2778.4108532284217,2785.095582755166,2778.4108532284217,2779.6939005080358,2777.145054712998
FOODS_1_163,1687.0,1140,1422.5494111088362,1421.1763961853999,1420.4676571312652,1421.1763961853999,1425.7472716458092,1422.7216902274313
FOODS_1_164,481.0,1140,492.57576449525385,492.7025779832489,492.42658209320183,492.7025779832489,493.11020671649294,490.76978808225215
FOODS_1_168,730.0,1140,741.3366198125475,740.9925029927742,740.8427516478755,740.9925029927742,741.9533816863502,741.1711402049933
FOODS_1_171,808.0,1140,800.3517194733214,802.315437372917,799.2788011377379,802.315437372917,803.1501422185388,798.8830905399266
FOODS_1_173,3900.0,1140,2914.3659810800127,2914.02519924659,2917.367154738625,2914.02519924659,2920.2239634867437,2885.1214996727203
FOODS_1_175,697.0,1140,664.4613378511596,663.677254256551,664.1225315803983,663.677254256551,664.4289783617237,660.6682780557089
FOODS_1_176,425.0,1140,435.4314995606995,435.52696575452615,434.70160723119363,435.52696575452615,435.9904985261366,432.5445334155187
FOODS_1_177,913.0,1140,867.54681271437,868.0034462742077,866.7007690024925,868.0034462742077,868.9806865765729,861.7478210462956
FOODS_1_179,312.0,1140,311.94235993067093,311.53412362811923,311.62161389371863,311.53412362811923,311.8761463503721,311.89528323175773
FOODS_1_182,1278.0,1140,1213.4427045797847,1211.9922447618324,1209.3810743007064,1211.9922447618324,1214.7426990518468,1204.6494613054024
FOODS_1_184,3679.0,1140,2537.312127820069,2537.4600996615427,2538.987834005303,2537.4600996615427,2548.246730947889,2548.2729713637837
FOODS_1_187,1325.0,1140,1174.9736301688422,1174.6706972693885,1174.2953934109157,1174.6706972693885,1174.4156216019232,1168.8388753630873
FOODS_1_189,475.0,1140,477.2113471719378,477.2554730776933,476.67117359003277,477.2554730776933,477.33391869994176,475.2023005854093
FOODS_1_190,2051.0,1140,1765.3524776888185,1765.9006348305334,1762.7754314886597,1765.9006348305334,1772.438042358547,1753.787522298544
FOODS_1_191,665.0,1140,692.2251627621289,691.2538903392921,692.4109644198998,691.2538903392921,693.1217051495221,688.8167327563469
FOODS_1_192,303.0,1140,279.1536573917914,277.6577826505159,278.02857981852185,277.6577826505159,279.41577622790857,273.8441681946765
FOODS_1_194,1808.0,1140,1318.19859559409,1317.9073461349403,1316.710772260206,1317.9073461349403,1320.2788270001397,1315.5525432411673
FOODS_1_196,1561.0,1140,1414.7270643891916,1414.9550187955897,1412.8109084274079,1414.9550187955897,1416.87591629067,1402.1302835391477
FOODS_1_198,908.0,1140,830.2181180112208,830.8735882340133,828.4992556692018,830.8735882340133,830.9938939077658,830.3735968114163
FOODS_1_199,992.0,1140,965.2431721376392,964.891496924556,964.3314836359198,964.891496924556,965.5801465044904,962.1066741875998
FOODS_1_200,7328.0,1140,4206.354209407822,4204.42286530739,4201.737112858117,4204.42286530739,4203.501553945744,4159.094081730007
FOODS_1_202,1785.0,1140,1429.7414281792296,1424.3784991024136,1424.652488828595,1424.3784991024136,1429.0966145968682,1416.4524326429514
FOODS_1_204,5378.0,1140,3734.365491754846,3711.906302432535,3732.6549985582387,3711.906302432535,3715.421703612259,3649.866036842028
FOODS_1_207,1278.0,1140,1093.008191363549,1092.1285954101368,1092.9262595916243,1092.1285954101368,1094.1712228193455,1092.30211878164
FOODS_1_208,1629.0,1140,1289.8870284015725,1291.7003807623157,1289.370825918159,1291.7003807623157,1291.8410788696224,1291.3757426129114
FOODS_1_209,336.0,1140,316.6028091884169,316.89594993824437,314.328499465733,316.89594993824437,318.2536327746356,313.28498455936915
FOODS_1_213,527.0,1140,527.5979849795501,527.3049050916294,527.2687928528937,527.3049050916294,527.4436632588216,524.3303103096845
FOODS_1_214,854.0,1140,761.1342799645447,760.394004945492,758.8538471765173,760.394004945492,761.3769328298088,754.9974831821547
FOODS_1_215,1812.0,1140,1726.1356704865748,1723.763596794942,1725.8268102788843,1723.763596794942,1723.188706405057,1723.3148941196755
FOODS_1_216,1010.0,1140,961.2111281179573,960.1461957200129,960.3597276114465,960.1461957200129,962.0532285462588,953.8303731332174
FOODS_1_217,4045.0,1140,2447.433237054192,2433.5598382988264,2449.300159273429,2433.5598382988264,2443.2374058440146,2432.9125825855426
FOODS_1_218,12160.0,1140,6404.841007357076,6343.8618317352775,6401.991738160911,6343.8618317352775,6356.939806921513,6261.598187656603
FOODS_1_219,2885.0,1140,1910.9445090447953,1904.4359970319229,1910.9591242823226,1904.4359970319229,1903.0586031965668,1900.2899745219079
FOODS_2_001,1828.0,1140,1388.7680622560201,1377.6801742150824,1382.6417581263936,1377.6801742150824,1382.2945425527328,1367.3881685908568
FOODS_2_002,2897.0,1140,1902.2415965809,1899.6811138571923,1897.9736597321535,1899.6811138571923,1896.567624434986,1905.4724775434727
FOODS_2_003,1122.0,1140,903.42747599727,901.5996265503481,901.3700158507174,901.5996265503481,901.9961746698103,897.9310883564735
FOODS_2_004,1511.0,1140,1122.7081200486111,1117.8672944679997,1119.464906397812,1117.8672944679997,1122.5147543905969,1110.2452993712714
FOODS_2_005,755.0,1140,647.6068121645383,644.4440039272358,644.0635099258518,644.4440039272358,647.4261343288979,640.4367125489088
FOODS_2_006,286.0,1140,289.168016913729,289.18320798021705,288.80161953615436,289.18320798021705,289.2998858309679,287.9339353167285
FOODS_2_007,384.0,1140,384.8504731252149,384.80030614981735,384.85217508816845,384.80030614981735,384.84203645088843,383.5861918534773
FOODS_2_009,1303.0,1140,1173.062562821104,1170.0672890820942,1172.1372857888562,1170.0672890820942,1171.8546602075633,1181.6909511514225
FOODS_2_010,1048.0,1140,1001.3009010838842,999.8345356843442,1001.0081370055468,999.8345356843442,1002.0100222081348,998.3603337216188
FOODS_2_011,603.0,1140,568.3917423302548,568.6356447711672,566.4079164368577,568.6356447711672,569.0680604722602,568.041716080621
FOODS_2_012,475.0,1140,474.2492294509478,474.16185247603465,474.2460164555247,474.16185247603465,474.67321484711783,472.2398989094013
FOODS_2_013,7756.0,1140,3911.273537664041,3823.995414559693,3901.228325922568,3823.995414559693,3815.474327619921,3715.627545407245
FOODS_2_014,1382.0,1140,1104.5639569208065,1100.623189112404,1099.4798169409373,1100.623189112404,1107.8231495091777,1094.4181104074157
FOODS_2_015,952.0,1140,883.0320944836935,883.3061880692126,881.1425614278992,883.3061880692126,885.1699114218982,888.3460526936042
FOODS_2_017,417.0,1140,421.7453853360369,421.8298137919123,421.5316103324534,421.8298137919123,422.110697128683,419.5950908289469
FOODS_2_018,2093.0,1140,1360.3909759551539,1341.9094011827538,1357.7473054912462,1341.9094011827538,1344.6933413608322,1339.8188281138528
FOODS_2_019,5205.0,1140,2155.2021117556915,2133.6676916903125,2152.2244166618657,2133.6676916903125,2131.847892998282,2136.9513872271573
FOODS_2_020,1035.0,1140,952.896064974549,955.6848868489569,950.3625526667192,955.6848868489569,955.8142045221996,947.0362483458541
FOODS_2_021,2917.0,1140,2393.018888729742,2366.1947243421337,2390.6071511943,2366.1947243421337,2358.7232649115635,2236.007348971794
FOODS_2_022,1881.0,1140,1347.1696828537724,1337.6571127071716,1342.4906559333344,1337.6571127071716,1340.710105318784,1325.3590621694368
FOODS_2_023,1469.0,1140,1284.6665423477791,1278.7976652090028,1284.6400119369891,1278.7976652090028,1277.8722013372721,1278.7665225034307
FOODS_2_025,839.0,1140,741.9897039607847,742.5658508571935,741.170790143754,742.5658508571935,742.05176355779,741.736485357837
FOODS_2_026,2545.0,1140,1864.2857871124206,1861.5683051137312,1863.287069223057,1861.5683051137312,1862.8259261664507,1846.1045538925694
FOODS_2_027,673.0,1140,682.3282235801755,682.2659385304944,681.8572996592706,682.2659385304944,682.6317692232487,682.5385594625474
FOODS_2_030,1921.0,1140,1222.8531767158047,1218.1756309927773,1220.282609550437,1218.1756309927773,1224.4200577128672,1212.4268285466399
FOODS_2_031,1369.0,1140,1049.8877301275043,1046.4498112309118,1047.5010840270893,1046.4498112309118,1049.976437113519,1045.8171572034803
FOODS_2_032,1455.0,1140,882.9149936235835,878.5352138306293,880.3765191859832,878.5352138306293,877.9807436912781,868.8134258719392
FOODS_2_036,2791.0,1140,1906.5134703134154,1897.8530134279852,1905.863516798041,1897.8530134279852,1904.2922920499434,1898.0000618015351
FOODS_2_038,875.0,1140,815.5327401594236,815.6935076628735,815.2747703699465,815.6935076628735,817.049153988493,809.6002292294236
FOODS_2_041,832.0,1140,727.0044477372978,728.2984984866193,726.8057038126601,728.2984984866193,728.2567479513982,725.215448225318
FOODS_2_043,760.0,1140,697.4434373122115,698.375601346567,697.8062948583595,698.375601346567,699.0641041939888,701.167374755501
FOODS_2_046,586.0,1140,579.7983699120006,579.414002380676,578.3220561727796,579.414002380676,580.2887199162756,581.2280004146735
FOODS_2_047,1603.0,1140,1167.9725524734708,1159.7608193363612,1164.2159789237292,1159.7608193363612,1163.045693209677,1157.3431178977578
FOODS_2_049,1596.0,1140,1250.4985863172483,1252.643176076654,1251.3793229045361,1252.643176076654,1253.4848333266978,1252.5099358710913
FOODS_2_053,423.0,1140,421.16488211945835,421.1189997783072,420.89284366144494,421.1189997783072,421.4424601376927,420.10934035336396
FOODS_2_055,1530.0,1140,1363.9113152741634,1361.0929510283863,1361.855067697366,1361.0929510283863,1363.760642743417,1367.1853061367253
FOODS_2_056,4597.0,1140,2464.0096978774864,2421.572455179691,2457.7919584839906,2421.572455179691,2414.5450910610507,2415.0885927409463
FOODS_2_059,3225.0,1140,1774.6341442012897,1773.3539983728062,1775.7750391164745,1773.3539983728062,1772.6254589283753,1769.4596329908873
FOODS_2_061,1935.0,1140,1575.9834162955826,1574.7179959593964,1576.6441664176446,1574.7179959593964,1573.331126901267,1579.7003859877395
FOODS_2_062,721.0,1140,666.3025758111933,666.2587624358264,666.0722278048081,666.2587624358264,666.7667895412324,658.7374115592377
FOODS_2_065,3428.0,1140,2392.061802722621,2394.499600963167,2390.9277440407477,2394.499600963167,2396.2369711155216,2395.2925510708674
FOODS_2_066,619.0,1140,623.4489361320188,621.7296916994567,623.0189710471177,621.7296916994567,623.805577326402,616.0142696387137
FOODS_2_068,182.0,1140,182.93667620168685,182.93316543204995,182.92908053801818,182.93316543204995,182.9701307955688,184.04376205191915
FOODS_2_069,428.0,1140,434.1968971411635,434.4141565296762,434.1828145576301,434.4141565296762,434.6093064810489,432.5621168111835
FOODS_2_070,1360.0,1140,969.0322967163368,968.3029383271222,967.0726487119667,968.3029383271222,970.303794965591,961.7674019100443
FOODS_2_071,347.0,1140,339.7694834079477,339.965059576116,339.2847125153952,339.965059576116,340.0275374024294,336.545265376942
FOODS_2_074,2712.0,1140,1833.101112681242,1839.1662644613507,1830.8982110526383,1839.1662644613507,1843.9410594347946,1848.1240456975179
FOODS_2_075,2936.0,1140,1771.993333478114,1759.837576671168,1770.3198980352754,1759.837576671168,1765.4000530944513,1759.7565137582747
FOODS_2_079,1083.0,1140,889.0829694882284,884.653569406136,887.317497258194,884.653569406136,886.3626407080411,879.9422424398558
FOODS_2_080,1301.0,1140,853.4214479330029,846.8569253081096,850.2031216581556,846.8569253081096,852.05399657053,839.6904120052257
FOODS_2_083,1239.0,1140,987.3156821435102,985.6032786768559,985.7916882537247,985.6032786768559,986.7935313576626,976.4536333137445
FOODS_2_084,754.0,1140,676.1541615297776,676.7484343183909,673.9404495704448,676.7484343183909,676.9457163130585,675.3718474517057
FOODS_2_085,1030.0,1140,956.3420443171938,955.1629732901247,954.1104660695008,955.1629732901247,957.3157727059621,952.5423408497304
FOODS_2_087,301.0,1140,305.1467124391152,304.9230069477864,304.0108004731153,304.9230069477864,305.2738019968598,303.3131032754985
FOODS_2_088,750.0,1140,649.486371139205,648.2930653623238,649.0217228525141,648.2930653623238,648.5592493118174,646.8872095624114
FOODS_2_089,850.0,1140,824.055036904633,823.7114081653606,822.8072918002463,823.7114081653606,825.5191034148743,821.8650978760179
FOODS_2_090,300.0,1140,311.6618324988988,311.6311604723368,311.22318870236035,311.6311604723368,312.46111920906714,309.5831093524362
FOODS_2_091,1447.0,1140,1146.333347560335,1145.6559097460831,1145.731938684386,1145.6559097460831,1145.4722377716578,1139.8130005170929
FOODS_2_094,869.0,1140,821.8573565670313,821.3101442242356,820.0579856600486,821.3101442242356,822.6482339889465,817.5379480336383
FOODS_2_095,923.0,1140,820.3670154667175,821.1107480647653,817.9735787379359,821.1107480647653,821.3927763442757,818.2494459900074
FOODS_2_101,2098.0,1140,1432.360057082078,1431.5654885083275,1427.6005840661255,1431.5654885083275,1433.7861176418578,1424.473349125216
FOODS_2_102,695.0,1140,661.2014866045039,660.8404879469458,660.2241128702876,660.8404879469458,661.380614299367,661.3230623017099
FOODS_2_103,1875.0,1140,1331.994495154639,1331.747495187736,1328.8270641016165,1331.747495187736,1330.71092971705,1330.6214066146863
FOODS_2_104,1545.0,1140,1146.9637578013658,1143.3918855918378,1143.5082628292082,1143.3918855918378,1147.740439826239,1137.9800721638353
FOODS_2_105,968.0,1140,871.9688219025861,870.133905949321,869.2939269389732,870.133905949321,872.2209963443554,860.9549128555832
FOODS_2_107,1685.0,1140,1316.2170605265605,1310.693011385599,1315.847728237489,1310.693011385599,1310.8868917984923,1304.2816819514462
FOODS_2_108,973.0,1140,870.368348369391,868.0463928998272,868.3406193462017,868.0463928998272,869.2850481650605,866.1503055259116
FOODS_2_110,1752.0,1140,1256.001661295346,1253.9134167660059,1254.1743387412002,1253.9134167660059,1257.6800320614375,1256.9110505406131
FOODS_2_112,2243.0,1140,1599.608180969469,1592.4815516586339,1597.754788753006,1592.4815516586339,1595.3581616246936,1594.1623103571499
FOODS_2_115,2732.0,1140,1648.9855778374113,1634.5754834536922,1647.9791913877198,1634.5754834536922,1636.5797127880542,1629.0423720832162
FOODS_2_116,1064.0,1140,1004.9441492690314,1004.7018737488463,1003.3134519314369,1004.7018737488463,1005.9369246271733,1001.8929903346373
FOODS_2_117,1069.0,1140,869.4899033689497,864.7096715775938,867.8158743265694,864.7096715775938,864.8175222388438,852.562566660219
FOODS_2_118,985.0,1140,909.0142107660827,908.3382826318364,907.1774932548423,908.3382826318364,908.8881086197733,904.9554027514839
FOODS_2_119,1985.0,1140,1472.3217153546045,1473.740587028869,1471.7383035148496,1473.740587028869,1473.5197783825306,1472.595422093138
FOODS_2_121,1608.0,1140,1361.9590951526557,1362.1197759785546,1361.512498968446,1362.1197759785546,1364.1214741124263,1372.2145990837196
FOODS_2_122,1243.0,1140,916.5129497306891,918.2540984579213,916.290388419987,918.2540984579213,919.410972130642,906.366784637399
FOODS_2_123,852.0,1140,772.3242788510726,771.4471912445194,771.1573508766278,771.4471912445194,772.0434039484184,767.9319217355937
FOODS_2_127,302.0,1140,302.19062453984543,302.0425535656532,302.12933625889576,302.0425535656532,302.0777068448511,302.12702495882104
FOODS_2_128,4233.0,1140,3427.891695569448,3395.31122464894,3425.745993987557,3395.31122464894,3383.4460975224642,3197.784724507364
FOODS_2_129,237.0,1140,237.41673469474858,237.13028116100125,236.93794820815828,237.13028116100125,237.1967281791042,237.63349017359275
FOODS_2_130,1678.0,1140,1311.3628943646386,1315.6589477010523,1310.232543448316,1315.6589477010523,1319.977601699536,1305.4313724421004
FOODS_2_133,657.0,1140,611.5870646678734,608.4350922092383,610.5916945435963,608.4350922092383,609.1011943204876,607.4441402937196
FOODS_2_134,963.0,1140,847.8317021448336,846.1412465183761,846.4426802252757,846.1412465183761,847.3516921488954,843.7308780052589
FOODS_2_138,1704.0,1140,1435.6484975721414,1434.95595612954,1433.9078438139832,1434.95595612954,1436.923336363548,1421.1091924743018
FOODS_2_139,1634.0,1140,1294.9320057699697,1289.473815962639,1292.8694499798557,1289.473815962639,1292.8018899952494,1291.2742848265636
FOODS_2_141,1811.0,1140,1273.7628129945583,1273.9493892927408,1271.7273929017747,1273.9493892927408,1273.919835765274,1269.2065085189022
FOODS_2_142,2098.0,1140,1378.4814792683924,1371.5333668113105,1375.6827076863026,1371.5333668113105,1375.3626499628863,1361.2060929881204
FOODS_2_144,1939.0,1140,1551.0257510821205,1548.8041039739787,1547.5246760196396,1548.8041039739787,1549.7654841588978,1538.4230136449908
FOODS_2_146,1149.0,1140,1041.3644916384774,1041.5464556637462,1038.690162946948,1041.5464556637462,1043.5652869452838,1036.2837767729134
FOODS_2_147,752.0,1140,718.0909554808247,717.1600801291468,716.7271829697179,717.1600801291468,718.3458609535558,713.8587414407873
FOODS_2_148,420.0,1140,405.83073090090943,405.24048616866816,404.62422776568087,405.24048616866816,405.41226555550975,403.6557439066816
FOODS_2_149,2457.0,1140,1658.5930911002197,1648.2926055728917,1658.2917698992467,1648.2926055728917,1654.3219031423907,1633.422303313827
FOODS_2_150,651.0,1140,628.8447479705496,628.9256920010193,626.617211542432,628.9256920010193,631.3043113396966,626.0985314083966
FOODS_2_151,2395.0,1140,1654.5204648513766,1646.262614341513,1651.3959101729797,1646.262614341513,1645.8824244592522,1638.1731978424223
FOODS_2_152,5958.0,1140,2779.8731391238816,2778.819511390059,2780.7382468810138,2778.819511390059,2782.514456493679,2766.23323226125
FOODS_2_153,1085.0,1140,947.7954244205396,944.5693748316128,945.402140283777,944.5693748316128,946.9936138367198,960.0614962860931
FOODS_2_155,333.0,1140,333.96710524746635,333.6016628955289,333.3644617183468,333.6016628955289,333.7032697713561,330.62370412175596
FOODS_2_156,1481.0,1140,1213.1183352198755,1208.5213978584384,1211.1151539867642,1208.5213978584384,1208.2650057560836,1197.1898794393396
FOODS_2_159,410.0,1140,404.5851469099015,404.499733325056,403.8402060064522,404.499733325056,404.4210897195077,405.5420795543888
FOODS_2_161,311.0,1140,313.83853248645846,313.73423596384714,313.68044033201784,313.73423596384714,313.86071295988836,313.23691246152663
FOODS_2_162,1537.0,1140,1107.8185410804044,1105.1434505526663,1107.340206994315,1105.1434505526663,1105.2330952374887,1102.985253436045
FOODS_2_163,496.0,1140,478.1808010044598,478.6028136605215,477.8069789200226,478.6028136605215,478.41839381844477,474.1140591293116
FOODS_2_165,136.0,1140,138.55009074107153,138.59108034626993,137.33084768563924,138.59108034626993,138.68218097597395,140.82972915056956
FOODS_2_166,1774.0,1140,1107.6274007280626,1092.8472863437912,1102.517380408813,1092.8472863437912,1093.1990881131637,1098.3377561896023
FOODS_2_167,1130.0,1140,1017.2886172396361,1016.440600796577,1017.2555823813194,1016.440600796577,1017.1508536639327,1014.9908234418481
FOODS_2_169,315.0,1140,309.9308094465115,309.2764039517487,309.89930323302815,309.2764039517487,310.4775302780298,307.46294866146343
FOODS_2_172,1385.0,1140,1155.5750032669798,1154.8650724692654,1154.7343700499227,1154.8650724692654,1155.4102831035523,1147.368549707737
FOODS_2_174,651.0,1140,652.9498985259111,654.2031686670451,653.3036601758952,654.2031686670451,654.4143421125432,655.1865376138599
FOODS_2_175,6354.0,1140,3448.6087064479575,3422.234325593305,3443.9973088168645,3422.234325593305,3408.414151899584,3408.825794040188
FOODS_2_176,746.0,1140,723.2889298152302,722.3145328430317,722.6630571902172,722.3145328430317,722.3521193060918,718.2379308409835
FOODS_2_178,445.0,1140,414.79431684846475,413.3588603084214,412.6763510087203,413.3588603084214,414.69730426693,404.8998593343249
FOODS_2_179,564.0,1140,568.8464311085274,567.9611135054988,568.1844197530336,567.9611135054988,568.479303107318,562.429029415392
FOODS_2_180,1558.0,1140,1297.7617406970787,1296.181850631352,1297.3314727468914,1296.181850631352,1297.2265121903329,1287.7831521811927
FOODS_2_181,12401.0,1140,5526.47533847606,5434.80337264222,5517.815535673828,5434.80337264222,5431.864484854477,5325.644919007313
FOODS_2_183,4587.0,1140,2575.216597939788,2549.958208061682,2575.4637219206847,2549.958208061682,2552.7004814830198,2537.695385799285
FOODS_2_185,1012.0,1140,927.1477054001389,923.9250385097112,925.6242720335911,923.9250385097112,925.8012359927648,918.0958890503626
FOODS_2_187,675.0,1140,663.6422597432888,663.1828616210973,662.3966247687518,663.1828616210973,664.2542794284457,660.6340572459178
FOODS_2_189,2051.0,1140,1446.655943650027,1448.0506605472249,1443.078095416855,1448.0506605472249,1448.6950304097018,1439.6935842356365
FOODS_2_191,669.0,1140,608.2946238378684,607.2186809853515,607.6087196527106,607.2186809853515,608.0141631729986,604.6358578550814
FOODS_2_193,759.0,1140,691.1811773504963,691.0900437048862,688.2359024885416,691.0900437048862,693.4149437939276,687.9375680406959
FOODS_2_194,3213.0,1140,2128.1889267145807,2114.2040895206223,2128.0652196173355,2114.2040895206223,2117.619066119857,2077.9722394666137
FOODS_2_196,1308.0,1140,959.6133033177074,956.360464663512,958.3905016817937,956.360464663512,957.3213118350337,954.9141881483868
FOODS_2_197,7598.0,1140,3152.8075027683026,3125.2884060118813,3152.4767306757485,3125.2884060118813,3144.9506223339554,3110.8511341871576
FOODS_2_198,1948.0,1140,1377.6240192626906,1368.7933455097623,1375.9132046555958,1368.7933455097623,1371.5524351588158,1367.106873894627
FOODS_2_200,566.0,1140,555.6710071574789,554.9168309391378,554.459944784586,554.9168309391378,555.3800938511434,553.8377211445119
FOODS_2_201,2429.0,1140,1382.3215094815223,1382.9940107926295,1381.2511003295306,1382.9940107926295,1384.4727663405931,1378.161891120993
FOODS_2_203,715.0,1140,642.0642385526721,642.983474228398,640.6665242554654,642.983474228398,643.2277888111,642.1777865565678
FOODS_2_204,5780.0,1140,3811.987860517974,3805.6939066883656,3811.7188070450643,3805.6939066883656,3808.453680463729,3811.8121544301566
FOODS_2_205,394.0,1140,394.576073681474,394.3304072845585,393.67512900624877,394.3304072845585,394.4247016544647,392.4427536511766
FOODS_2_206,1105.0,1140,909.791487097846,905.8816052157752,909.1979115834358,905.8816052157752,906.3806910670323,896.5682711997622
FOODS_2_208,1529.0,1140,1134.579613192096,1129.7224177591238,1131.318863998351,1129.7224177591238,1132.7488607030693,1118.9535508240865
FOODS_2_209,929.0,1140,777.8358774768949,773.6094437710008,773.526271828538,773.6094437710008,776.7005889147465,775.5348661360968
FOODS_2_210,1148.0,1140,895.6728516045484,893.3915569045323,894.7449958832408,893.3915569045323,894.4665059072217,894.0800268669416
FOODS_2_213,303.0,1140,310.8198080785853,310.9000735394903,310.4211189436868,310.9000735394903,311.190041427464,312.27572177870127
FOODS_2_215,1904.0,1140,1430.0248215149422,1429.6080142832093,1429.7209380510908,1429.6080142832093,1429.6702698269492,1424.3485448438305
FOODS_2_217,1670.0,1140,1240.8088071751288,1238.7862187335834,1240.7048665538045,1238.7862187335834,1242.7369988405335,1230.7279146011492
FOODS_2_218,805.0,1140,654.469805009319,654.4562275582974,653.4420538780464,654.4562275582974,654.5772747508868,650.5684200176091
FOODS_2_220,1581.0,1140,1197.5531021370255,1197.9374823911971,1194.2954823751415,1197.9374823911971,1200.848794839591,1193.0862631819216
FOODS_2_225,1500.0,1140,1206.1507953793543,1203.5140767309945,1204.2680083022678,1203.5140767309945,1206.221988531066,1193.9036951805865
FOODS_2_227,1124.0,1140,1002.1796601663077,996.8708132136587,998.2421422688442,996.8708132136587,1001.4467733279207,992.8936012443019
FOODS_2_229,391.0,1140,284.3497546407119,284.82871263272676,283.5019106109138,284.82871263272676,284.6150993031008,280.841385116015
FOODS_2_231,988.0,1140,834.8129129622589,832.7886473813908,834.5122945742164,832.7886473813908,831.5053570340115,831.8953150450942
FOODS_2_233,3819.0,1140,1946.457551292839,1918.8522118816938,1944.4574212393163,1918.8522118816938,1924.3772991363203,1927.087486029433
FOODS_2_234,548.0,1140,539.7640949310909,538.986852097212,539.3636963123647,538.986852097212,538.9587688441285,533.1810624318941
FOODS_2_235,824.0,1140,740.4065678283391,740.833610206507,739.9293378765676,740.833610206507,741.5469889122667,740.71314972565
FOODS_2_236,1852.0,1140,1301.3208082577198,1290.1832984204461,1299.9942313855438,1290.1832984204461,1289.0371839318962,1295.7870484880834
FOODS_2_237,912.0,1140,854.2272219950785,854.57603362107,852.9709165437309,854.57603362107,855.519849897702,853.7194688518648
FOODS_2_238,1637.0,1140,1367.343889768522,1363.0550814469793,1366.1859862426054,1363.0550814469793,1364.231768991105,1353.7924245597746
FOODS_2_242,2317.0,1140,1555.786499320305,1548.5122795043121,1552.3272793143196,1548.5122795043121,1551.6600787116163,1549.1610241417707
FOODS_2_244,4467.0,1140,2014.4599913909901,1997.5337932211326,2010.2729453358218,1997.5337932211326,1994.9131565397113,1987.6075878395145
FOODS_2_245,1289.0,1140,1149.084158781874,1148.283893507125,1146.4899194242914,1148.283893507125,1151.354692272876,1139.867537469982
FOODS_2_248,1026.0,1140,945.0349877536898,944.9720807556441,943.6804721269731,944.9720807556441,945.5017921251913,940.0597149400727
FOODS_2_251,1854.0,1140,1291.2777252982744,1278.3947848358864,1288.8191528283317,1278.3947848358864,1284.7859737380368,1273.2343891327064
FOODS_2_252,192.0,1140,193.64093261510408,193.40440410081595,192.34789769570165,193.40440410081595,193.55642879141732,193.42698914385753
FOODS_2_253,1227.0,1140,1012.0599447180562,1013.0777888547833,1008.1989832849179,1013.0777888547833,1014.0411464552824,1005.2307341623998
FOODS_2_255,989.0,1140,1079.4584750855283,1081.5401322501766,1075.1050637965752,1081.5401322501766,1089.5643257917616,1084.4252938821205
FOODS_2_257,2776.0,1140,2102.7944465234,2102.4960129015367,2100.643252656884,2102.4960129015367,2104.7016032904385,2112.4321057106345
FOODS_2_259,351.0,1140,352.0872419823419,352.03537922610707,351.18652869245693,352.03537922610707,352.0872419823419,351.0235119937887
FOODS_2_260,744.0,1140,638.8529891704483,637.7537946107091,636.69151366755,637.7537946107091,638.8839910442173,633.0388629721986
FOODS_2_269,385.0,1140,392.08765561149136,392.0739156566808,391.06641865971585,392.0739156566808,392.37173781184805,390.68108031981234
FOODS_2_270,307.0,1140,305.34632246026365,305.1327987613493,303.73780338489445,305.1327987613493,305.11216272300396,308.11935637942247
FOODS_2_271,346.0,1140,343.10032094860287,342.8105560115092,342.5979619609957,342.8105560115092,342.751748345676,342.407658513613
FOODS_2_272,2628.0,1140,1805.0226467922148,1788.0893459577924,1801.5566273878103,1788.0893459577924,1785.4620322382937,1799.4321800666464
FOODS_2_274,2701.0,1140,1613.1983269548246,1604.0366181179415,1613.944055624058,1604.0366181179415,1603.7238148639694,1601.6390197592937
FOODS_2_275,1552.0,1140,1382.832124937846,1380.118198207956,1378.7216145280831,1380.118198207956,1384.274043198659,1374.1342055844393
FOODS_2_276,7115.0,1140,3192.71924836742,3165.9657881135317,3190.386221712543,3165.9657881135317,3163.661594073559,3144.689059323937
FOODS_2_277,1082.0,1140,1030.7977689885593,1032.107156970741,1029.7361279975978,1032.107156970741,1034.9627514358813,1052.7401368006545
FOODS_2_278,1124.0,1140,1048.2954536068148,1048.267544262881,1045.7836825948614,1048.267544262881,1050.4309956289558,1042.1596327737896
FOODS_2_279,1466.0,1140,1279.839432679063,1281.6173960660326,1277.7033141119546,1281.6173960660326,1283.7464750903373,1279.3115400745069
FOODS_2_280,693.0,1140,688.5823249422897,688.4221579565802,687.1738183323272,688.4221579565802,689.2059530901638,685.9853685429632
FOODS_2_281,233.0,1140,233.83841523922766,233.79994532826635,233.40409940254807,233.79994532826635,233.83841523922766,233.05869211694528
FOODS_2_282,2661.0,1140,1822.8334476723978,1802.3048291376017,1816.4984554835667,1802.3048291376017,1800.539810116482,1767.5747932802242
FOODS_2_283,1445.0,1140,1329.9404466918645,1326.8092631944423,1329.1055466707357,1326.8092631944423,1328.8106705305806,1330.7546619801924
FOODS_2_284,526.0,1140,531.2369287853626,531.2024795061708,529.881327608506,531.2024795061708,531.9299131776679,530.5100385504351
FOODS_2_286,2764.0,1140,1722.326860298669,1726.0899726124876,1719.9046379743181,1726.0899726124876,1734.4118278356855,1727.6410393531746
FOODS_2_288,934.0,1140,779.7394944786472,777.9798624738003,777.7454128893559,777.9798624738003,778.0449547794069,765.5296450880201
FOODS_2_289,2595.0,1140,1779.3040601059015,1772.7549300684486,1777.6420985247005,1772.7549300684486,1776.6889359492598,1774.1726204730144
FOODS_2_292,358.0,1140,295.52567457014266,295.43566350429535,292.61775404630487,295.43566350429535,297.31381572864103,292.7942452484117
FOODS_2_294,4485.0,1140,2777.87565328613,2762.166227081708,2777.055384662479,2762.166227081708,2756.942447316853,2703.306784164315
FOODS_2_295,375.0,1140,377.8814803730772,377.86482943224485,377.52886014165387,377.86482943224485,378.17691104357834,374.78857030385353
FOODS_2_296,797.0,1140,756.9945670846853,758.0390701780989,755.7616786814381,758.0390701780989,758.723718510401,753.5907584652068
FOODS_2_297,1561.0,1140,1205.3813187501546,1204.8013426465766,1203.5310164363486,1204.8013426465766,1208.1215223938425,1202.9897797842882
FOODS_2_298,271.0,1140,274.53212392103364,273.9096307847843,273.7558514957961,273.9096307847843,274.1643013903194,271.8514797548178
FOODS_2_303,385.0,1140,335.13770134920935,334.0682293720166,334.7772166445999,334.0682293720166,333.2580677306387,333.0617055047721
FOODS_2_304,1935.0,1140,1176.232604571914,1176.6431129412172,1172.7958431551958,1176.6431129412172,1178.8108339128837,1172.4575908790098
FOODS_2_305,233.0,1140,240.3167755304276,240.57243036086803,238.96353440653274,240.57243036086803,241.2219318903946,237.68587495705256
FOODS_2_306,1078.0,1140,987.0651384942116,985.4323540316755,985.5508836208401,985.4323540316755,987.3433685304078,985.5477842122584
FOODS_2_307,2278.0,1140,1668.2241767053856,1665.8071176425328,1667.0167703035327,1665.8071176425328,1670.8840410296157,1660.6568738055744
FOODS_2_312,943.0,1140,818.7022040847479,816.6549015362156,817.246078276002,816.6549015362156,818.0153074816385,805.5800044927216
FOODS_2_314,898.0,1140,785.080435617399,783.6907647599485,785.3872724592127,783.6907647599485,784.6451385791718,780.3652143282407
FOODS_2_315,4212.0,1140,2732.0774459385448,2722.416155113495,2732.1902920827033,2722.416155113495,2713.2923685177325,2694.444609669809
FOODS_2_319,341.0,1140,343.8447002682501,343.6712014097678,343.14383409235256,343.6712014097678,343.88762856490763,340.75564311133974
FOODS_2_322,3490.0,1140,1918.8954655574962,1905.90973644915,1916.4319089336902,1905.90973644915,1904.609928368081,1895.3441332224334
FOODS_2_327,1738.0,1140,1456.3553147203145,1450.7629281448146,1454.5190430425387,1450.7629281448146,1452.9477202431797,1445.105558583411
FOODS_2_329,544.0,1140,544.9264631393662,544.8176819581473,544.8913644013513,544.8176819581473,544.9932169229155,543.4226862155668
FOODS_2_331,606.0,1140,590.4307783772506,590.3286796154748,590.7208925772051,590.3286796154748,590.396556160392,586.6907638320663
FOODS_2_333,1795.0,1140,1183.7178439112972,1175.7536699456496,1180.6445690782793,1175.7536699456496,1176.9399417582526,1176.4533730236421
FOODS_2_334,1982.0,1140,1377.9347301989326,1369.0735723231683,1378.146550434447,1369.0735723231683,1367.758573134276,1365.6605524212525
FOODS_2_337,453.0,1140,461.3263962055081,460.7743515715769,460.2116668090306,460.7743515715769,461.2703945081471,455.04173317510566
FOODS_2_338,1837.0,1140,1171.6483146714822,1169.8985721588406,1168.0741913337802,1169.8985721588406,1169.6387934257932,1166.3354733890776
FOODS_2_340,1058.0,1140,1032.144180325739,1028.1931118880427,1028.9243094658805,1028.1931118880427,1031.845182752811,1024.4987303035568
FOODS_2_342,3849.0,1140,2010.5343094395444,1988.414433588753,2009.2690948469876,1988.414433588753,1990.8391774038842,1999.0636878042878
FOODS_2_345,781.0,1140,753.0977143945329,751.7666097938784,751.0213310299655,751.7666097938784,753.6439553446967,746.7226399056843
FOODS_2_347,10032.0,1140,4223.412969979059,4124.157066668865,4214.667667054649,4124.157066668865,4124.54844481017,4034.5705688747244
FOODS_2_348,1176.0,1140,958.7881554688238,955.2186063171682,958.6177776506556,955.2186063171682,958.4725052688984,948.0186433285521
FOODS_2_350,170.0,1140,177.7179079328045,177.91109130385428,176.9498642072425,177.91109130385428,178.4784313163372,176.12021596714678
FOODS_2_351,1219.0,1140,1099.3692127852705,1098.775345882868,1097.214886905295,1098.775345882868,1100.137135384836,1096.7970862879768
FOODS_2_352,3493.0,1140,2136.1316322358584,2129.8287454248257,2134.8588407820107,2129.8287454248257,2124.0660725046814,2134.2288431124816
FOODS_2_353,934.0,1140,884.192587363937,883.3056491835506,884.3642278306036,883.3056491835506,883.6837380340567,881.6006119570741
FOODS_2_354,256.0,1140,262.56718787287036,262.23821373623923,261.9513007495342,262.23821373623923,262.69139582711625,259.2020215965139
FOODS_2_358,341.0,1140,335.48019883824816,334.40783630281203,335.33288246881796,334.40783630281203,335.558499187492,331.8283770631492
FOODS_2_359,1938.0,1140,1440.0088129998308,1433.502192848276,1438.6173588963106,1433.502192848276,1437.8934479284571,1433.2050705749828
FOODS_2_360,9149.0,1140,7805.958353632963,7723.835692257224,7796.580045596864,7723.835692257224,7695.372720824027,7021.505276732773
FOODS_2_361,1042.0,1140,759.493986685786,759.3302342455975,758.6925584274131,759.3302342455975,759.8134914813277,755.0108523918532
FOODS_2_362,362.0,1140,368.48857285139115,368.102193341329,368.244935839597,368.102193341329,368.40381432834306,368.2452729511227
FOODS_2_363,406.0,1140,393.9949794585111,393.2856623980521,393.3744773654232,393.2856623980521,393.76646667045935,391.8310828352358
FOODS_2_364,3736.0,1140,2052.907095001515,2029.8219670192245,2049.5864084086925,2029.8219670192245,2031.6279324816826,2024.4259913578214
FOODS_2_366,480.0,1140,458.1603987309682,456.7352022505733,457.7786071067583,456.7352022505733,456.94877080290655,450.0896807980586
FOODS_2_367,1152.0,1140,999.9575198469811,996.5628538127761,997.3252359360765,996.5628538127761,999.0338834044524,987.6357190808505
FOODS_2_368,5402.0,1140,2657.449406250734,2611.1139137908926,2657.315250681711,2611.1139137908926,2627.673239106169,2591.465429418865
FOODS_2_370,1580.0,1140,1085.0345901926835,1076.2235273486253,1082.8698674068894,1076.2235273486253,1075.813274322649,1068.0965771603649
FOODS_2_371,8365.0,1140,3441.2609150079343,3384.3195420790366,3436.221772761507,3384.3195420790366,3382.677389972612,3351.5484676704946
FOODS_2_373,901.0,1140,821.3169036989743,819.5187700625879,819.493117618583,819.5187700625879,821.6880960811079,815.8961627606582
FOODS_2_376,1224.0,1140,1064.39814046394,1065.1110089077297,1063.7125468529446,1065.1110089077297,1064.5182228793801,1057.971838288384
FOODS_2_378,803.0,1140,723.8998055880231,722.883961088911,724.0384484548875,722.883961088911,724.6395451450767,719.6733014242086
FOODS_2_379,784.0,1140,728.2317117857193,728.972093913222,728.25735449645,728.972093913222,728.4378840237064,725.4746838369173
FOODS_2_381,2886.0,1140,1922.4418823427804,1925.1962012042036,1925.3108119669164,1925.1962012042036,1925.8086132595897,1924.424750006142
FOODS_2_382,1010.0,1140,877.3652425730972,873.275158743487,875.4814835856387,873.275158743487,876.0657191482384,866.0925247595987
FOODS_2_384,2160.0,1140,1488.3836157414073,1483.2311575572858,1487.2916872380988,1483.2311575572858,1487.251386209701,1471.1281809888314
FOODS_2_387,654.0,1140,527.1974484793197,526.2039585373457,525.4631971175545,526.2039585373457,526.2976596833698,520.0602690601133
FOODS_2_388,2094.0,1140,1659.2390928378386,1651.7277372239582,1659.4700102998013,1651.7277372239582,1655.4554153168583,1651.100915547928
FOODS_2_389,107.0,1140,109.46135806187065,109.00006371184149,108.22758598708111,109.00006371184149,109.25037795657924,106.74286322259577
FOODS_2_391,2093.0,1140,1538.6082539037743,1540.9939078219745,1536.5423339470124,1540.9939078219745,1540.3764977299943,1539.989214775016
FOODS_2_392,716.0,1140,672.4886721474936,672.6939726584951,670.1294796115081,672.6939726584951,673.6367314737442,664.4858598804893
FOODS_2_393,541.0,1140,537.3099326355658,536.969842926846,536.9636240893777,536.969842926846,537.104889706424,536.5010822314414
FOODS_2_395,130.0,1140,133.13822281066217,133.12262584258735,130.91765893176793,133.12262584258735,133.27496075441354,135.74905996614058
FOODS_2_397,1153.0,1140,1007.7278079174016,1005.6026389815145,1003.9699101839296,1005.6026389815145,1007.7493241400291,999.2074029985871
FOODS_2_398,4759.0,1140,2832.5187864836284,2775.536625551539,2824.664820871785,2775.536625551539,2763.007269809825,2652.634520767283
FOODS_2_399,1805.0,1140,1379.0692287153283,1380.0050538664836,1378.066800024967,1380.0050538664836,1380.9296770224619,1380.434771927742
FOODS_3_001,794.0,1140,696.7988813308641,696.9239870333811,694.5709166525529,696.9239870333811,697.4857178220192,695.1488554246911
FOODS_3_004,388.0,1140,394.5162714426544,393.7025516785826,393.55174809937466,393.7025516785826,394.2207451526098,391.87150669465706
FOODS_3_005,1076.0,1140,885.5809960566519,885.3593654154557,882.3706804509039,885.3593654154557,887.9539892598984,876.0336507550458
FOODS_3_008,819.0,1140,783.4780482177354,789.2896510681803,782.6238697512696,789.2896510681803,791.591038109234,781.5002960977565
FOODS_3_009,660.0,1140,654.8266323946566,655.165924741337,653.986627798868,655.165924741337,655.9187897446528,656.2422126625975
FOODS_3_010,906.0,1140,796.2833963484894,798.2319025407453,794.5048028757908,798.2319025407453,799.705051382845,797.5092097402535
FOODS_3_011,1495.0,1140,1176.0147574595412,1176.1998322813747,1175.1634237104713,1176.1998322813747,1177.3647355720727,1173.542788148533
FOODS_3_012,377.0,1140,362.3636125353107,360.5259671918984,362.45043175762237,360.5259671918984,360.99071579651456,364.062574761287
FOODS_3_013,384.0,1140,376.0554453869554,374.83634520342304,375.3640239540867,374.83634520342304,375.8504757933763,369.4779029788615
FOODS_3_016,1202.0,1140,995.6700341561018,993.6097267985181,995.1977462236694,993.6097267985181,992.6439592335167,992.8776351806516
FOODS_3_017,222.0,1140,224.0395629063404,224.07692478168133,223.79496580723708,224.07692478168133,224.1494926233058,224.35811288933832
FOODS_3_018,865.0,1140,767.3701035629476,766.3108660439065,765.5882752957457,766.3108660439065,768.3500442681271,759.9258073854264
FOODS_3_019,993.0,1140,846.1112302134313,846.9320311703835,841.9206003280977,846.9320311703835,847.7891649207496,831.6176222948501
FOODS_3_020,5054.0,1140,3506.5934176099063,3490.10876663939,3501.79522906402,3490.10876663939,3481.0116795936633,3502.4346946346704
FOODS_3_021,1092.0,1140,945.5255760272345,947.0943535458459,943.4263169506238,947.0943535458459,947.7411628077439,941.2383631914606
FOODS_3_022,350.0,1140,350.20744725788984,350.200005379097,350.00000019956,350.200005379097,350.2091156205031,350.00937779550657
FOODS_3_023,1247.0,1140,982.4003848571309,985.1138830541311,980.0173327232293,985.1138830541311,989.5185903571578,980.3553504705806
FOODS_3_024,3123.0,1140,2230.958337439288,2217.429440221261,2228.5913448263846,2217.448004306443,2212.54146745795,2135.4495735083697
FOODS_3_027,624.0,1140,628.0189511193282,627.6343771343174,626.3959176299736,627.6343771343174,629.54678482058,617.5429349757981
FOODS_3_030,9356.0,1140,5267.890908355974,5151.149429361254,5254.95900647313,5151.149429361254,5131.594745482203,4674.328482878959
FOODS_3_032,1497.0,1140,1074.4486094967997,1071.3692820682486,1071.4481708218364,1071.3692820682486,1075.6608155982094,1066.0658992938745
FOODS_3_033,632.0,1140,631.9189010695734,630.9691681437033,630.5447057214287,630.9691681437033,631.6726743135289,627.950319852889
FOODS_3_036,440.0,1140,430.19933887123557,430.20442346602897,429.6947209601385,430.20442346602897,430.36829340322686,431.724375145288
FOODS_3_038,560.0,1140,523.4049185841004,522.4931793484554,521.0216360615252,522.4931793484554,524.1073344078583,521.7711483213982
FOODS_3_039,3947.0,1140,2102.8968233155783,2061.789767722298,2099.222939900749,2061.789767722298,2053.43321094915,1976.781612497518
FOODS_3_040,407.0,1140,350.6626278719766,350.1000709576791,348.1182213370121,350.1000709576791,351.1703305388821,366.18150740993826
FOODS_3_043,354.0,1140,329.0306895254412,328.41369925129214,329.11734948981905,328.41369925129214,328.3135821917586,328.9409962445986
FOODS_3_044,908.0,1140,755.9140263966951,756.2077575234782,754.7726874461928,756.2077575234782,757.6411316834434,754.1204163899638
FOODS_3_045,439.0,1140,439.76696447546993,439.76318454497004,439.5576018966163,439.76318454497004,439.79445644644466,438.9967122191064
FOODS_3_049,634.0,1140,614.1998968626071,613.4815085796333,614.3515082541157,613.4815085796333,613.8964555341945,612.0380267818772
FOODS_3_050,390.0,1140,375.8467741884866,376.2927230030066,375.5762187267896,376.2927230030066,375.8925471906903,376.4483948600549
FOODS_3_054,193.0,1140,195.33449831554393,195.31470098754724,194.7770020797195,195.31470098754724,195.79479489830277,197.99162875587444
FOODS_3_056,542.0,1140,538.9789793540682,538.7060599652671,538.0651147224175,538.7060599652671,539.0472661606914,535.8831959860497
FOODS_3_057,548.0,1140,520.3661639806716,519.4869209379748,517.8098831065605,519.4869209379748,520.984012803878,507.0896361464685
FOODS_3_058,1509.0,1140,1228.7342344214017,1229.0247743837297,1228.0504814262351,1229.0247743837297,1229.3680736047902,1223.2112436505865
FOODS_3_062,1129.0,1140,981.1808156917467,982.7268475529133,980.1140335295797,982.7268475529133,983.9931017480624,983.0288296505911
FOODS_3_063,1197.0,1140,1092.40699903202,1091.2842519779838,1089.470734241113,1091.2842519779838,1095.4316729567647,1084.559043853733
FOODS_3_064,7899.0,1140,3548.0612857803335,3520.027724030752,3538.7987743892572,3520.027724030752,3498.057668358627,3524.9266763075043
FOODS_3_065,714.0,1140,677.9303334277754,677.6834787094779,675.6285448641937,677.6834787094779,679.0143313355272,675.4836100622099
FOODS_3_067,1568.0,1140,1088.6875337446695,1088.2363992166402,1084.7135949314768,1088.2363992166402,1091.9255895551287,1083.540924014875
FOODS_3_068,540.0,1140,524.2985730861367,523.5554782035858,522.0528380692604,523.5554782035858,524.2170274606275,516.7839958162467
FOODS_3_070,9416.0,1140,7793.246471755907,7723.521899583151,7784.103653329926,7723.521899583151,7704.096529276374,7697.249368682793
FOODS_3_071,2901.0,1140,1896.4448284619034,1890.0640646552274,1898.923634486383,1890.0640646552274,1891.8538506083726,1901.0910851892504
FOODS_3_072,1003.0,1140,928.5999855888842,930.8631379360397,926.4253085608407,930.8631379360397,932.0199725610755,924.805260022488
FOODS_3_077,4905.0,1140,2726.958492471761,2670.911451219774,2724.8942929853492,2670.911451219774,2679.5096405749177,2436.2030800714874
FOODS_3_078,446.0,1140,451.73965754519196,451.74597455569443,450.9188865788732,451.74597455569443,451.96511389455907,449.73755092360113
FOODS_3_081,829.0,1140,751.8010509067642,750.2855656647808,749.6721837791857,750.2855656647808,751.8997261398825,746.9655170693441
FOODS_3_082,678.0,1140,616.8156437933721,617.0039479438542,613.6461087896269,617.0039479438542,618.7465766160719,612.1056319208433
FOODS_3_084,876.0,1140,785.0557095070558,782.8679646513153,783.0678772117749,782.8679646513153,784.8326925720498,774.2170943177643
FOODS_3_085,984.0,1140,830.5382077216716,830.4670005290317,829.043282217062,830.4670005290317,831.330057713292,821.4262742382584
FOODS_3_086,11446.0,1140,6064.216967256012,5923.318516409814,6042.459032951032,5923.318516409814,5886.3450135416315,5611.398558677423
FOODS_3_090,59789.0,1140,42590.95999496866,41545.46202371096,42429.225193959115,41545.46202371096,41203.38488145202,36789.935261371684
FOODS_3_093,3580.0,1140,1990.4109859399982,1966.7919004365926,1987.3666520380557,1966.7919004365926,1965.3126350617604,1968.8960667317072
FOODS_3_094,1317.0,1140,1041.2991500328958,1037.2065215214461,1038.4935509844277,1037.2065215214461,1040.1480861316081,1032.1505557828173
FOODS_3_096,1030.0,1140,841.0356225708703,836.6762108907153,837.940622786137,836.6762108907153,839.1565551902448,829.3898853508756
FOODS_3_097,3118.0,1140,2017.6496348953872,2011.5093544946328,2016.8072459085308,2011.5093544946328,2002.7506050081477,2011.0234269715424
FOODS_3_099,13955.0,1140,5582.99877392537,5561.872025631319,5586.880461951192,5561.872025631319,5605.40984605846,5347.134029519914
FOODS_3_100,1285.0,1140,1036.3543340614629,1037.1932969445331,1035.714595835911,1037.1932969445331,1039.8220802198157,1039.0588537065812
FOODS_3_102,730.0,1140,682.3771134158575,681.8749522602197,679.5037425904908,681.8749522602197,683.8937232652581,682.6431723763592
FOODS_3_103,1229.0,1140,1016.2463290256064,1009.7786424895243,1012.7154802500191,1009.7786424895243,1015.1273692174468,1008.8640649327882
FOODS_3_104,1186.0,1140,1008.2993407165613,1008.4361961586826,1005.7685126936169,1008.4361961586826,1010.1254869382708,1005.0191520099285
FOODS_3_106,3153.0,1140,2609.247058619724,2600.320290486725,2609.590777894885,2600.320290486725,2604.0283159568617,2571.5013356163126
FOODS_3_107,3596.0,1140,1833.4779636089197,1838.6671095903275,1833.9362920678866,1838.6671095903275,1842.5357031875922,1830.6128152533415
FOODS_3_110,512.0,1140,507.03435469396277,507.3820299588923,506.4678879931356,507.3820299588923,507.6897122257658,507.11495396406394
FOODS_3_111,652.0,1140,652.893772000332,650.4152520299865,649.8130097902879,650.4152520299865,653.7078189640805,646.9724300736934
FOODS_3_112,1792.0,1140,1297.7954556780987,1298.267188739635,1293.461133958751,1298.267188739635,1299.9271115825404,1285.287746051131
FOODS_3_113,3113.0,1140,2234.0288337804586,2220.521401244066,2229.754800433597,2220.521401244066,2217.9878188496427,2218.140103781177
FOODS_3_114,586.0,1140,462.7041016320086,460.6822380445969,462.7147188127668,460.6822380445969,460.116534612486,453.11770732876573
FOODS_3_115,1523.0,1140,1103.8538716629887,1097.4482052935869,1099.5904317291586,1097.4482052935869,1102.1023595139552,1085.7613179193174
FOODS_3_116,3003.0,1140,2018.1630504766904,2023.551500537592,2018.6285361452135,2023.551500537592,2024.2942369052662,2070.7163581122695
FOODS_3_119,1012.0,1140,924.8175039319874,921.9582276375579,921.2588107169252,921.9582276375579,924.950656151857,910.6800697177583
FOODS_3_120,26422.0,1140,15380.20495795105,15026.773283435585,15350.317210003195,15026.773283435585,14981.246945527804,14486.029251923537
FOODS_3_121,3764.0,1140,2090.1221387250657,2088.7539321317327,2089.6872190290132,2088.7539321317327,2088.49267724583,2077.7478538526066
FOODS_3_122,832.0,1140,816.1937700043674,815.316759152668,814.7459250161137,815.316759152668,816.5772194352883,812.1255818010949
FOODS_3_123,179.0,1140,180.72279227167513,180.94778218800658,180.22749820810037,180.94778218800658,181.06001559160723,186.28137278409304
FOODS_3_128,157.0,1140,157.34028134063044,157.69566764395577,157.05298113593216,157.69566764395577,157.64649937679775,161.0819250380262
FOODS_3_129,1145.0,1140,1015.8559352895711,1015.0834835086175,1013.9541217339445,1015.0834835086175,1016.6112508392368,1013.4304984944026
FOODS_3_130,597.0,1140,499.98348935542015,499.64473381114726,499.95858296815106,499.64473381114726,498.8525167434258,511.95035561163974
FOODS_3_131,3254.0,1140,1939.6956433866476,1938.4049279932326,1939.3555618545065,1938.4049279932326,1939.555321337989,1936.9273481386022
FOODS_3_132,1189.0,1140,896.2877810685391,894.9408764549379,894.7504860638742,894.9408764549379,899.2517980399707,894.7465595908344
FOODS_3_134,6599.0,1140,3126.1171691497175,3052.6757777939606,3118.1001614389133,3052.6757777939606,3039.2977013726622,3042.009460173477
FOODS_3_135,6977.0,1140,3045.921644077326,3006.3398711311047,3045.0694386995247,3006.3398711311047,3021.5818963629,3010.9067200345144
FOODS_3_136,6939.0,1140,2654.9294038605976,2624.165929792146,2661.347504171077,2624.165929792146,2656.2192800055054,2636.6040769433193
FOODS_3_138,1788.0,1140,1257.527853058841,1254.2291976882252,1256.990038708043,1254.2291976882252,1256.5106696483076,1256.2645721318472
FOODS_3_139,2086.0,1140,1325.8820536793978,1328.1040086075463,1323.0723759340478,1328.1040086075463,1328.6259693577197,1334.0110837373059
FOODS_3_142,1626.0,1140,1227.6222823968599,1229.2646839272,1227.3114748353314,1229.2646839272,1228.574756501815,1237.7454254573627
FOODS_3_143,727.0,1140,711.3151244032035,711.3594037574671,709.9281634013531,711.3594037574671,713.1543561916408,705.6760717346638
FOODS_3_145,365.0,1140,368.92567605142455,369.11788603500594,368.5590742907029,369.11788603500594,369.3020638757689,369.62727612799085
FOODS_3_146,2008.0,1140,1318.5191727467222,1313.8688911088675,1317.5036077523532,1313.8688911088675,1313.1202807015275,1319.3564424910908
FOODS_3_147,2334.0,1140,1436.5928325035434,1404.0279556288938,1433.977642074975,1404.0279556288938,1392.3573838036148,1294.5948384160245
FOODS_3_151,2979.0,1140,1811.1292339399852,1812.9183189635207,1809.9455442572698,1812.9183189635207,1807.3412928527907,1770.1606660477432
FOODS_3_152,1629.0,1140,1183.1475973167708,1173.9598815671932,1181.207238817492,1173.9598815671932,1177.3065089518814,1133.3009811549775
FOODS_3_153,784.0,1140,772.6361391616673,771.2396939580842,769.9906299054032,771.2396939580842,772.41314447575,770.3806569733096
FOODS_3_154,4544.0,1140,2327.953743080185,2258.3971372534475,2320.9475833868346,2258.3971372534475,2259.474074059932,2247.2679729700417
FOODS_3_155,741.0,1140,732.7843154337149,731.4996545453916,730.1251227236229,731.4996545453916,733.7385292193374,733.0636837616553
FOODS_3_156,1772.0,1140,1272.8798896269216,1269.5163918705803,1270.52138646824,1269.5163918705803,1274.25033655402,1267.9626034783291
FOODS_3_159,498.0,1140,506.59805891811436,506.99367569232396,506.33948364081124,506.99367569232396,507.25382953746606,508.3159941099899
FOODS_3_161,339.0,1140,340.43579289318586,340.5305295599969,340.1543108752094,340.5305295599969,340.56961960983176,339.7065843106855
FOODS_3_162,743.0,1140,709.4438068795,709.010329462299,707.093861037039,709.010329462299,709.7465152125512,710.8653643147607
FOODS_3_163,1894.0,1140,1355.5225577270007,1348.597357972722,1352.1493443298145,1348.597357972722,1346.4067410078278,1339.7926115803994
FOODS_3_164,462.0,1140,448.34165780303545,448.52686103181895,447.1347229940958,448.52686103181895,448.6265803888938,445.2084460304795
FOODS_3_166,1603.0,1140,1280.2790432625961,1273.3258164402396,1278.297785268794,1273.3258164402396,1275.2872563173707,1257.6718509691289
FOODS_3_169,2051.0,1140,1404.1551354098813,1404.338481300395,1403.660256801927,1404.338481300395,1408.397118672808,1408.2234535740474
FOODS_3_170,1159.0,1140,1004.7759741845198,1003.876218940278,1003.0252383135056,1003.876218940278,1006.0740559983215,1004.9485804045531
FOODS_3_171,114.0,1140,113.17861435615767,113.101159830587,113.11791585071137,113.101159830587,113.08325025326307,113.537735710688
FOODS_3_178,3109.0,1140,1879.5643800904159,1858.175736646184,1872.2102176232074,1858.175736646184,1856.6750287641812,1763.006915323179
FOODS_3_180,513.0,1140,511.56591384487695,511.6312672424057,509.95850047505184,511.6312672424057,512.4637625161067,512.8322934481321
FOODS_3_182,751.0,1140,694.0937760675806,695.1634524658994,693.1627540803295,695.1634524658994,695.19522539116,689.6772810016076
FOODS_3_183,1957.0,1140,1409.7642622657363,1407.4807045254536,1406.5900387269935,1407.4807045254536,1413.8325095577068,1399.017622741142
FOODS_3_184,787.0,1140,652.1645877460576,649.7586485389438,651.3595070909264,649.7586485389438,648.9720323819085,650.2890063831587
FOODS_3_188,406.0,1140,381.721578875815,382.20962153871903,381.08984535031084,382.20962153871903,381.84627224521273,382.2018579060285
FOODS_3_190,2511.0,1140,1894.6655644506395,1890.5893248986274,1893.5472540730502,1890.5893248986274,1893.259053240408,1885.55764863898
FOODS_3_191,1581.0,1140,1253.7900664480478,1252.6617226471205,1251.5566746269424,1252.6617226471205,1253.8691416304505,1238.6301105100183
FOODS_3_193,277.0,1140,278.35307108031776,278.3483663091202,277.8074982455107,278.3483663091202,278.40037653028855,279.12718587683526
FOODS_3_194,2106.0,1140,1303.6284351147674,1304.4333734401184,1304.0345234377128,1304.4333734401184,1314.2706659711198,1303.1210452562198
FOODS_3_197,601.0,1140,584.0383770020687,584.8032918038487,582.738252414127,584.8032918038487,585.3987764931505,582.5978743760885
FOODS_3_198,112.0,1140,114.34924472823687,114.44578105433911,114.10368649886126,114.44578105433911,114.51938301068924,115.84067569534689
FOODS_3_200,1463.0,1140,1189.544549491324,1188.9900398707066,1186.2694657805405,1188.9900398707066,1190.5604610251853,1177.9872978561123
FOODS_3_202,20429.0,1140,5590.465192699088,5452.7231204003365,5584.0487346811715,5452.7231204003365,5433.233633344953,5439.048398468034
FOODS_3_203,2336.0,1140,1446.7332138432575,1443.1026359595476,1443.2688621913435,1443.1026359595476,1441.3106932646558,1444.202681898566
FOODS_3_204,597.0,1140,608.4507214533435,608.4985564425266,608.422646061139,608.4985564425266,608.9097089861787,604.7086944774503
FOODS_3_206,282.0,1140,291.54623626974046,290.9639020106853,290.7882619647652,290.9639020106853,292.152217504939,290.40723789605266
FOODS_3_210,62.0,1140,62.00843577506759,62.015446868460444,61.994198117848015,62.015446868460444,62.01446215697504,62.08035832586478
FOODS_3_214,2424.0,1140,1912.0748487994022,1909.6193793362975,1911.8505400647864,1909.6193793362975,1908.843636277678,1903.6696855049256
FOODS_3_216,293.0,1140,299.87972568165014,299.6351624203079,299.2643179442088,299.6351624203079,300.77350771378053,303.62463677253425
FOODS_3_217,1582.0,1140,1101.1423521978772,1098.4832316050124,1095.0119633134896,1098.4832316050124,1107.6293177417456,1097.531749072164
FOODS_3_218,735.0,1140,725.7425648748135,725.2840701158366,723.6341658157755,725.2840701158366,726.8916130344633,718.9376696975872
FOODS_3_219,4438.0,1140,3023.4156244864944,2973.675124490974,3014.390916533456,2973.675124490974,2961.016776583391,2724.3524207486125
FOODS_3_220,284.0,1140,284.40417078778967,284.39028617354245,284.16988886108805,284.39028617354245,284.4082577713019,284.1112615249301
FOODS_3_222,1055.0,1140,912.4417343401196,908.3485889293529,907.6610522185761,908.3485889293529,912.6237322102137,902.3071514730939
FOODS_3_224,1853.0,1140,1192.8288475388063,1190.4304528380994,1187.8503642931987,1190.4304528380994,1197.798309532592,1185.0856350616934
FOODS_3_226,21440.0,1140,5046.057553828592,5164.415223301628,5066.527628129315,5164.415223301628,5213.1729621102895,5051.164317229708
FOODS_3_227,4253.0,1140,2135.3809474254126,2107.505994039055,2133.3357372410246,2107.505994039055,2115.1719315617947,2112.583299559459
FOODS_3_229,1388.0,1140,1047.7083664686477,1041.1141577863111,1041.5993624291418,1041.1141577863111,1047.0965587323599,1042.0737963311717
FOODS_3_230,3358.0,1140,1805.2859456597998,1779.541994318146,1803.5134746980143,1779.541994318146,1789.5369674545211,1776.2855364835907
FOODS_3_234,10340.0,1140,8383.348744356223,8338.342618785053,8373.266009435787,8338.342618785053,8330.920783820486,8284.515111519664
FOODS_3_235,721.0,1140,695.5425601799029,694.8887315687102,695.894614803698,694.8887315687102,694.4948084779708,695.7902564847202
FOODS_3_237,1320.0,1140,1237.7823200967405,1239.5336729923542,1235.2890391374167,1239.5336729923542,1242.16109124672,1233.2455377933788
FOODS_3_240,629.0,1140,631.2133548110844,630.8369179537051,630.6027143630117,630.8369179537051,631.0349703243643,627.6977420994166
FOODS_3_242,1048.0,1140,902.1971317611576,900.3165792645282,899.7131123482753,900.3165792645282,900.214221516385,895.4559342646905
FOODS_3_243,949.0,1140,777.0529000926806,777.7601879604474,774.1982987737242,777.7601879604474,778.8584255323397,772.1937745347659
FOODS_3_245,4529.0,1140,2306.2947607936812,2285.9035349170044,2303.3473056554976,2285.9035349170044,2288.640089799941,2279.3056392949748
FOODS_3_249,928.0,1140,709.7131208815185,707.2989895814628,709.3164741216232,707.2989895814628,705.7421370717686,731.1129515978199
FOODS_3_250,1237.0,1140,1013.5224187626701,1014.5180837939545,1011.7496887647185,1014.5180837939545,1017.709836168545,1006.4123677125464
FOODS_3_253,1552.0,1140,1143.324593937314,1140.7113708733964,1140.7198953353854,1140.7113708733964,1143.7240281157092,1138.6265562753276
FOODS_3_255,375.0,1140,375.73474471047405,375.60920919155126,375.29490583334115,375.60920919155126,375.6604012611932,374.222049775655
FOODS_3_257,2637.0,1140,1533.6188715569137,1539.69804957466,1532.5079723772562,1539.69804957466,1541.0762623663243,1537.8997533727384
FOODS_3_258,3520.0,1140,1933.944772913831,1940.1160675018314,1934.7745831210236,1940.1160675018314,1939.7795438744338,1936.0143476133576
FOODS_3_260,361.0,1140,359.4096252946715,359.460611626282,359.0850350329554,359.460611626282,359.5210286232013,359.37805663074084
FOODS_3_262,715.0,1140,681.6761108013949,681.3285791105818,678.6591371099886,681.3285791105818,682.9066096606605,678.4669643002399
FOODS_3_264,906.0,1140,779.541273347608,779.2538170474456,778.0014739325053,779.2538170474456,780.8850098309,772.5127626145879
FOODS_3_267,1328.0,1140,1052.2091178426308,1049.8343455696759,1048.8115519963858,1049.8343455696759,1050.3330066788426,1036.6803538239942
FOODS_3_269,863.0,1140,751.2436566925761,749.8232014616287,750.7101806632634,749.8232014616287,751.1919024368906,748.0294910353055
FOODS_3_271,943.0,1140,713.032477985075,711.5754099650011,711.2527266105419,711.5754099650011,712.1447551676766,698.6464142962393
FOODS_3_273,1499.0,1140,1156.154536494958,1156.223793973746,1155.6791082162467,1156.223793973746,1152.2014128508022,1158.299140970476
FOODS_3_275,668.0,1140,573.024550992691,572.1137457362568,571.3901191944042,572.1137457362568,572.9309512532202,572.5127371727361
FOODS_3_277,2229.0,1140,1510.1788881422503,1502.6523083026632,1510.2174617490118,1502.6523083026632,1502.457698631602,1501.6781879533874
FOODS_3_279,1099.0,1140,808.4204559762381,804.8881217638715,806.9272683675802,804.8881217638715,803.6833525824568,806.3635507627698
FOODS_3_280,645.0,1140,598.1424943005168,596.844690377988,595.769490565775,596.844690377988,597.9774863166356,590.2832257069103
FOODS_3_281,9103.0,1140,5031.93798098511,4920.264730505769,5020.214332431041,4920.264730505769,4898.443121062033,4488.769922398177
FOODS_3_282,23985.0,1140,10926.585327676512,10576.644047236085,10878.349966919777,10576.644047236085,10492.125221807964,9943.167296972655
FOODS_3_284,476.0,1140,481.2876949533353,481.80871204472,481.28948247880675,481.80871204472,482.08142595685763,479.5152791975448
FOODS_3_285,3115.0,1140,2151.4007177689687,2143.3316137154115,2149.7243066497736,2143.3316137154115,2137.508661340873,2136.4144648508627
FOODS_3_288,17138.0,1140,6246.615840954508,6111.417361051968,6229.2094158598775,6111.417361051968,6091.582147747064,6050.0682284708
FOODS_3_289,764.0,1140,639.8578428794212,640.68350237293,637.8843119588158,640.68350237293,641.5823005347925,633.4334994124747
FOODS_3_291,2068.0,1140,1355.8556412927674,1357.8341347339365,1352.70901187394,1357.8341347339365,1359.8054955021516,1350.5091592072408
FOODS_3_294,1350.0,1140,1177.5045619089858,1172.8073853409842,1178.2102915999958,1172.8073853409842,1173.8646930035566,1171.991669414283
FOODS_3_295,12574.0,1140,5447.365431875907,5383.731743443972,5434.70982057793,5383.731743443972,5362.049877149366,5361.5554399150315
FOODS_3_296,1087.0,1140,978.6064823910099,977.0937766656109,977.2027201148476,977.0937766656109,979.3158346743237,966.0598156390536
FOODS_3_297,898.0,1140,804.2635826962671,805.0725212091097,801.0789818964107,805.0725212091097,807.1025507360189,801.2569710381806
FOODS_3_298,618.0,1140,566.9614880506367,567.0955091892831,565.5362383578694,567.0955091892831,568.027237757404,565.7638049393499
FOODS_3_299,3806.0,1140,2054.377825309911,2051.3102106093875,2054.802808570279,2051.3102106093875,2051.1281999030866,2035.5340268280784
FOODS_3_301,952.0,1140,793.7203883268456,790.7492230514368,791.0218194914419,790.7492230514368,793.6503777813941,784.6919060658256
FOODS_3_302,3924.0,1140,2499.621109799019,2493.548906688946,2500.3406196967267,2493.548906688946,2492.6473041992413,2475.739716216779
FOODS_3_303,610.0,1140,602.5808751689822,601.9900451595768,601.801888058527,601.9900451595768,602.2700316198426,599.8647218954268
FOODS_3_306,3225.0,1140,1919.414276017807,1915.9700853445108,1917.5815889418561,1915.9700853445108,1917.7324421131548,1918.1565699258697
FOODS_3_307,4162.0,1140,2205.3557425346216,2174.061984247051,2202.8172451286114,2174.061984247051,2159.181508770722,2000.6495433408782
FOODS_3_309,413.0,1140,398.2465390412566,398.6405060197328,397.49962668310195,398.6405060197328,398.6588887295103,397.04876621806545
FOODS_3_311,1265.0,1140,934.8887753099928,934.7701266265842,934.188893945488,934.7701266265842,935.021437013329,924.9033884769328
FOODS_3_313,7544.0,1140,2994.7524800488272,2999.338625449151,2997.9440862502624,2999.338625449151,3017.6841446254766,3001.0996006873634
FOODS_3_317,2918.0,1140,2086.0871880034238,2079.4455066016762,2084.754527263307,2079.4455066016762,2079.1772388480426,2066.904472827051
FOODS_3_318,12271.0,1140,8662.304361383583,8489.021084391428,8638.322391061683,8489.021084391428,8435.611956645698,7347.924025800695
FOODS_3_319,7484.0,1140,5323.829710824894,5244.626625364205,5309.420016994324,5244.638841911352,5215.321796152216,4762.912423865902
FOODS_3_320,1316.0,1140,1173.4337169644316,1175.950570777069,1171.0471099732154,1175.950570777069,1178.0299424990014,1169.5054631698094
FOODS_3_321,5178.0,1140,2412.8201470159765,2395.3893910530533,2413.257413603943,2395.3893910530533,2407.9957429426095,2398.413820354784
FOODS_3_322,893.0,1140,664.0019826582056,656.0513650316911,662.3630994741761,656.0513650316911,654.3094301773727,638.154612964362
FOODS_3_323,665.0,1140,675.3230992234191,676.3873945864892,675.665625754274,676.3873945864892,677.4546736393745,674.5843371121312
FOODS_3_324,1818.0,1140,1274.0646323477076,1262.0722222536485,1272.1292816199434,1262.0722222536485,1261.6724924894029,1253.5309041220994
FOODS_3_326,2581.0,1140,1940.1385155521423,1920.3397248782844,1936.6369785903516,1920.3397248782844,1911.8885111760403,1809.2574979653573
FOODS_3_327,3510.0,1140,2007.0270607613063,2010.0879963270193,2009.498303308094,2010.0879963270193,2018.5724835749165,1996.8455166520027
FOODS_3_332,2026.0,1140,1374.3908100013646,1369.9713086804063,1372.8467315616817,1369.9713086804063,1377.2246611025605,1369.3686182982467
FOODS_3_333,1860.0,1140,1433.0354141871408,1430.1528127920842,1433.0838431919028,1430.1528127920842,1425.0861495227027,1407.6324183959196
FOODS_3_336,239.0,1140,233.9190868574767,234.5234030153667,233.4138115426268,234.5234030153667,234.90482019880676,245.17399997942988
FOODS_3_338,311.0,1140,312.50203996373114,312.5141326039068,311.9799575309071,312.5141326039068,312.5727369542713,312.6282021130593
FOODS_3_340,950.0,1140,857.9681845747584,858.2062734168479,856.4024649531088,858.2062734168479,859.4111814437945,852.4384194648604
FOODS_3_343,363.0,1140,360.8169071511145,360.8137273402768,360.2214911464499,360.8137273402768,360.7307722424963,359.83075256966606
FOODS_3_344,1892.0,1140,1363.5823059869022,1354.1990192482785,1360.903614244227,1354.1990192482785,1353.2010785754203,1358.3582550304786
FOODS_3_346,2899.0,1140,1887.828082419029,1884.8880646861921,1888.7349403560672,1884.8880646861921,1887.7543124358995,1883.0240344340677
FOODS_3_347,2387.0,1140,1560.8680239309883,1545.6024410984246,1560.0791265327275,1545.6024410984246,1547.8323737501314,1544.3391146146118
FOODS_3_349,7470.0,1140,3161.5067972638462,3188.0385908442613,3163.8857564976606,3188.0385908442613,3196.853865494539,3174.2048248771384
FOODS_3_351,4840.0,1140,2875.9200214459497,2863.6621229999546,2873.551014310685,2863.6621229999546,2858.611925753117,2865.622452766648
FOODS_3_352,423.0,1140,397.20713066526,400.40250325743,395.28040999383626,400.40250325743,401.5225146486492,417.0290145336039
FOODS_3_353,782.0,1140,651.5976051186074,650.7732592337668,651.1231906190894,650.7732592337668,649.5576942742869,648.0604304236455
FOODS_3_356,1497.0,1140,1198.9425974379096,1204.6668063715324,1195.096452485198,1204.6668063715324,1207.0260652228126,1202.3598758524552
FOODS_3_358,469.0,1140,468.0623308372896,466.9614553659494,467.1253968976259,466.9614553659494,467.3909876881704,462.0006234689989
FOODS_3_361,1384.0,1140,1017.2422808578331,1019.1565418834149,1016.2836705513454,1019.1565418834149,1019.7975746573959,1008.380072076574
FOODS_3_362,8251.0,1140,6410.084346829361,6306.768294185538,6398.872069018134,6306.768294185538,6271.77901256588,5548.828488085593
FOODS_3_364,439.0,1140,426.3418781123397,426.2638646526923,425.8963554913879,426.2638646526923,426.10121160796746,424.7143884717043
FOODS_3_365,658.0,1140,612.0857197768587,610.9133862647368,610.8798645426402,610.9133862647368,612.012716147484,608.0049206422126
FOODS_3_366,835.0,1140,815.7880281790037,815.4746643615084,813.7750173515949,815.4746643615084,816.4418362578062,810.9033826787531
FOODS_3_370,6502.0,1140,2694.0083338427858,2677.666893154287,2690.4048290935807,2677.666893154287,2673.4825741421596,2691.40443128476
FOODS_3_372,4430.0,1140,2316.661103030314,2309.87809756369,2318.227890055082,2309.87809756369,2317.670849109115,2322.3754393065956
FOODS_3_373,600.0,1140,598.4383386895902,599.5212622837939,597.761581526178,599.5212622837939,599.9619746520067,601.6065234423219
FOODS_3_375,693.0,1140,668.097227831078,668.2303254946083,666.7146585065495,668.2303254946083,668.9188661419706,666.619204363818
FOODS_3_376,10539.0,1140,5311.934151494721,5223.566197746364,5300.088273274668,5223.566197746364,5206.509060258794,5216.909115148401
FOODS_3_377,15165.0,1140,3759.518341220323,3835.349068629227,3781.217628238558,3835.349068629227,3907.278364347774,3762.8077161139954
FOODS_3_378,1123.0,1140,899.9199924479727,899.8341135897856,898.0608148936931,899.8341135897856,902.5393317416766,902.6109506389992
FOODS_3_380,238.0,1140,238.55866648472843,238.54975926175896,238.21833334345015,238.54975926175896,238.57268425164312,238.10490827126202
FOODS_3_382,2412.0,1140,2012.2789900368725,2009.4241895474458,2009.0725689289497,2009.4241895474458,2012.2251432740532,1992.3958820958505
FOODS_3_383,1901.0,1140,1516.3713878845952,1513.7495820660138,1515.5244888792815,1513.7495820660138,1514.4702048794566,1503.2183152703037
FOODS_3_385,1048.0,1140,892.5943309834092,889.1308033465252,889.8755973702741,889.1308033465252,889.7858452541608,877.4525828464357
FOODS_3_387,648.0,1140,521.1803487113413,521.992450009777,519.4600592166034,521.992450009777,521.7829630638939,532.1377109697459
FOODS_3_389,10791.0,1140,3629.200109639969,3601.2183785365205,3633.4192793072543,3601.2183785365205,3639.3845843600366,3603.948816157358
FOODS_3_390,1686.0,1140,1280.4188641002913,1278.9440845901693,1277.5550270055978,1278.9440845901693,1283.7542799231296,1275.197862064727
FOODS_3_392,1065.0,1140,947.9444669914524,945.739984586226,943.3421140758321,945.739984586226,950.4069686007738,937.2460992915651
FOODS_3_393,6956.0,1140,3040.809952657978,3022.3752727451656,3035.079745108863,3022.3752727451656,3016.8972019323774,2992.685631994229
FOODS_3_394,667.0,1140,583.907360502471,581.5502397165013,581.0575395627003,581.5502397165013,583.60033297662,580.7788829878755
FOODS_3_395,837.0,1140,800.5225170545135,799.7388303665723,799.1935078458932,799.7388303665723,800.7521449833023,798.5190552145993
FOODS_3_399,6179.0,1140,3130.8913147042463,3095.281766352783,3128.827939732668,3095.281766352783,3095.2254328291,3096.767426967948
FOODS_3_400,1424.0,1140,1009.8607443090216,1012.5204768146587,1005.5551712970279,1012.5204768146587,1020.9849990355788,1001.7962704533307
FOODS_3_401,831.0,1140,821.7338639753866,821.8873206512186,819.7680456343938,821.8873206512186,823.0760249065897,814.550789254833
FOODS_3_402,559.0,1140,559.5085129147071,558.945534976768,558.1096723480749,558.945534976768,559.6105424812059,557.8989968753365
FOODS_3_403,5562.0,1140,2689.1041830774084,2678.815098116954,2688.3047766632026,2678.815098116954,2677.173233998068,2648.071996526991
FOODS_3_404,6789.0,1140,4378.328043566762,4298.108959962597,4367.122620067755,4298.108959962597,4278.089436331712,3816.96352073858
FOODS_3_405,1119.0,1140,966.0768481534127,966.6081798643867,963.6805704046907,966.6081798643867,967.4753776053005,962.5628553961742
FOODS_3_408,479.0,1140,457.14508089494035,457.45498080439137,456.2490000640406,457.45498080439137,457.3524604366257,454.4606632124022
FOODS_3_409,579.0,1140,564.7429792571572,565.393583190836,564.4951032998794,565.393583190836,565.1313982600914,564.0613437629181
FOODS_3_410,891.0,1140,670.3569294431522,671.8549134998394,670.8788001146152,671.8549134998394,670.9132752930142,670.0928587873849
FOODS_3_411,1240.0,1140,987.1829391972682,985.7030965467065,985.6323001387368,985.7030965467065,986.0772490680906,981.7023394202278
FOODS_3_413,4440.0,1140,2274.985879617222,2273.116626425734,2275.4821387502852,2273.116626425734,2272.626251680017,2276.696418057424
FOODS_3_418,2156.0,1140,1559.9954488240317,1558.3464701633475,1561.292152164512,1558.3464701633475,1558.8778678434073,1556.8900454926284
FOODS_3_419,1243.0,1140,951.2241519755091,948.5876141927903,947.6458090123094,948.5876141927903,957.2983890928431,938.382766439149
FOODS_3_421,383.0,1140,382.42686201846254,382.2800916578924,381.8437923376215,382.2800916578924,382.2845732881849,380.38550845077623
FOODS_3_422,3464.0,1140,2319.6202170128245,2296.1825280521916,2315.256799795372,2296.1825280521916,2289.6156965558503,2292.6351946772584
FOODS_3_423,1869.0,1140,1330.8978741470232,1325.4825553742044,1328.0931314542145,1325.4825553742044,1326.3301075309432,1322.461743946376
FOODS_3_424,1122.0,1140,960.4690809386256,957.0984763611289,952.5212322398711,957.0984763611289,964.4991049676503,950.240668188429
FOODS_3_427,437.0,1140,436.32703089715596,436.0857672259402,435.2626320443145,436.0857672259402,436.0971468296075,433.8629207069496
FOODS_3_430,517.0,1140,522.3778795398938,522.500626725743,521.9103129118118,522.500626725743,522.7079424166254,522.0337875315561
FOODS_3_431,1996.0,1140,1504.8170011748573,1501.7798275670293,1502.5593591056572,1501.7798275670293,1504.2290252175808,1502.8856015725592
FOODS_3_433,1688.0,1140,1359.830965395371,1361.8665975585955,1358.2235788671733,1361.8665975585955,1364.6249733368386,1354.3559861880021
FOODS_3_438,1816.0,1140,1531.1521373203584,1532.3704098009234,1528.163326700566,1532.3704098009234,1532.8503496300218,1527.2363484370758
FOODS_3_439,2938.0,1140,1587.048196645951,1582.9597797623949,1586.6633823387533,1582.9597797623949,1587.902719146724,1583.034081902017
FOODS_3_442,423.0,1140,422.6237729681865,422.35756732133234,422.45821599296585,422.35756732133234,422.403672867726,420.0873244727178
FOODS_3_448,601.0,1140,476.8103900127453,474.707584879758,474.76783408619326,474.707584879758,476.75181235716036,471.2685020790564
FOODS_3_449,4035.0,1140,2465.9483284925964,2455.4421844471835,2463.964917116814,2455.4421844471835,2451.58211160647,2424.300066421364
FOODS_3_450,1312.0,1140,1014.7714845194113,1011.309530016775,1012.9535197940813,1011.309530016775,1013.8702599675147,1012.9126702662626
FOODS_3_451,1191.0,1140,1153.549054973511,1151.6895062474039,1152.5364018679088,1151.6895062474039,1153.0939820661142,1154.120888164792
FOODS_3_452,493.0,1140,503.3580655110743,502.5670067773204,503.1503961760886,502.5670067773204,503.37410132301625,499.8161718188619
FOODS_3_454,5508.0,1140,4898.131702785049,4881.859402819031,4896.746838173945,4881.859402819031,4876.023626725861,4833.378390732119
FOODS_3_455,7396.0,1140,3166.563399306032,3122.7593931916335,3163.237975620438,3122.7593931916335,3128.547696859442,3111.765758107181
FOODS_3_457,553.0,1140,534.3965942817747,533.424210302984,533.5156219068772,533.424210302984,534.1618994054322,527.4582423793312
FOODS_3_458,11122.0,1140,3612.928288505516,3720.2743416361127,3627.2937932876744,3720.2743416361127,3762.1170252911966,3647.233638280197
FOODS_3_459,3035.0,1140,1677.7514726515815,1667.259638562513,1676.300640636949,1667.259638562513,1672.8403109027126,1661.6633922090869
FOODS_3_460,2896.0,1140,1673.4315364672152,1659.1721101637384,1672.265637821206,1659.1721101637384,1661.7211697431096,1653.8387256043036
FOODS_3_463,921.0,1140,827.4072655372353,825.6518677564318,824.9664405221301,825.6518677564318,827.1122119514525,820.2372755483468
FOODS_3_464,876.0,1140,730.778600321639,727.2367586111251,728.6341488891886,727.2367586111251,729.1094461798241,720.9631170762767
FOODS_3_466,361.0,1140,369.5201358310425,367.48016966586385,368.0747388963107,367.48016966586385,369.94373951400377,362.04327506558315
FOODS_3_467,1075.0,1140,894.4959427311298,892.0627843419779,891.5058523327036,892.0627843419779,895.2149587498317,892.4621057594611
FOODS_3_468,3299.0,1140,2070.1354377495663,2079.4274645392697,2072.3306750627235,2079.4274645392697,2082.7429884278367,2081.3848905465666
FOODS_3_469,4042.0,1140,2079.1110543425852,2071.492094360072,2079.114837012146,2071.492094360072,2071.4277963625063,2079.570637012802
FOODS_3_472,342.0,1140,342.26798210360363,342.1474900955159,341.50911600375434,342.1474900955159,342.1779658200313,344.6091630305127
FOODS_3_474,4867.0,1140,2762.287001387007,2738.158577391462,2756.552379533053,2738.158577391462,2730.967147454562,2712.740340891124
FOODS_3_478,821.0,1140,808.9119225997553,808.1783213879395,807.0810039448013,808.1783213879395,808.8585946527136,808.120554513195
FOODS_3_479,1954.0,1140,1472.9242184951104,1472.5680863176563,1471.1316632861012,1472.5680863176563,1475.6032937248817,1473.797691689889
FOODS_3_480,878.0,1140,814.6195275890643,812.7734212858163,813.2910369976341,812.7734212858163,813.3829253683277,807.861382602532
FOODS_3_484,486.0,1140,491.6830131985986,491.77975408000395,491.6212093698375,491.77975408000395,492.0104662298354,491.1602140503908
FOODS_3_486,453.0,1140,458.0403983242433,456.686965255256,455.9381505077827,456.686965255256,457.44053030724353,449.0747284010803
FOODS_3_488,1155.0,1140,956.7962317191921,954.3518899537112,952.3826807927594,954.3518899537112,956.9892007402524,947.8597551236866
FOODS_3_489,2480.0,1140,1559.8285912017127,1562.0871947579972,1558.3281359990463,1562.0871947579972,1567.031117838707,1559.1630779112618
FOODS_3_490,760.0,1140,711.4572820259116,712.3778413901667,710.5392851353952,712.3778413901667,713.5583710839649,710.7783049682835
FOODS_3_491,11020.0,1140,6058.895199428878,5924.867647081117,6041.713370859181,5924.867647081117,5885.715555265586,5229.065261415924
FOODS_3_492,1135.0,1140,904.2496922887851,902.3958542674536,900.682407105056,902.3958542674536,905.4142913026217,894.3412506242257
FOODS_3_493,1269.0,1140,951.5240052407253,951.1536261060847,951.8712792104084,951.1536261060847,949.2577686845018,946.0480620960464
FOODS_3_494,760.0,1140,698.1214975057346,699.5634212096147,696.3001816724866,699.5634212096147,699.8131489848007,695.07566923426
FOODS_3_495,2869.0,1140,1729.5192055106702,1708.218755446234,1721.4298009209574,1708.218755446234,1709.8869534678581,1689.2759814593974
FOODS_3_496,1748.0,1140,1234.6793602067166,1230.2227400190025,1230.8565762527157,1230.2227400190025,1234.8902887221866,1225.9006138210254
FOODS_3_497,1313.0,1140,1056.339341730863,1052.098619824407,1055.4634666103757,1052.098619824407,1054.824432805706,1053.9587301754896
FOODS_3_502,1772.0,1140,1250.7354794514185,1250.2524946690316,1248.252278967813,1250.2524946690316,1252.0530678099594,1242.5430341348128
FOODS_3_503,6343.0,1140,2606.326483701568,2605.1733228632957,2607.7404210823624,2605.1733228632957,2608.4390153661307,2606.2434280425277
FOODS_3_504,1793.0,1140,1266.8009846256743,1257.3186325757188,1264.5158810084613,1257.3186325757188,1254.89549203165,1248.0587885109903
FOODS_3_506,336.0,1140,338.71678630110466,338.660504940234,338.67072348258154,338.660504940234,338.76859280790484,338.0478866190193
FOODS_3_507,380.0,1140,381.8933430562336,382.0436218242581,381.4107205142239,382.0436218242581,382.1067343196797,382.3801789642249
FOODS_3_508,1626.0,1140,1234.422875738146,1233.6442868461688,1232.8765614394115,1233.6442868461688,1237.4490735554027,1228.1378097543816
FOODS_3_509,1330.0,1140,1032.5772455261208,1031.7008658992606,1030.7070048788664,1031.7008658992606,1033.117076991644,1024.0977986392886
FOODS_3_510,632.0,1140,595.018854961535,594.4935342009727,592.8294758837455,594.4935342009727,595.0449474563799,586.1714720677202
FOODS_3_511,10391.0,1140,3554.130032074775,3513.978546137828,3549.9056230663336,3513.978546137828,3504.182566562149,3499.253963008366
FOODS_3_512,276.0,1140,279.4154394517851,279.63154548796854,279.0320025707495,279.63154548796854,279.7247253764192,280.36961032630205
FOODS_3_514,1984.0,1140,1328.3695671631428,1321.2399225252298,1325.3778968879399,1321.2399225252298,1320.990368555206,1326.9487227791865
FOODS_3_516,12711.0,1140,4761.183159004443,4630.700025858497,4756.932210936369,4630.700025858497,4649.7785038696875,4608.393915474655
FOODS_3_518,867.0,1140,769.5352430237584,765.9704387289096,767.8266750879725,765.9704387289096,768.2255047429811,760.725262575206
FOODS_3_519,2992.0,1140,2415.4743853087966,2410.8974174219843,2412.2856616980953,2410.8974174219843,2410.8555541548085,2393.971811666208
FOODS_3_521,532.0,1140,532.70797945236,532.2923954856428,531.8910876027951,532.2923954856428,532.7377387184241,533.531600432601
FOODS_3_523,3211.0,1140,1819.064600713551,1819.0571859315905,1820.4725523792704,1819.0571859315905,1816.2870473952862,1817.9315820699471
FOODS_3_524,5137.0,1140,3455.2338409401973,3412.9420213614153,3449.7418813134445,3412.9420213614153,3402.3642892909315,3176.7534431410204
FOODS_3_525,2584.0,1140,1871.901424076832,1865.8572549574633,1871.1334942602066,1865.8572549574633,1866.6281529854132,1848.369155974014
FOODS_3_526,4219.0,1140,2435.307631501745,2418.7577856899265,2433.246215058839,2418.7577856899265,2417.1663086711587,2401.36411461977
FOODS_3_527,513.0,1140,504.8923317674845,503.7227113490162,504.53865160587463,503.7227113490162,504.8145332466321,501.5983605451155
FOODS_3_528,616.0,1140,603.0196046408312,603.1520557583503,602.0464411835278,603.1520557583503,603.4714276335735,599.3364509685765
FOODS_3_529,745.0,1140,665.8913902747313,665.4662061659026,663.3227243938567,665.4662061659026,667.258957289735,659.5247857317202
FOODS_3_530,5572.0,1140,2259.579858984471,2282.7670453433575,2267.480223123768,2282.7670453433575,2310.041172792411,2270.8628874820292
FOODS_3_531,647.0,1140,632.50256280604,631.8164301578357,632.0908735094986,631.8164301578357,632.9810603295888,635.7636634203666
FOODS_3_532,3619.0,1140,1779.3632272764762,1775.671015055762,1782.789614897367,1775.671015055762,1783.5778299500475,1781.821327235765
FOODS_3_533,1706.0,1140,1211.5244633083325,1208.73762298444,1206.9942828529292,1208.73762298444,1213.6609376188642,1202.235070631852
FOODS_3_534,1914.0,1140,1427.7627969264154,1422.8563330997522,1425.6342971399035,1422.8563330997522,1426.551135851324,1423.6616180062192
FOODS_3_536,1180.0,1140,946.3517891437851,947.5110241080134,943.7593264629994,947.5110241080134,948.2001110339111,942.7591282457828
FOODS_3_537,1233.0,1140,1046.9829937536351,1044.4087114650288,1044.6198285495016,1044.4087114650288,1045.6761346118146,1040.0644125264776
FOODS_3_538,1063.0,1140,871.9843579138679,871.8335087413109,870.9169391256476,871.8335087413109,874.767109884011,875.0788208185218
FOODS_3_541,6415.0,1140,4884.551586584757,4819.449741213777,4872.306983311468,4819.449741213777,4796.029001600721,4413.726009853666
FOODS_3_542,1010.0,1140,890.1607184619072,890.1069128149888,885.5234161996722,890.1069128149888,892.9711729509191,887.6159366619486
FOODS_3_543,445.0,1140,434.9184190252838,434.51489066251764,433.27847229208425,434.51489066251764,435.0138184166875,434.2978287097249
FOODS_3_547,8009.0,1140,6626.162002155894,6602.924378961099,6620.628069811595,6602.924378961099,6596.002434452743,6528.05458821924
FOODS_3_548,271.0,1140,272.79359717140426,272.84303826615826,272.1229520121831,272.84303826615826,272.90370763786854,274.2411340308497
FOODS_3_549,323.0,1140,328.59064284246455,328.55240841670525,327.44677059547786,328.55240841670525,328.821706028143,331.48790698227947
FOODS_3_550,708.0,1140,693.8840276758699,692.9032918750036,692.8017517377701,692.9032918750036,693.4671617160113,689.201590959701
FOODS_3_551,1327.0,1140,1020.4346411337181,1016.1303773620826,1017.4618593326456,1016.1303773620826,1017.4373328136833,1013.0345205980313
FOODS_3_552,1989.0,1140,1419.5811045166167,1414.9089420356927,1418.579055148601,1414.9089420356927,1415.8469758998867,1415.2129833257932
FOODS_3_553,935.0,1140,807.5906997086269,808.8891187848218,804.2966917555191,808.8891187848218,810.4628291002255,802.7520233422977
FOODS_3_554,315.0,1140,323.26648337267306,323.26716004453016,322.25366508545227,323.26716004453016,323.7074296890331,332.04817382102317
FOODS_3_558,112.0,1140,111.36408679659351,111.3017814544222,110.87182464260474,111.3017814544222,111.28967688376807,113.701714164182
FOODS_3_559,968.0,1140,830.3924524668554,831.2199493424632,828.3269916522753,831.2199493424632,833.005996617602,821.0378999738689
FOODS_3_560,1659.0,1140,1189.9829933770377,1192.918981970391,1191.905571960051,1192.918981970391,1188.0997388865817,1189.9458982232845
FOODS_3_561,3938.0,1140,2391.9724040942133,2392.543320769959,2392.311999433367,2392.543320769959,2394.0605858510894,2405.474026688711
FOODS_3_562,3039.0,1140,1752.7273103070988,1756.0437633407137,1754.6045300266142,1756.0437633407137,1760.691510006915,1768.9493823864777
FOODS_3_564,730.0,1140,722.9639133359688,723.0199634500946,722.3257377364935,723.0199634500946,722.9888396425263,726.2126498434443
FOODS_3_565,2033.0,1140,1400.259565158391,1399.565177066949,1399.1121696784166,1399.565177066949,1403.7904609990032,1403.6327082394948
FOODS_3_567,543.0,1140,539.9579069888011,539.3604119530229,538.9763609643757,539.3604119530229,539.536423473053,536.9229433816064
FOODS_3_568,2721.0,1140,2103.007924607269,2095.1623814412324,2101.3208663785026,2095.1623814412324,2095.8871770179258,2094.1560632761907
FOODS_3_569,1572.0,1140,1136.3409331046805,1135.3596433315747,1135.2033397101798,1135.3596433315747,1136.0050637735794,1123.3366336482154
FOODS_3_570,4617.0,1140,2270.743026833924,2277.8028104419386,2271.6547056008494,2277.8028104419386,2277.4457520232286,2268.839476549985
FOODS_3_571,567.0,1140,551.6070314695835,550.6219788627235,550.6451331607067,550.6219788627235,551.660279547408,545.7420691887892
FOODS_3_572,8142.0,1140,3930.679135880376,3877.0340181590554,3919.50837070586,3877.0340181590554,3844.1470778256244,3691.504667094633
FOODS_3_574,4368.0,1140,1923.8658158166513,1916.5166189354006,1923.2007591454862,1916.5166189354006,1913.4379010105727,1931.7725328665028
FOODS_3_576,714.0,1140,693.461061679952,693.5435765678999,692.6865932557789,693.5435765678999,693.3314863553088,690.4305426456095
FOODS_3_577,526.0,1140,444.0873132847264,445.05109988358316,444.0941901436321,445.05109988358316,445.1585888702137,446.0182415848397
FOODS_3_579,675.0,1140,644.5059612182815,644.7643776699033,642.7928284889581,644.7643776699033,646.1657054782229,639.7253925991777
FOODS_3_581,828.0,1140,772.3421323153831,770.9856721689906,769.8466133110288,770.9856721689906,774.9591027355959,766.2211691455777
FOODS_3_585,1206.0,1140,1046.0471075271341,1043.1347442072547,1044.3134155293865,1043.1347442072547,1045.4605109465385,1040.26386045598
FOODS_3_588,1619.0,1140,1228.8344280801846,1226.0806288683134,1223.9934715199702,1226.0806288683134,1234.2829827143107,1217.6600968732832
FOODS_3_589,634.0,1140,497.8595502451459,501.3134359184904,495.0268676120326,501.3134359184904,505.62881551894213,488.31342648248875
FOODS_3_590,1256.0,1140,890.031032103271,889.0662397177407,891.3751629239457,889.0662397177407,887.758463379215,924.7936141662208
FOODS_3_591,797.0,1140,719.0327426073046,716.8438126039202,717.5551128279907,716.8438126039202,718.1849465993005,719.3862321127956
FOODS_3_593,677.0,1140,639.6097149749946,639.7764696023316,637.8660117576119,639.7764696023316,641.412825324913,640.1879655960569
FOODS_3_594,2802.0,1140,2112.4679419834592,2105.8951827100636,2110.104206032415,2105.8951827100636,2106.318531518672,2106.8764956874093
FOODS_3_597,331.0,1140,334.5998255351162,334.65480755716067,334.4727757607967,334.65480755716067,334.782701134408,333.5583723744666
FOODS_3_599,1843.0,1140,1335.0826772488779,1336.7021159696833,1334.045847356892,1336.7021159696833,1340.8238482456004,1332.2272099242414
FOODS_3_600,311.0,1140,295.03758665028556,295.04218425459874,293.763619447315,295.04218425459874,295.46989267133216,300.489456161534
FOODS_3_601,252.0,1140,253.5466386009769,253.53521194314592,252.95749014812077,253.53521194314592,253.96921984576448,254.2073448478133
FOODS_3_602,1065.0,1140,853.6835877602427,847.2348447934855,853.2400654771385,847.2348447934855,845.4596714673684,834.1329462831934
FOODS_3_603,3284.0,1140,2582.4167646969845,2582.0012517466466,2581.544709310311,2582.0012517466466,2583.6102305078875,2573.2473246104705
FOODS_3_604,1725.0,1140,1289.1903791240677,1284.0221990106606,1287.5070511985923,1284.0221990106606,1285.849978819509,1283.304329065963
FOODS_3_605,741.0,1140,583.3727619618851,584.2483209446125,585.0159409881743,584.2483209446125,583.9409144065307,596.4932122608027
FOODS_3_608,821.0,1140,789.2420065696109,786.8666748348049,787.929465748397,786.8666748348049,788.9416972150692,783.2089279658983
FOODS_3_609,1977.0,1140,1331.4014791227746,1324.0212509334333,1329.0739912805282,1324.0212509334333,1325.4729232490783,1324.9000818961822
FOODS_3_611,1630.0,1140,1238.969083135442,1238.5533257166144,1234.6405581036065,1238.5533257166144,1244.7083393942617,1235.373505583558
FOODS_3_612,877.0,1140,794.7905940605867,793.54068260701,790.5232109034134,793.54068260701,796.3621348823729,780.4984122673475
FOODS_3_615,1287.0,1140,1010.6085530474049,1015.0775259034239,1008.9436078951179,1015.0775259034239,1017.3244329181604,1019.1625378396714
FOODS_3_616,1594.0,1140,1242.8929787613042,1243.7620556809966,1241.4086295047462,1243.7620556809966,1245.997147062054,1240.3380165184376
FOODS_3_617,2416.0,1140,1550.4456356350238,1546.2665663119392,1549.8753186938543,1546.2665663119392,1542.2992597675602,1547.1309128602124
FOODS_3_619,335.0,1140,333.08679358072663,333.3698267161838,333.37541768094457,333.3698267161838,333.38255754208114,333.32447586475837
FOODS_3_620,908.0,1140,802.5436267028937,803.2152002394362,800.1400328085265,803.2152002394362,804.4891556971309,795.494752460613
FOODS_3_621,1682.0,1140,1307.7399302014933,1312.3907967592784,1306.9618685153964,1312.3907967592784,1314.7797142265667,1315.828069219411
FOODS_3_622,527.0,1140,538.9793562022342,539.1926776530663,538.2552785211168,539.1926776530663,539.8108418298833,540.8733592736512
FOODS_3_623,486.0,1140,486.4624784382468,486.4510828729183,486.2241680076089,486.4510828729183,486.4707011376212,486.1590363309911
FOODS_3_624,1077.0,1140,1051.012346735964,1052.0429678069504,1050.1875155262908,1052.0429678069504,1053.2438123587185,1043.9656702951338
FOODS_3_626,444.0,1140,427.2245551854722,427.99442161329785,426.3000993584283,427.99442161329785,427.9620520120845,425.0255858845836
FOODS_3_627,688.0,1140,626.3057732461152,624.8035244992114,626.0833900836951,624.8035244992114,624.8213474917534,622.881519351239
FOODS_3_630,114.0,1140,116.14462960608068,116.13206693324794,116.03790084282784,116.13206693324794,116.21673453942057,118.98793075726232
FOODS_3_631,1159.0,1140,927.0171268829698,926.1006076689289,924.9160479784622,926.1006076689289,928.372129236881,918.8677599712058
FOODS_3_632,1767.0,1140,1228.018016405323,1228.2521575109402,1225.5095015654397,1228.2521575109402,1228.3339746092863,1224.290834388054
FOODS_3_635,7814.0,1140,5727.528862590137,5638.1838650517575,5713.0472788080915,5638.1838650517575,5613.034618931484,5115.460788812735
FOODS_3_636,4214.0,1140,2399.986710139362,2378.8495311654488,2399.134900832427,2378.8495311654488,2380.10608006461,2376.7026997346557
FOODS_3_640,1715.0,1140,1242.7377237190772,1250.0079576916114,1241.0139605608947,1250.0079576916114,1251.0862630207712,1242.4139273119372
FOODS_3_643,976.0,1140,957.4468856863351,956.72106759598,954.9454936065205,956.72106759598,958.2990472258072,957.846069477336
FOODS_3_644,2191.0,1140,1197.972930702493,1192.7302715488418,1200.2973356964649,1192.7302715488418,1207.3665645396131,1191.4285147240316
FOODS_3_646,999.0,1140,755.6611421964121,754.8224620163568,756.1002593846619,754.8224620163568,752.8069927430298,750.5517644233286
FOODS_3_647,405.0,1140,353.9281715093497,355.1939847207743,352.64460417488266,355.1939847207743,359.08931128295865,351.75363114352103
FOODS_3_650,1201.0,1140,1080.5930593405308,1080.6695211773354,1077.6198013905089,1080.6695211773354,1083.8527826960842,1080.7071657198117
FOODS_3_651,2029.0,1140,1501.1899191734747,1505.879007213852,1499.0648394082991,1505.879007213852,1506.4663796334323,1501.230686245836
FOODS_3_652,5556.0,1140,2528.6744985892046,2530.3081145853516,2527.364225246206,2530.3081145853516,2523.9744203001364,2528.9631463889964
FOODS_3_653,1849.0,1140,1287.9533181531226,1285.9564502947915,1282.9017618224461,1285.9564502947915,1287.9428231863167,1281.0591851800818
FOODS_3_654,5394.0,1140,2466.1673995455476,2461.107836757359,2465.5606261718817,2461.107836757359,2465.7876112329673,2470.9125574155296
FOODS_3_657,1583.0,1140,1170.8698400077428,1168.285296673278,1167.3724932923903,1168.285296673278,1172.90288164726,1162.062186714582
FOODS_3_658,652.0,1140,626.8334146573851,625.8308321874417,626.2063147570237,625.8308321874417,626.4744940631208,621.7424557491362
FOODS_3_661,4631.0,1140,2108.711865808912,2113.137136840194,2112.0571557739613,2113.137136840194,2120.5051032704555,2108.0992330115578
FOODS_3_662,565.0,1140,547.5353868838511,547.3756386098166,545.9313290027153,547.3756386098166,548.2510042465603,548.6384019884729
FOODS_3_663,1108.0,1140,971.619723796154,970.8965167213755,969.8653167839088,970.8965167213755,971.2546005594228,963.0255153306807
FOODS_3_664,4393.0,1140,2619.617157663506,2584.4628672848207,2617.135607153049,2584.4628672848207,2582.504613311353,2539.973370630503
FOODS_3_665,1733.0,1140,1157.846778833184,1151.9846619100467,1157.8935070674236,1151.9846619100467,1156.2754621359695,1151.3935947609498
FOODS_3_670,396.0,1140,375.5404403148201,375.2465424279049,374.43229390845846,375.2465424279049,375.94590744332066,373.91965220560826
FOODS_3_673,918.0,1140,820.9844053651027,819.2757216595843,818.4450223068773,819.2757216595843,820.9859076271928,815.1561918240317
FOODS_3_674,1966.0,1140,1366.0230832682553,1356.9024011325619,1362.0259921624775,1356.9024011325619,1362.2567971331703,1353.8755980371625
FOODS_3_675,1624.0,1140,1393.7443336258657,1393.1060540982571,1390.3742653094607,1393.1060540982571,1397.8589105380313,1391.0913079003221
FOODS_3_677,683.0,1140,671.4528896483876,671.8588077719864,670.0254984906643,671.8588077719864,672.3762201878659,668.806062757041
FOODS_3_678,1860.0,1140,1293.2743626627575,1292.515124619189,1290.3403609070315,1292.515124619189,1298.7815276482245,1285.8752702607671
FOODS_3_682,9861.0,1140,4294.13916455448,4250.21178074999,4283.922025061416,4250.21178074999,4232.876974469322,4127.111804239765
FOODS_3_683,2975.0,1140,1700.351598585652,1699.8574610128626,1701.2257699792265,1699.8574610128626,1700.3331418827875,1704.100375051826
FOODS_3_684,1442.0,1140,1202.4667300939873,1201.491040834896,1198.3839309130522,1201.491040834896,1203.8587198516484,1191.4884334807664
FOODS_3_685,2072.0,1140,1461.2971627299926,1459.3944534524076,1460.9240734553498,1459.3944534524076,1460.7117857674034,1468.0881842513845
FOODS_3_687,797.0,1140,771.8609300969248,771.6132021726835,768.4613197884592,771.6132021726835,773.5245882640229,766.5462175539712
FOODS_3_692,3996.0,1140,2735.885129598988,2726.078583436815,2733.1519847909244,2726.078583436815,2723.6555987201045,2719.0170271900893
FOODS_3_694,21936.0,1140,4908.998959713274,4911.95627413511,4926.201227225383,4911.95627413511,4960.4421607482145,4837.510271030204
FOODS_3_695,5122.0,1140,2465.8865375700175,2471.2347808801105,2460.1702526800073,2471.2347808801105,2455.1418444034857,2489.9583641755557
FOODS_3_697,7402.0,1140,2973.8758600379388,2972.3560525722955,2977.0535313051014,2972.3560525722955,2989.8957931527843,2967.1608190205015
FOODS_3_698,2043.0,1140,1483.656411885756,1472.453103657202,1480.7521985708745,1472.453103657202,1473.172340554732,1469.90521611021
FOODS_3_700,482.0,1140,409.43540914073975,411.2474153191464,409.96447804588075,411.2474153191464,411.14930958852426,432.445972495874
FOODS_3_701,1183.0,1140,1018.7991318934688,1018.076309041903,1017.6545820009297,1018.076309041903,1021.143522836472,1010.8089899949425
FOODS_3_703,849.0,1140,753.7068111226196,756.3280278269604,751.2070281211782,756.3280278269604,757.078086372049,751.1499497618322
FOODS_3_705,863.0,1140,829.0616237134658,827.5176790684118,825.7299698728201,827.5176790684118,831.1560565200002,820.190741525734
FOODS_3_706,2973.0,1140,1723.918384252818,1722.518784253415,1724.2085117270444,1722.518784253415,1720.858886896358,1720.1735122887435
FOODS_3_708,1258.0,1140,978.56641622541,979.0319871471103,975.4941552419223,979.0319871471103,979.4668038272769,974.3172427998675
FOODS_3_709,1427.0,1140,1114.6479777426093,1117.659216912841,1110.4037735846277,1117.659216912841,1122.2456101311018,1107.5711671914394
FOODS_3_711,8056.0,1140,6983.042940856806,6963.601681246037,6980.462562995086,6963.601681246037,6959.921794366327,6899.701653695303
FOODS_3_713,260.0,1140,260.7113110813823,260.68154068691535,260.43136139791505,260.68154068691535,260.71374694059165,260.116476789557
FOODS_3_717,564.0,1140,560.6414904809434,560.8003268496473,559.5986776787929,560.8003268496473,561.3228937453501,558.847209810084
FOODS_3_718,1055.0,1140,899.169751394445,898.5303366957422,899.4182512356992,898.5303366957422,897.8274346258263,904.8624014994896
FOODS_3_719,920.0,1140,822.6500652203413,823.0692213602049,820.1440099864717,823.0692213602049,823.8781804929007,818.3094091086984
FOODS_3_720,532.0,1140,543.8088394369472,543.4850985059334,543.0567172574067,543.4850985059334,544.3475166712664,539.7546676225793
FOODS_3_723,20738.0,1140,11942.013242534937,11609.478184992597,11892.940841559302,11609.478184992597,11494.83053663214,9683.51398449702
FOODS_3_724,508.0,1140,486.12708721097584,485.65737567664473,484.50428697923996,485.65737567664473,486.64987821740215,484.7466979618851
FOODS_3_725,2806.0,1140,1668.8773631625018,1651.2175997715522,1669.077683047345,1651.2175997715522,1656.9958819819938,1639.7992162814035
FOODS_3_726,556.0,1140,498.58220769505874,501.09026798007596,498.4145155939385,501.09026798007596,501.6984475718459,511.91545008729975
FOODS_3_727,2400.0,1140,1441.3295263550813,1433.7033964290595,1439.5652559914179,1433.7033964290595,1438.1829018966425,1431.9845142854201
FOODS_3_729,1059.0,1140,972.8341241663238,971.4125550520739,972.0287224827836,971.4125550520739,973.2165882587435,967.3116159360297
FOODS_3_730,1623.0,1140,1089.268948326233,1092.11565740919,1084.8417031476438,1092.11565740919,1097.0767593164983,1080.2296008270373
FOODS_3_732,59.0,1140,59.0981468535375,59.094422552740426,58.824825025817006,59.094422552740426,59.098772702784714,58.4239734862428
FOODS_3_733,814.0,1140,736.9680954467779,735.4587103361082,735.8890397400268,735.4587103361082,736.6976488905152,727.6870497179572
FOODS_3_734,5520.0,1140,2573.696161835323,2605.1855202991283,2576.1019730279777,2605.1855202991283,2608.8764827958166,2585.76041402974
FOODS_3_735,917.0,1140,763.4779103831963,765.7599968002658,763.8717462215193,765.7599968002658,765.9096785607435,766.7729813904957
FOODS_3_736,282.0,1140,283.22420432250624,283.2862451855216,283.0688730525191,283.2862451855216,283.3226539439578,287.8217688769929
FOODS_3_737,205.0,1140,205.61442645579575,205.6093056978002,205.45108102944945,205.6093056978002,205.63397090846098,205.54830668095906
FOODS_3_738,3810.0,1140,2455.8263422893565,2439.072047949147,2456.018196347441,2439.072047949147,2434.956562154477,2409.9489636495737
FOODS_3_739,13978.0,1140,5054.416270978184,4970.074690359079,5047.146209542412,4970.074690359079,4980.425302481022,4875.048518770488
FOODS_3_741,5908.0,1140,3139.91238744611,3148.323040076054,3135.565165157078,3148.323040076054,3142.9258711919633,3137.7015276516513
FOODS_3_742,1775.0,1140,1316.9503468019939,1312.735615409177,1317.512729974796,1312.735615409177,1312.4405282342082,1318.3157860504589
FOODS_3_744,7809.0,1140,2843.90144730032,2803.7440409198553,2847.183306764022,2803.7440409198553,2834.6601364481176,2803.6157311502448
FOODS_3_745,50.0,1140,50.37543078000917,50.38625311961636,50.087126412214644,50.38625311961636,50.39807486794169,50.37912136040236
FOODS_3_746,4187.0,1140,1809.8453460067462,1787.190468419606,1809.2118057860744,1787.190468419606,1796.4162755858702,1791.4020952521557
FOODS_3_747,3034.0,1140,2321.748948697809,2311.727680013174,2321.312489841551,2311.727680013174,2314.189291802741,2311.431939662656
FOODS_3_749,780.0,1140,749.094534032013,749.1082838534612,748.3812399016437,749.1082838534612,749.2223112789361,747.175602271005
FOODS_3_751,957.0,1140,832.3490702382466,834.2042243814765,832.3179641828713,834.2042243814765,834.299904520275,834.5593254719229
FOODS_3_753,2753.0,1140,1589.8875373097885,1577.5028677241703,1589.6590845248415,1577.5028677241703,1576.5158597528916,1574.78552322524
FOODS_3_754,336.0,1140,336.0594044267483,336.0565751280893,336.0407479769042,336.0565751280893,336.0595121156366,335.9914406823858
FOODS_3_755,4924.0,1140,2758.433833081871,2749.952039396919,2757.7145190197343,2749.952039396919,2749.855486168356,2736.2333839904695
FOODS_3_756,8256.0,1140,2913.833277952637,2950.333617041688,2924.4462565224553,2950.333617041688,2987.326429724368,2919.491463970204
FOODS_3_757,2923.0,1140,2208.792694217088,2174.4096478066513,2204.540454193485,2174.4096478066513,2161.465523464808,1932.4334883349647
FOODS_3_758,433.0,1140,436.23186757138683,436.1711388522953,436.13342701318606,436.1711388522953,436.3948267250414,436.04966549632144
FOODS_3_759,1172.0,1140,966.3413107060404,964.5770309068498,963.4296377527206,964.5770309068498,966.8055622579434,955.2920481313247
FOODS_3_760,8917.0,1140,3515.4921162535165,3477.440918274843,3517.4001308088823,3477.440918274843,3495.5100973490007,3484.1675192341527
FOODS_3_761,1099.0,1140,894.8312159579758,889.8674334861693,891.7790938816302,889.8674334861693,893.5992263691426,888.7537321457298
FOODS_3_763,312.0,1140,314.53282840867763,314.5853404822064,314.27069292829924,314.5853404822064,314.67435738948853,316.0292855377489
FOODS_3_764,7375.0,1140,3464.975702708223,3411.156380864513,3459.0968191688335,3411.156380864513,3406.64598522376,3330.1007088280094
FOODS_3_765,1138.0,1140,920.87922292452,920.6961193617256,915.8431762129346,920.6961193617256,923.1591497968803,913.8597452284878
FOODS_3_766,609.0,1140,565.7723647523692,565.3946146369017,564.1879370485015,565.3946146369017,566.7760639775361,563.7960055138849
FOODS_3_768,2773.0,1140,1604.9318475991872,1612.9388922269993,1605.4775680030011,1612.9388922269993,1617.018036303095,1621.3564269003746
FOODS_3_769,3967.0,1140,2369.735218344095,2354.494504636364,2371.60534973003,2354.494504636364,2348.1833796364963,2355.707965356595
FOODS_3_771,593.0,1140,456.20727075938174,454.991825629298,456.369939965344,454.991825629298,454.48303568285263,448.18254856251235
FOODS_3_772,3044.0,1140,1687.0000620129895,1686.2564776543625,1685.1033204547007,1686.2564776543625,1679.0420044341245,1689.8471863573448
FOODS_3_773,577.0,1140,560.6789125582957,560.2791520519886,559.2782883895433,560.2791520519886,560.7185399965339,558.6131110262681
FOODS_3_774,810.0,1140,710.7541722251352,709.1250196213514,708.082046382591,709.1250196213514,710.6625737763726,698.615486132627
FOODS_3_776,2004.0,1140,1241.352024014844,1240.3034129630441,1237.1912732159917,1240.3034129630441,1240.7854672114086,1233.78435544874
FOODS_3_777,848.0,1140,841.7777308844647,839.2093217383648,838.9761526002184,839.2093217383648,843.2886750365959,831.820189539438
FOODS_3_780,1460.0,1140,1000.5703195288318,996.2503717786587,997.1088664783956,996.2503717786587,993.6102554421091,970.858521608078
FOODS_3_781,480.0,1140,487.7309050519622,487.8143851389011,487.7721167527766,487.8143851389011,488.0906683641615,485.82295077016056
FOODS_3_782,4293.0,1140,2228.847184051665,2214.230611428068,2230.767846043904,2214.230611428068,2223.8769663604003,2205.13669834337
FOODS_3_784,798.0,1140,779.2703847931095,779.2404225696583,778.0940307536537,779.2404225696583,780.3001633901501,776.6172466889409
FOODS_3_787,1631.0,1140,1219.269463762132,1220.8675245127681,1217.172395610109,1220.8675245127681,1220.8041626028428,1218.6970028478124
FOODS_3_789,8083.0,1140,3772.953522143219,3738.2418686463743,3770.5485002596865,3738.2418686463743,3739.995016764395,3636.4045207701674
FOODS_3_790,200.0,1140,201.94400440467973,202.055190532756,201.69159810925618,202.055190532756,202.11236255353788,205.2792100299502
FOODS_3_791,928.0,1140,877.3591213638138,880.3086701094448,873.7640742795509,880.3086701094448,881.0734352635366,878.5355699969862
FOODS_3_795,4451.0,1140,2066.213259532018,2070.659048548063,2069.4078847375954,2070.659048548063,2074.1812428620588,2073.903318168864
FOODS_3_797,1554.0,1140,1002.2450489720593,999.2896404397418,1000.3208831830823,999.2896404397418,1001.1730755509554,997.2439117383138
FOODS_3_798,488.0,1140,486.42465101688117,487.0829282027152,484.7912999388418,487.0829282027152,488.29788400249095,488.14473839370197
FOODS_3_799,189.0,1140,189.14059072770235,188.99584459824356,188.587255736745,188.99584459824356,189.02624264471808,186.4586553527577
FOODS_3_800,7326.0,1140,4256.2442702947865,4175.402287806361,4244.338417429792,4175.402287806361,4149.340387226737,3736.6910092015482
FOODS_3_801,4348.0,1140,2764.7849771148217,2759.7010984844173,2766.517630016264,2759.7010984844173,2763.732769559454,2737.959787606163
FOODS_3_802,360.0,1140,359.08030104670144,358.84486873949896,358.50907677481473,358.84486873949896,358.9797625565481,358.46687185687824
FOODS_3_803,2293.0,1140,1877.2925723879257,1871.019262666316,1875.739835124433,1871.019262666316,1872.5868810574198,1867.264629313359
FOODS_3_804,13230.0,1140,6239.627701127017,6231.153936338344,6232.549074928269,6231.153936338344,6224.092871740856,6149.780216419125
FOODS_3_805,1793.0,1140,1340.3110275288716,1338.8601128837888,1338.2470225945845,1338.8601128837888,1341.2436381997811,1334.7315088991
FOODS_3_807,4139.0,1140,2473.7324808597664,2453.691517502062,2469.9810237608463,2453.691517502062,2449.518856177924,2433.303021037733
FOODS_3_808,8721.0,1140,6307.337826931789,6213.593915766655,6292.923574031066,6213.593915766655,6185.231840773666,5693.867934862277
FOODS_3_811,15491.0,1140,7690.340272427832,7456.127824133104,7664.551376662166,7456.127824133104,7419.258976436731,7230.375947176394
FOODS_3_812,2204.0,1140,1679.9465224584308,1683.5197460851268,1679.3529373516317,1683.5197460851268,1688.852649190927,1684.745474531815
FOODS_3_813,1265.0,1140,1040.1097156654228,1036.4968033689836,1039.4472916826417,1036.4968033689836,1036.626192221274,1038.4887231932994
FOODS_3_814,2169.0,1140,1550.6750656189067,1553.0117185523677,1549.053472851016,1553.0117185523677,1556.6878158969203,1560.7698811423174
FOODS_3_816,4977.0,1140,4229.371670457953,4216.041052247317,4230.4452372610385,4216.041052247317,4221.555742491119,4216.696538967582
FOODS_3_818,3509.0,1140,2043.29842583667,2046.1786810223473,2050.2050019357193,2046.1786810223473,2067.8036851632296,2044.8302403197747
FOODS_3_819,1695.0,1140,1259.8797135050104,1255.062029759364,1258.9774865589488,1255.062029759364,1256.8531620741173,1254.9070910598816
FOODS_3_820,2231.0,1140,1383.4693715460553,1387.9564562231137,1384.0477771823876,1387.9564562231137,1392.613691392824,1384.4103057173443
FOODS_3_821,856.0,1140,800.2193309049514,797.5917659908005,798.6252652590305,797.5917659908005,800.4127517576151,796.0470824962474
FOODS_3_824,146.0,1140,153.8838762838352,154.0450538088929,154.1030470101661,154.0450538088929,154.38028682216847,156.23723169700128
FOODS_3_826,1456.0,1140,1222.9497448742939,1224.7311527973065,1221.6621249287296,1224.7311527973065,1227.0766480997586,1223.1106516580132
FOODS_3_827,3193.0,1140,2320.97941005562,2310.867581744852,2320.667549080069,2310.867581744852,2312.1374977685737,2294.035317536212
HOBBIES_1_005,1184.0,1140,976.1478055464125,979.9567061573166,977.6162089229784,979.9567061573166,978.1824055740626,963.7946442610153
HOBBIES_1_006,907.0,1140,868.7996613536873,869.787332043612,868.6715216663849,869.787332043612,870.8144246353378,869.3272491971027
HOBBIES_1_008,4692.0,1140,3946.661982541743,3940.1603426252036,3942.4561285486893,3940.1603426252036,3938.5429327758675,3928.4229639457403
HOBBIES_1_010,549.0,1140,561.5443018966693,561.2869926430194,560.8921851714604,561.2869926430194,561.9308443859455,561.3202317441205
HOBBIES_1_013,370.0,1140,374.3409103868729,374.35390806463056,374.28367286893035,374.35390806463056,374.4231249291731,373.4827306621004
HOBBIES_1_014,2978.0,1140,2242.423016594263,2243.638293904449,2243.3777857025843,2243.638293904449,2248.048731970928,2242.0299238364933
HOBBIES_1_016,3771.0,1140,2910.884267517476,2906.111196933828,2905.5340265380933,2906.111196933828,2901.858941015209,2888.8582486688606
HOBBIES_1_018,175.0,1140,175.09456838675194,175.07618215264006,174.9260373011294,175.07618215264006,175.1042730032255,175.06515568660654
HOBBIES_1_021,491.0,1140,481.2575046622932,481.1115385784731,481.2114810377934,481.1115385784731,480.94153534083443,478.052533090922
HOBBIES_1_023,1100.0,1140,908.8400502885693,910.3049475763198,907.1483693937357,910.3049475763198,908.3018360831543,904.5764424959234
HOBBIES_1_024,273.0,1140,273.4871592586394,273.38295075703496,273.2508306850353,273.38295075703496,273.4871592586394,273.01628191186205
HOBBIES_1_026,426.0,1140,440.05311693020053,440.39595043579345,440.5031377561649,440.39595043579345,441.13977611378743,436.2710608323695
HOBBIES_1_027,337.0,1140,336.3141903788972,336.3594477905633,336.0679248230456,336.3594477905633,336.4950863019145,335.6213871868922
HOBBIES_1_028,468.0,1140,463.5980969111296,464.45815343984833,462.8456270586071,464.45815343984833,464.34885336682106,464.77390034087426
HOBBIES_1_030,3150.0,1140,2684.2078313413217,2679.7515493689316,2680.4317774055708,2679.7515493689316,2678.687250562574,2656.9961370860233
HOBBIES_1_031,320.0,1140,323.1839022153515,323.1183634298941,322.9391501602231,323.1183634298941,323.36391368064733,322.09194159999464
HOBBIES_1_032,4044.0,1140,3459.1019986168662,3456.059868445728,3452.1398713413873,3456.059868445728,3453.4918307762205,3441.7735564590844
HOBBIES_1_034,546.0,1140,557.0189768349248,557.4130395776931,557.1892673713827,557.4130395776931,557.3278284820137,554.1040558880408
HOBBIES_1_036,584.0,1140,585.3396667788561,584.8719762231699,585.0371359656906,584.8719762231699,584.8182547194449,583.4170859484607
HOBBIES_1_038,346.0,1140,345.2784098689091,345.21082846176506,344.86427416240093,345.21082846176506,345.1668972758712,344.5638451446392
HOBBIES_1_041,261.0,1140,265.92190107020303,266.1090665969737,265.9293625629779,266.1090665969737,266.3908187441584,268.7929120973521
HOBBIES_1_044,406.0,1140,411.9754720768934,411.9850123348013,411.7843300233774,411.9850123348013,412.2538567961797,409.454719726568
HOBBIES_1_046,585.0,1140,554.693464972223,555.0549502362801,553.3400134577247,555.0549502362801,555.084499593602,551.8369558905952
HOBBIES_1_047,617.0,1140,623.0029871825748,621.8817108742933,621.3527318311722,621.8817108742933,623.9973646547078,618.0046887480341
HOBBIES_1_048,8442.0,1140,5508.484611680489,5489.558797022542,5490.03460580769,5489.558797022542,5478.910092895559,5527.160670550199
HOBBIES_1_049,439.0,1140,434.9897106094211,434.69894151970516,434.6082036803155,434.69894151970516,434.70683184335655,431.2255740580069
HOBBIES_1_051,241.0,1140,242.2172775176723,242.26448341567135,242.2174743222954,242.26448341567135,242.316086983033,242.22427247864584
HOBBIES_1_052,100.0,1140,100.0,100.0,100.0,100.0,100.0,100.0
HOBBIES_1_054,153.0,1140,154.46457294235998,154.43309035912097,154.2523682703213,154.43309035912097,154.46815063771052,153.35319679518696
HOBBIES_1_056,2221.0,1140,1627.750651397525,1624.097129013433,1628.682472261099,1624.097129013433,1625.9103513029793,1633.9769194334024
HOBBIES_1_058,212.0,1140,212.17410450389207,212.1682603326521,212.2082281185971,212.1682603326521,212.17456765080686,212.5024469811879
HOBBIES_1_061,361.0,1140,359.66602445333626,359.47258002440844,359.37430350508293,359.47258002440844,359.4982696695396,355.7240337033353
HOBBIES_1_063,302.0,1140,302.9122488215472,302.90566719604965,302.8047219837832,302.90566719604965,302.9333874584237,302.1373503568806
HOBBIES_1_064,1570.0,1140,1043.1903062894976,1042.9740299182577,1045.1706755244782,1042.9740299182577,1042.203428962905,1040.4981178904056
HOBBIES_1_065,132.0,1140,132.09722568046845,132.09719145053538,132.00000009457037,132.09719145053538,132.09722568046845,132.0049623786832
HOBBIES_1_066,511.0,1140,516.2548843527418,516.4309488064125,515.348729023309,516.4309488064125,517.0253414617844,516.1757089174282
HOBBIES_1_070,122.0,1140,122.0,122.0,122.0,122.0,122.0,122.0
HOBBIES_1_073,748.0,1140,703.6490054290034,702.3657647097928,702.0535161802034,702.3657647097928,703.5441981965564,699.5963718876596
HOBBIES_1_074,1373.0,1140,1101.882925573635,1100.5650978152116,1100.2977136741747,1100.5650978152116,1102.1544185673554,1091.6272159995901
HOBBIES_1_077,383.0,1140,385.31278473323346,383.0522969694904,385.0311502607146,383.0522969694904,384.8351105610621,382.25076606950466
HOBBIES_1_078,888.0,1140,781.7573762072577,782.8997807018925,781.5737726797996,782.8997807018925,786.467884122231,775.8568165894956
HOBBIES_1_080,2316.0,1140,2121.5316519515454,2120.3753953496907,2122.4231138287964,2120.3753953496907,2122.910981603448,2128.296367574845
HOBBIES_1_081,598.0,1140,551.9718162107163,553.0003764423709,550.6501210230143,553.0003764423709,552.4442787394346,547.6207141953438
HOBBIES_1_083,389.0,1140,386.5626517324855,386.21450859148456,386.304167508698,386.21450859148456,386.7534117253842,384.7766448488204
HOBBIES_1_085,703.0,1140,640.2066808740286,642.1307407746465,639.1388765481204,642.1307407746465,641.6964642259452,638.5726304818043
HOBBIES_1_086,870.0,1140,735.135929918594,738.0248488581332,732.2159495056353,738.0248488581332,736.2500638157273,729.4712246037534
HOBBIES_1_087,64.0,1140,62.64731875316113,62.57387347888421,62.593692555005376,62.57387347888421,62.646945690263905,62.564344047440215
HOBBIES_1_090,2277.0,1140,2139.190425653108,2140.0067643030434,2139.5572359543376,2140.0067643030434,2141.324343092411,2144.5972903932034
HOBBIES_1_091,737.0,1140,742.6723759580167,742.9148078854539,742.1714115704456,742.9148078854539,743.423431156396,738.4986357716717
HOBBIES_1_092,398.0,1140,400.304110152945,400.18423518847703,399.8741960193754,400.18423518847703,400.12029904490504,398.7474483441451
HOBBIES_1_095,290.0,1140,289.6830927074277,289.4948430113873,289.181973419127,289.4948430113873,289.61319471999616,288.51649947528125
HOBBIES_1_098,1034.0,1140,848.3480850675381,849.1741790724133,850.3957978540752,849.1741790724133,849.5655437167618,842.8189873264381
HOBBIES_1_099,1246.0,1140,958.0623727432392,963.2992539543524,956.5713204032295,963.2992539543524,963.6080681406388,948.6791012992223
HOBBIES_1_102,211.0,1140,211.23484227490465,211.230832832026,211.00000022842855,211.230832832026,211.23484227490465,211.01867588499627
HOBBIES_1_104,398.0,1140,398.399570612605,398.1285452522931,398.1656690208693,398.1285452522931,398.0963694726687,394.90674029349594
HOBBIES_1_105,661.0,1140,643.014469219712,642.496500246765,641.1406381676901,642.496500246765,643.7294967592376,642.9292252408336
HOBBIES_1_106,371.0,1140,372.8695253076211,372.62003466642483,372.5986794706082,372.62003466642483,372.7182970433032,373.17280125901283
HOBBIES_1_108,1028.0,1140,850.456118287977,846.0324777380578,846.3020240080541,846.0324777380578,849.1705350323148,844.7778925794253
HOBBIES_1_109,352.0,1140,351.44680334975106,351.38530656088847,351.0840143192959,351.38530656088847,351.4244837704307,351.5821361325344
HOBBIES_1_110,170.0,1140,170.58241550138715,170.57495231527056,170.3674012324998,170.57495231527056,170.5921410137664,170.20016260974802
HOBBIES_1_112,46.0,1140,46.31287861611439,46.31719888317146,46.26791466217451,46.31719888317146,46.32711247617614,46.53600924631555
HOBBIES_1_113,269.0,1140,270.04571997346545,270.01629663782614,269.71636023745594,270.01629663782614,270.0426259473494,268.7628957003621
HOBBIES_1_114,189.0,1140,189.0,189.0,189.0,189.0,189.0,189.0
HOBBIES_1_116,515.0,1140,488.9784170802028,490.31786014387967,488.09144565378506,490.31786014387967,488.9617867785559,483.0225493551511
HOBBIES_1_118,211.0,1140,210.8635539111002,210.82812093034073,210.60035164077377,210.82812093034073,210.94065861128092,209.64460588568056
HOBBIES_1_119,724.0,1140,734.0801910708351,733.4091033495266,733.1152710926771,733.4091033495266,734.2936975023234,731.6294885696984
HOBBIES_1_124,734.0,1140,690.5052732121712,689.269797541171,687.9958919361525,689.269797541171,691.6957260927142,684.1657936877959
HOBBIES_1_126,526.0,1140,480.6343542570939,482.0923447401498,479.24061566927446,482.0923447401498,481.89922367737427,478.5805554676972
HOBBIES_1_127,516.0,1140,523.7861364052703,523.7249255732584,523.5376055553454,523.7249255732584,523.9592614866312,522.9158288277831
HOBBIES_1_129,771.0,1140,723.4092973243626,719.9073217081482,722.2827654963223,719.9073217081482,723.2397428322042,716.6510301762072
HOBBIES_1_130,609.0,1140,601.6829848472536,601.8850002900838,601.5128888168169,601.8850002900838,602.2620537114167,599.7218475164162
HOBBIES_1_132,1015.0,1140,862.6509162363084,863.1284620952536,859.5727891904879,863.1284620952536,862.9190391536606,858.948245100285
HOBBIES_1_133,17.0,1140,16.91575922492075,16.91097622931775,16.973351494334146,16.91097622931775,16.91575922492075,16.977903687733786
HOBBIES_1_134,3287.0,1140,2262.4972313208627,2271.186633517122,2269.42054743112,2271.186633517122,2269.6898202223665,2269.912761016096
HOBBIES_1_136,124.0,1140,124.24490258630638,124.23967427431263,124.00000023821411,124.23967427431263,124.24490258630638,124.01276435982258
HOBBIES_1_139,951.0,1140,836.9369530069796,836.2915215590381,834.4934467218866,836.2915215590381,838.0864190667653,834.0456261231949
HOBBIES_1_141,1498.0,1140,1062.2524728367387,1059.6442375296874,1062.6516190879065,1059.6442375296874,1062.5143074173484,1054.187390822654
HOBBIES_1_143,391.0,1140,385.43079242222905,386.11765906458584,385.148418006406,386.11765906458584,385.8039457272521,384.886398295017
HOBBIES_1_144,436.0,1140,435.7510675003071,435.21041447852787,434.9951342519068,435.21041447852787,435.27436869407694,432.07045793499674
HOBBIES_1_146,520.0,1140,497.69703363493363,497.54178043146567,497.63461046057523,497.54178043146567,497.2848691773763,496.2116933348645
HOBBIES_1_147,2927.0,1140,1623.7346530866748,1638.4699874903301,1629.0406497214794,1638.4699874903301,1642.0756985095636,1621.7639505687207
HOBBIES_1_148,1419.0,1140,1040.7079804530647,1041.4846518939312,1040.7598218111862,1041.4846518939312,1042.397837522269,1029.0244389382244
HOBBIES_1_150,763.0,1140,777.0020500854656,777.0769062829686,776.7335745114367,777.0769062829686,777.86381345572,775.2226574610081
HOBBIES_1_151,596.0,1140,602.331213114016,602.4372525706925,602.305860959634,602.4372525706925,602.9178828936957,600.3021740723912
HOBBIES_1_152,500.0,1140,492.125276871006,491.92867018278025,491.3022410651201,491.92867018278025,492.5386180584626,490.71607161567
HOBBIES_1_154,1295.0,1140,1007.2392321345145,1007.7924106471467,1003.8681742483918,1007.7924106471467,1007.2291349353308,1000.4383571325545
HOBBIES_1_157,501.0,1140,506.03017784188364,506.121859631183,505.05080294058973,506.121859631183,506.8030589533353,502.302687561208
HOBBIES_1_158,6584.0,1140,2459.3582905943576,2809.487810402913,2462.9139461121067,2809.487810402913,2466.9199607357878,2468.6939372747515
HOBBIES_1_159,628.0,1140,606.0953376326497,606.7655054602671,605.9697257116898,606.7655054602671,607.1340403533136,603.1242580115097
HOBBIES_1_162,142.0,1140,141.99334631366207,141.9935490471744,141.993081291629,141.9935490471744,141.99334631366207,141.99008599693917
HOBBIES_1_163,238.0,1140,238.059931169871,238.05811302455044,238.0000000582944,238.05811302455044,238.059931169871,238.004816339134
HOBBIES_1_164,829.0,1140,683.3472477905673,686.2468559868383,682.5823047524589,686.2468559868383,685.3762566025998,682.1956032470036
HOBBIES_1_165,158.0,1140,158.00363360146235,158.00363628745515,158.00000000353435,158.00363628745515,158.00363360146235,158.00159522838567
HOBBIES_1_167,1703.0,1140,1569.749249710033,1571.160145450519,1568.373389584462,1571.160145450519,1573.5650897900687,1568.376707954464
HOBBIES_1_168,837.0,1140,789.155876629236,788.8188481520608,788.6418960345321,788.8188481520608,788.7160642610131,791.1299909142351
HOBBIES_1_169,3288.0,1140,2944.401918055707,2941.9011227473766,2943.408080941612,2941.9011227473766,2943.1583870421177,2943.2729301042837
HOBBIES_1_170,165.0,1140,166.1705247088239,165.16794118636423,166.18191573497103,165.16794118636423,166.1705247088239,165.03895670995064
HOBBIES_1_173,601.0,1140,562.7457751775889,563.2717329674406,562.0792988880253,563.2717329674406,562.865704410664,555.7823783993333
HOBBIES_1_174,124.0,1140,124.04643009417603,124.04555164633581,124.00000004516205,124.04555164633581,124.04643009417603,124.00445393525368
HOBBIES_1_178,5059.0,1140,4342.575388262611,4342.1348621695815,4345.015801261879,4342.1348621695815,4346.561557878998,4318.384669032306
HOBBIES_1_185,447.0,1140,439.5503541883206,439.31685846716084,438.9524643673957,439.31685846716084,439.6156875235887,438.5879027872048
HOBBIES_1_187,363.0,1140,366.60766752249754,366.7021441389942,366.4632507301556,366.7021441389942,366.8396905656475,366.34157154784214
HOBBIES_1_188,221.0,1140,221.26284967816972,221.23266840746092,221.00000025567107,221.23266840746092,221.26284967816972,221.00310590455598
HOBBIES_1_192,64.0,1140,64.0,64.0,64.0,64.0,64.0,64.0
HOBBIES_1_195,441.0,1140,438.7213624125352,437.5966624837845,438.42549207235413,437.5966624837845,438.6790531632355,438.4530739814987
HOBBIES_1_197,168.0,1140,168.11467416641216,168.11462126755362,168.00000011154233,168.11462126755362,168.11467416641216,168.00161417554847
HOBBIES_1_198,734.0,1140,674.7849296577258,673.9167258107527,675.5878455645981,673.9167258107527,674.510391897863,669.8987957911881
HOBBIES_1_200,634.0,1140,577.3706200512806,579.3024755599548,576.4893008246089,579.3024755599548,578.2305504109204,573.760054105258
HOBBIES_1_202,572.0,1140,577.836363499177,576.4067729690913,577.5591277542283,576.4067729690913,578.0113908046878,579.7966419220477
HOBBIES_1_204,1337.0,1140,1077.8297104313033,1084.4510012763246,1073.7743063075573,1084.4510012763246,1078.6272358550777,1071.2037466521354
HOBBIES_1_206,938.0,1140,784.7489368907895,783.6350936823236,783.5653518119357,783.6350936823236,783.9190385491771,783.7044250008657
HOBBIES_1_207,331.0,1140,331.9414472633635,331.99945000303035,331.909189626213,331.99945000303035,332.0773460325877,332.21296403598
HOBBIES_1_208,689.0,1140,644.7926766652554,643.5257521284714,643.9616943277778,643.5257521284714,645.094113568,642.6870968030182
HOBBIES_1_211,2147.0,1140,1623.3576930341499,1620.2035207786066,1623.3474603649706,1620.2035207786066,1621.3090617330395,1618.2083118225219
HOBBIES_1_216,426.0,1140,426.2866755206016,425.5994662814925,424.8760540835974,425.5994662814925,426.21824621148767,421.17771628467835
HOBBIES_1_217,155.0,1140,155.7244970369994,155.72581923314627,155.5394647228623,155.72581923314627,155.771800411158,155.3965168939816
HOBBIES_1_218,188.0,1140,188.17763544028043,188.1737270410942,188.1227497671803,188.1737270410942,188.17763544028043,188.0036355001684
HOBBIES_1_219,215.0,1140,215.0,215.0,215.0,215.0,215.0,215.0
HOBBIES_1_220,453.0,1140,451.9311022109975,451.7930116282216,451.6249044021251,451.7930116282216,451.88435956439525,450.5178412820619
HOBBIES_1_224,278.0,1140,275.75069642172633,275.71002719280887,275.3460269350057,275.71002719280887,275.84302450530635,273.2094527138048
HOBBIES_1_225,364.0,1140,366.0918979815923,366.0220271631113,365.6745884200269,366.0220271631113,366.09892133457726,365.09654801165397
HOBBIES_1_227,208.0,1140,208.15425081028098,208.14418797880597,208.00721840682863,208.14418797880597,208.1469585875112,207.87011635554308
HOBBIES_1_229,266.0,1140,266.12900200518493,266.0891909490672,266.0000001254789,266.0891909490672,266.12900200518493,266.0044401830867
HOBBIES_1_230,139.0,1140,139.00470094715334,139.00471114987624,139.00000000457254,139.00471114987624,139.00470094715334,139.00193174452863
HOBBIES_1_231,763.0,1140,677.1116826545873,677.9419443210392,675.4672903915988,677.9419443210392,679.2169299667476,674.28049731815
HOBBIES_1_232,1626.0,1140,1642.8476249919445,1643.4366191749364,1640.4812015839934,1643.4366191749364,1648.1270175175855,1640.1895687414865
HOBBIES_1_233,3993.0,1140,3080.017846653261,3074.5113013401424,3080.4165930058525,3074.5113013401424,3077.1299876318626,3062.3439084477995
HOBBIES_1_234,7344.0,1140,6860.592205791274,6850.010461062768,6852.566020877153,6850.010461062768,6842.059544568156,6809.784204121152
HOBBIES_1_238,422.0,1140,429.635365693612,429.90912173623485,429.6384475912395,429.90912173623485,430.2041432794256,429.2216471134697
HOBBIES_1_239,363.0,1140,364.09397973243006,364.10303516698417,363.5485680010562,364.10303516698417,364.1380280773951,364.62907224921173
HOBBIES_1_242,916.0,1140,848.1211115139374,848.6045522143634,847.351453977174,848.6045522143634,848.6566128259007,847.0222948363615
HOBBIES_1_243,286.0,1140,285.6080898099224,285.61031202514334,285.36847348253696,285.61031202514334,285.62951130114993,285.3728034465531
HOBBIES_1_244,4108.0,1140,3134.2310383483737,3134.278237169048,3129.8396691199487,3134.278237169048,3133.7337466155577,3132.1248089522737
HOBBIES_1_245,186.0,1140,187.4925467011671,186.47774798187896,186.29436500169464,186.47774798187896,187.49203095335508,186.55537667971282
HOBBIES_1_246,370.0,1140,370.2333379223385,370.24846538923816,370.18031325366144,370.24846538923816,370.387456370701,369.37630097407254
HOBBIES_1_247,867.0,1140,737.2832112546648,737.5079991149256,737.5839096665107,737.5079991149256,736.5928530811875,733.8278265266695
HOBBIES_1_248,1460.0,1140,1086.6919254908844,1081.6545064486777,1088.165721127948,1081.6545064486777,1084.6466492993738,1083.6788463686871
HOBBIES_1_249,786.0,1140,713.6613171978471,713.9547994534796,713.2835652004524,713.9547994534796,714.0979680400992,711.0155969753912
HOBBIES_1_250,179.0,1140,178.99910817447767,178.9991353478236,178.9999999991325,178.9991353478236,178.99910817447767,179.00088267706582
HOBBIES_1_252,1994.0,1140,1766.0641540441197,1764.9199201503607,1766.0223859954494,1764.9199201503607,1766.2652829807375,1750.02304672654
HOBBIES_1_253,441.0,1140,440.1552733791566,438.34296475597756,439.00677071100824,438.34296475597756,440.48705630010284,439.21079393879313
HOBBIES_1_254,6551.0,1140,4655.501295744557,4653.895889329167,4648.387178336369,4653.895889329167,4650.8591697373395,4652.22233543923
HOBBIES_1_257,226.0,1140,230.89359259851608,230.87432853477327,230.64984233894089,230.87432853477327,231.1938934741433,230.5953293398256
HOBBIES_1_258,707.0,1140,651.8342832326534,649.4910762423681,650.0690761831746,649.4910762423681,653.4070105791876,645.1479112715629
HOBBIES_1_259,453.0,1140,450.87024767392484,450.7253367514225,450.47199339927494,450.7253367514225,450.8603538384128,452.5155969722357
HOBBIES_1_260,23.0,1140,22.639908190211415,22.62329387982131,22.564575714292992,22.62329387982131,22.597750713009283,22.95170724270861
HOBBIES_1_261,4622.0,1140,3649.1232977852424,3641.035456576855,3641.339575535195,3641.035456576855,3639.868656501333,3624.5983404844283
HOBBIES_1_263,187.0,1140,187.03861790050914,187.0383496242046,187.0000000375632,187.0383496242046,187.03861790050914,187.00126507771472
HOBBIES_1_264,436.0,1140,412.71661025653776,412.98936088889866,412.23982725769804,412.98936088889866,413.2600836274743,411.52451146264673
HOBBIES_1_265,312.0,1140,312.7688730875383,312.7636580773516,312.5534063516459,312.7636580773516,312.7843605275991,312.4198282362105
HOBBIES_1_269,273.0,1140,271.66715500607893,271.5333543412988,271.54882314709437,271.5333543412988,271.67939373565446,269.99790801316163
HOBBIES_1_271,186.0,1140,186.1096047382282,186.10955039779518,186.00000010661134,186.10955039779518,186.10967849654116,186.00160012689958
HOBBIES_1_273,256.0,1140,248.9016091327881,248.1759817534831,248.90156672674073,248.1759817534831,248.19637058441901,243.82076855860208
HOBBIES_1_275,53.0,1140,51.09770820631623,51.02020398803478,51.15390064830451,51.02020398803478,51.02080789246277,51.02701522084348
HOBBIES_1_276,466.0,1140,471.54576345150576,471.17642931590035,471.2197053862535,471.17642931590035,471.9653218364829,469.50356160680775
HOBBIES_1_279,1153.0,1140,1057.128631050297,1053.1691506711318,1053.339399665125,1053.1691506711318,1059.6272613506922,1054.1927183715122
HOBBIES_1_281,850.0,1140,767.5198486840502,769.1486536889723,766.1147438660608,769.1486536889723,769.3176026423605,766.1766637724269
HOBBIES_1_282,733.0,1140,654.7693812178081,656.0158426815954,652.9107214812892,656.0158426815954,656.0145841712269,651.2527356489807
HOBBIES_1_283,320.0,1140,323.06396998914346,322.96793510992427,322.88802593677264,322.96793510992427,323.18187601620747,319.28328533794104
HOBBIES_1_285,135.0,1140,135.25254593921906,135.1441114084259,135.23306346907057,135.1441114084259,135.25254593921906,135.01767384693778
HOBBIES_1_286,2849.0,1140,2362.9149124235996,2363.5228333690393,2365.413882155732,2363.5228333690393,2367.6931809441244,2364.77016719325
HOBBIES_1_287,713.0,1140,655.5739464986325,654.9647850339143,653.7476591060645,654.9647850339143,657.3218012844001,651.9574260221518
HOBBIES_1_290,204.0,1140,204.93562516412496,204.916479523185,204.93413705095668,204.916479523185,204.93562516412496,204.10874302534972
HOBBIES_1_292,403.0,1140,409.50687528209704,409.36705500477484,409.1740057645938,409.36705500477484,409.70321271349843,408.63588121898
HOBBIES_1_294,190.0,1140,190.2511981818139,190.21875608238955,190.14783797890942,190.21875608238955,190.2511981818139,190.01368531616063
HOBBIES_1_297,854.0,1140,723.2652599572443,723.4442938434038,724.2904075489008,723.4442938434038,726.4329835838013,721.7020424226653
HOBBIES_1_299,281.0,1140,281.0842965605592,281.06537484569026,280.8738131305887,281.06537484569026,281.06482402970477,280.45663872823275
HOBBIES_1_301,670.0,1140,676.2756536209043,675.5574266270214,675.3539756894877,675.5574266270214,676.4710403280658,673.0004534492631
HOBBIES_1_302,111.0,1140,111.0,111.0,111.0,111.0,111.0,111.0
HOBBIES_1_303,159.0,1140,159.0718312888759,159.0753850372448,158.99928674594156,159.0753850372448,159.0718312888759,158.97862774645068
HOBBIES_1_305,153.0,1140,153.05174022866603,153.05075510018278,153.00684672528791,153.05075510018278,153.05174022866603,153.00111080434488
HOBBIES_1_307,169.0,1140,169.05207308615294,169.05217655826186,169.00000005065093,169.05217655826186,169.05207308615294,169.00013433564857
HOBBIES_1_308,429.0,1140,423.94047243993197,423.05438394356145,423.72270768627254,423.05438394356145,424.842530080601,427.9158057323832
HOBBIES_1_311,326.0,1140,328.4430320781353,328.5648636962331,328.1774838906727,328.5648636962331,328.79841511892323,327.6865819674421
HOBBIES_1_312,3561.0,1140,3032.887061739188,3026.787561392286,3029.280931153102,3026.787561392286,3023.942617850047,3032.023306075176
HOBBIES_1_316,1096.0,1140,1036.7086786992609,1035.3317580575042,1035.5704427742928,1035.3317580575042,1035.9533709957288,1025.349058947042
HOBBIES_1_317,596.0,1140,557.1152817457416,556.4162046550073,555.2722628547592,556.4162046550073,557.4128667893447,551.1300950997603
HOBBIES_1_318,394.0,1140,397.98297837811697,398.08579977787554,397.8703998270916,398.08579977787554,398.20776706695574,398.22741213519964
HOBBIES_1_319,2671.0,1140,2286.71734165242,2286.2213472696694,2286.562241757358,2286.2213472696694,2288.8892126782143,2278.8122693256014
HOBBIES_1_320,1011.0,1140,806.2338651013088,805.1628076934732,803.4251524256148,805.1628076934732,803.7633482818708,799.7961012893511
HOBBIES_1_321,688.0,1140,619.5843747962933,617.0939536123688,617.166558179415,617.0939536123688,621.7757863378151,619.5448459709555
HOBBIES_1_323,1580.0,1140,1116.4263214201028,1115.322885299814,1115.0717877579443,1115.322885299814,1116.7812210457305,1114.299679229368
HOBBIES_1_325,140.0,1140,140.01177741568756,140.0117778386045,140.00000001145577,140.0117778386045,140.01177741568756,140.00186259114537
HOBBIES_1_327,831.0,1140,709.8551963556125,708.6977254452422,706.1580752389705,708.6977254452422,711.0942790376756,709.0245184319294
HOBBIES_1_328,337.0,1140,345.71997272325046,345.7683407028706,345.2458133730431,345.7683407028706,346.1784113080412,341.84736629748653
HOBBIES_1_330,1626.0,1140,1144.717024256541,1148.5427594041075,1141.3317047405244,1148.5427594041075,1145.5247188606058,1135.4152205010812
HOBBIES_1_331,251.0,1140,251.7244369222693,251.71793179033642,251.39250533102046,251.71793179033642,251.735087732249,251.0503960965322
HOBBIES_1_332,554.0,1140,550.266402879273,549.4362701321586,549.9300873951688,549.4362701321586,552.0182427345924,549.5178224941642
HOBBIES_1_335,0.0,1140,7.149447321746528e-05,6.95419030578425e-11,6.95419030578425e-11,6.95419030578425e-11,7.149447321746528e-05,0.0
HOBBIES_1_336,97.0,1140,97.0,97.0,97.0,97.0,97.0,97.0
HOBBIES_1_338,811.0,1140,711.7916683210588,709.9549829078178,710.3029502518268,709.9549829078178,709.9049192621278,708.5044141890678
HOBBIES_1_342,348.0,1140,348.5512565277361,348.5412867948811,348.3402271104362,348.5412867948811,348.5525005812943,347.9839744569332
HOBBIES_1_343,806.0,1140,783.7276310429992,783.434511146583,783.7498237965602,783.434511146583,786.2872902892257,777.2714139690411
HOBBIES_1_346,334.0,1140,336.8665346616462,336.83504856591526,336.45216208820455,336.83504856591526,337.0332033315579,335.94526172666605
HOBBIES_1_348,4778.0,1140,3951.0837455088667,3952.9103776545353,3952.3527278412557,3952.9103776545353,3956.20772437712,3917.4220177087914
HOBBIES_1_349,738.0,1140,590.8085209784947,589.3726348698169,588.8095556311267,589.3726348698169,591.8955137716368,590.6142698229626
HOBBIES_1_350,764.0,1140,739.0882087183428,738.8470634359314,738.8113491692926,738.8470634359314,739.1329617591657,739.7533266456726
HOBBIES_1_351,365.0,1140,370.34220334834095,370.68447255396507,370.60695686861106,370.68447255396507,370.9398644304985,372.7365292803051
HOBBIES_1_352,780.0,1140,729.231472757699,729.1745395174842,727.4835194946656,729.1745395174842,731.2766878469508,722.3788227814277
HOBBIES_1_355,528.0,1140,443.73870872817645,443.8971335358933,442.30058735678915,443.8971335358933,443.19016598701023,442.7564346796886
HOBBIES_1_357,356.0,1140,353.87864258465635,353.24966722651664,353.7983855171753,353.24966722651664,354.31783529496175,352.40239428141854
HOBBIES_1_360,131.0,1140,132.95415794168153,132.94882826151604,132.8575455128622,132.94882826151604,132.9951522840352,131.70211647906143
HOBBIES_1_361,456.0,1140,450.7633737029721,450.34665128707053,450.4748094775957,450.34665128707053,451.242652711542,450.2826004423417
HOBBIES_1_362,339.0,1140,334.9654832599649,334.84488951292894,334.73795901600846,334.84488951292894,334.84919731400055,333.0392717511394
HOBBIES_1_365,148.0,1140,148.01583206764616,148.01577623681206,148.00000001539968,148.01577623681206,148.01583206764616,148.00273578690772
HOBBIES_1_368,344.0,1140,345.47442260482075,345.39357106875696,345.03213845620644,345.39357106875696,345.47767504381864,344.1921713675549
HOBBIES_1_369,2968.0,1140,2677.1528062013667,2674.015319666796,2675.7156103717325,2674.015319666796,2672.775271361469,2661.2117729579004
HOBBIES_1_371,6052.0,1140,4777.804121470842,4764.195239673965,4767.477690594814,4764.195239673965,4756.455058839497,4762.535325717154
HOBBIES_1_372,887.0,1140,820.4774209197528,819.46520404935,818.9870648131225,819.46520404935,822.9631205306748,814.928691505068
HOBBIES_1_373,1006.0,1140,794.9056843177616,795.8189963844916,794.2042901080717,795.8189963844916,797.2315374164718,789.4232780012826
HOBBIES_1_374,822.0,1140,723.0639103691849,723.806775459113,720.9833663779715,723.806775459113,724.524901379127,716.0964377357942
HOBBIES_1_376,303.0,1140,288.07948688738173,287.5661433919296,287.5789354531533,287.5661433919296,287.9355599115187,286.7457744101598
HOBBIES_1_377,226.0,1140,226.42130938540606,226.41255972675555,226.17691966379923,226.41255972675555,226.42130938540606,226.03460623103445
HOBBIES_1_379,828.0,1140,792.2700523134214,792.0822231590178,792.2531237318236,792.0822231590178,792.5886189836102,788.7299172916396
HOBBIES_1_381,3450.0,1140,3083.9731632259645,3087.407452269781,3085.9052289543233,3087.407452269781,3091.466258116403,3092.0848918588645
HOBBIES_1_382,498.0,1140,489.0401795228696,489.7877479520811,488.0709858735428,489.7877479520811,489.2770351506284,486.02669244002493
HOBBIES_1_383,834.0,1140,690.092598330567,690.6885200870735,687.6964935365068,690.6885200870735,689.8982724011739,685.245329883606
HOBBIES_1_384,645.0,1140,579.2058854052443,580.0719415296418,577.4838309040844,580.0719415296418,579.3749907222928,578.9851739998512
HOBBIES_1_385,115.0,1140,115.40752257920394,115.4320348069702,115.24410007605074,115.4320348069702,115.3408159619257,115.54868763811149
HOBBIES_1_391,117.0,1140,117.51240088954958,117.20566552856877,116.99907289433752,117.20566552856877,117.51231107949499,116.85364572762978
HOBBIES_1_392,666.0,1140,577.1778484393858,577.7717665425448,575.3100045349972,577.7717665425448,578.0467847015734,574.7751677427877
HOBBIES_1_394,1787.0,1140,1124.0546570300032,1140.9099713219728,1120.0156531563389,1140.9099713219728,1126.5049003989793,1120.065611016204
HOBBIES_1_395,384.0,1140,383.5781083923008,383.5302489847985,383.3410212728062,383.5302489847985,383.50399514779195,382.4982747358181
HOBBIES_1_397,1025.0,1140,889.7330649940424,890.3281439817679,889.0675191949313,890.3281439817679,890.7029899579856,887.0361726034189
HOBBIES_1_398,4285.0,1140,3749.3001472810893,3748.2699435407485,3748.8713541093584,3748.2699435407485,3746.3274793898386,3750.9409827324735
HOBBIES_1_401,279.0,1140,283.1085625021878,282.79956856900105,282.8962472691714,282.79956856900105,282.85635435197986,282.69863820036903
HOBBIES_1_402,152.0,1140,152.16953256839196,152.167548890727,151.99262666433611,152.167548890727,152.16953256839196,152.00498082416112
HOBBIES_1_403,162.0,1140,162.0,162.0,162.0,162.0,162.0,162.0
HOBBIES_1_404,4764.0,1140,3710.0046878357102,3705.6222059213987,3703.0398256560993,3705.6222059213987,3699.5157442992195,3691.5680023861833
HOBBIES_1_407,935.0,1140,817.8116038993433,817.8099248224262,815.55769125702,817.8099248224262,819.5208628584846,811.3788615466244
HOBBIES_1_408,1445.0,1140,1458.5157649642695,1458.5272268278998,1457.9916000183475,1458.5272268278998,1458.992630965321,1454.1628514622907
HOBBIES_1_409,717.0,1140,603.0969488558472,602.2205997417282,600.9552552049803,602.2205997417282,603.8653551281399,598.5230904269674
HOBBIES_1_410,306.0,1140,309.25570579702674,309.3196663588086,309.0657367935387,309.3196663588086,309.5191750316971,307.48057431304386
HOBBIES_1_411,511.0,1140,523.2419713129044,523.1523302069965,523.0797528319979,523.1523302069965,524.0179451945196,521.4137063031361
HOBBIES_1_414,277.0,1140,275.2848285388125,277.16913544904844,275.12027278355987,277.16913544904844,275.1364483690012,272.8175625575798
HOBBIES_1_415,602.0,1140,599.8050604233438,599.2025937579223,598.654051247181,599.2025937579223,600.5426675044374,593.5868738569686
HOBBIES_1_416,1222.0,1140,957.8352020232194,959.8888551766836,957.1036019433582,959.8888551766836,957.9147240213128,953.619208427986
HOBBIES_1_418,334.0,1140,337.4313820660938,337.5137377929567,337.4900846763684,337.5137377929567,337.6531656920764,337.1191292128492
HOBBIES_1_421,654.0,1140,600.7436924372082,598.4268623434168,598.7930507330016,598.4268623434168,602.1690192391877,598.8132221941587
HOBBIES_1_422,139.0,1140,139.0,139.0,139.0,139.0,139.0,139.0
HOBBIES_1_423,1009.0,1140,794.64071120426,798.545909442247,792.009145430251,798.545909442247,796.6210274883197,789.4621516692453
HOBBIES_2_001,101.0,1140,101.09201623196667,101.0923439917479,101.07147846546722,101.0923439917479,101.09201623196667,101.0053016377833
HOBBIES_2_002,164.0,1140,165.11786086557046,164.89441524702625,164.69038880850104,164.89441524702625,165.0420386273762,161.87034427362605
HOBBIES_2_005,137.0,1140,137.13533223469335,137.1321979814573,137.13584010758498,137.1321979814573,137.13533223469335,137.01113555828664
HOBBIES_2_007,335.0,1140,339.18938576723156,338.98112917785716,338.55095849871884,338.98112917785716,339.1465657478576,336.0979960186015
HOBBIES_2_009,336.0,1140,339.4875982446004,342.09137072595587,339.3866502651194,342.09137072595587,339.68064726067996,339.8261352322792
HOBBIES_2_011,354.0,1140,356.3868042724998,356.3878747270014,356.261606639209,356.3878747270014,356.58325590911613,354.63011377109416
HOBBIES_2_012,183.0,1140,183.0009727206529,183.00000000094616,183.00000000094616,183.00000000094616,183.0009727206529,183.0
HOBBIES_2_013,99.0,1140,99.00463934810895,99.00415704326434,99.00000000451264,99.00415704326434,99.00463934810895,99.00169254769813
HOBBIES_2_014,153.0,1140,153.36995099659956,153.32214448309094,153.2704293581706,153.32214448309094,153.36995099659956,153.0168049885748
HOBBIES_2_015,158.0,1140,159.51588383310815,159.00900938074653,158.97223896537648,159.00900938074653,159.51588383310815,158.14498697874768
HOBBIES_2_016,66.0,1140,66.41724063246139,66.12057597493218,66.43385968468066,66.12057597493218,66.41724063246139,66.02111802738358
HOBBIES_2_019,109.0,1140,109.5847170544376,109.17689815575378,109.60800683617308,109.17689815575378,109.5847170544376,109.03600849216522
HOBBIES_2_020,144.0,1140,144.10855446215191,144.02654326039635,143.98795334292492,144.02654326039635,144.10855446215191,143.98124566069305
HOBBIES_2_021,154.0,1140,154.02841002352514,154.00000002763412,154.00000002763412,154.00000002763412,154.02841002352514,154.0
HOBBIES_2_022,264.0,1140,268.14451284247303,267.84630858393814,268.2168827411358,267.84630858393814,268.10112500986304,267.5979740004402
HOBBIES_2_024,612.0,1140,594.6086334400431,594.8424487952019,593.5387191643977,594.8424487952019,594.9437902927191,588.7126539074859
HOBBIES_2_025,145.0,1140,145.22917565759144,145.22388752741605,145.1784150648382,145.22388752741605,145.22917565759144,145.01923521371623
HOBBIES_2_029,189.0,1140,189.58055676877638,189.02675302664977,189.18594427958465,189.02675302664977,189.58055676877638,189.00056976208606
HOBBIES_2_030,75.0,1140,75.0,75.0,75.0,75.0,75.0,75.0
HOBBIES_2_032,593.0,1140,595.4072311588252,595.2957308088589,595.001236683901,595.2957308088589,595.600474613922,591.1763658595519
HOBBIES_2_037,160.0,1140,160.98565434945533,160.90548586389284,160.8467571049783,160.90548586389284,161.08118262215532,160.61921445448056
HOBBIES_2_039,181.0,1140,181.0,181.0,181.0,181.0,181.0,181.0
HOBBIES_2_040,133.0,1140,134.67493058665914,133.94114774721402,133.98983568695766,133.94114774721402,134.67493058665914,133.0891711058492
HOBBIES_2_044,176.0,1140,176.42074064563468,176.4185556183161,176.30666963294448,176.4185556183161,176.42074064563468,176.0088398112056
HOBBIES_2_045,268.0,1140,268.58260685424193,268.6203923439949,268.6651001443165,268.6203923439949,268.58260685424193,268.1104413978064
HOBBIES_2_046,185.0,1140,185.36133244917676,185.31871774981613,185.31249166692263,185.31871774981613,185.36133244917676,185.07017687916567
HOBBIES_2_047,110.0,1140,110.0,110.0,110.0,110.0,110.0,110.0
HOBBIES_2_050,128.0,1140,128.09101110378435,128.05106853456064,128.00000008852552,128.05106853456064,128.09101110378435,128.00317898669306
HOBBIES_2_051,186.0,1140,186.2381910117099,186.0810187333611,185.99922414142597,186.0810187333611,186.2381910117099,186.01338763049978
HOBBIES_2_052,122.0,1140,122.18189096944403,122.17862392492874,122.13583295017834,122.17862392492874,122.18189096944403,122.01313951433252
HOBBIES_2_054,258.0,1140,257.5892717966301,257.61048904926065,257.3796899744316,257.61048904926065,257.5892717966301,257.73962445813345
HOBBIES_2_055,84.0,1140,84.358630254952,84.20735718570177,84.12412321398185,84.20735718570177,84.358630254952,84.01496748935648
HOBBIES_2_056,139.0,1140,139.11545071018872,139.11570127918384,139.12004921098685,139.11570127918384,139.11545071018872,139.01140717801616
HOBBIES_2_057,149.0,1140,149.0,149.0,149.0,149.0,149.0,149.0
HOBBIES_2_058,238.0,1140,239.84029421088965,240.00877329988225,239.71681465955902,240.00877329988225,240.1627936738114,239.44510200256912
HOBBIES_2_059,920.0,1140,935.4273851787009,934.9232278466351,934.6094410735168,934.9232278466351,935.5523420237287,931.6838876406437
HOBBIES_2_060,160.0,1140,161.423169726024,161.41045329123077,161.2708587026787,161.41045329123077,161.423169726024,160.1044511841571
HOBBIES_2_061,119.0,1140,119.0,119.0,119.0,119.0,119.0,119.0
HOBBIES_2_062,125.0,1140,125.0,125.0,125.0,125.0,125.0,125.0
HOBBIES_2_065,138.0,1140,138.42340301075845,138.41423177442076,138.43164936400655,138.41423177442076,138.42340301075845,138.02131938909346
HOBBIES_2_069,236.0,1140,239.41521380125351,238.4060923033137,239.21050390074112,238.4060923033137,239.3263196548239,236.11428772775744
HOBBIES_2_071,340.0,1140,340.40953716481863,340.4060151920413,340.0030242435645,340.4060151920413,340.40953716481863,340.0039375040644
HOBBIES_2_074,131.0,1140,131.0,131.0,131.0,131.0,131.0,131.0
HOBBIES_2_076,324.0,1140,323.1296928298094,322.9487633350432,322.8480049330636,322.9487633350432,322.8543760105306,321.7048050774781
HOBBIES_2_077,71.0,1140,72.02558512598303,71.27566354005609,71.73898117817161,71.27566354005609,72.02558512598303,71.02875869843155
HOBBIES_2_079,39.0,1140,39.0,39.0,39.0,39.0,39.0,39.0
HOBBIES_2_081,236.0,1140,236.31463332302974,236.26465731105935,236.0094519123955,236.26465731105935,236.31463332302974,236.00023393813143
HOBBIES_2_082,119.0,1140,119.63620804199026,119.63607279820786,119.56688773615534,119.63607279820786,119.63620804199026,119.03287450962767
HOBBIES_2_084,102.0,1140,102.0,102.0,102.0,102.0,102.0,102.0
HOBBIES_2_085,405.0,1140,413.66567440254187,413.4061197874249,413.1088833274021,413.4061197874249,413.7041407138974,407.9399087673672
HOBBIES_2_090,175.0,1140,174.9739726720416,174.97365251989527,174.85359107449978,174.97365251989527,174.9739726720416,175.0217701561109
HOBBIES_2_094,290.0,1140,290.17732101302965,290.131674879181,290.000094064737,290.131674879181,290.17732101302965,290.00299322950605
HOBBIES_2_095,179.0,1140,180.38022913112815,180.27010136493465,180.09874939157635,180.27010136493465,180.38022913112815,179.42672708052447
HOBBIES_2_096,179.0,1140,179.53777907737742,179.49221403995534,179.53223277940234,179.49221403995534,179.53777907737742,179.13832588544196
HOBBIES_2_098,369.0,1140,374.07669897400484,373.7294530359321,372.83264642781285,373.7294530359321,374.19890705934426,371.9076112544084
HOBBIES_2_100,466.0,1140,491.8032464675484,491.95872433893453,491.8590536231826,491.95872433893453,492.9321468817916,490.6214516793665
HOBBIES_2_101,188.0,1140,188.31871617696044,188.10687320834813,188.3314109156219,188.10687320834813,188.31871617696044,188.0267993194754
HOBBIES_2_104,231.0,1140,231.72922717566775,231.60680435305483,231.20106056338616,231.60680435305483,231.72922717566775,231.02748436138762
HOBBIES_2_106,122.0,1140,123.22580045051413,123.1005051802888,123.08032590813139,123.1005051802888,123.22580045051413,122.18471763258034
HOBBIES_2_107,288.0,1140,286.5608986335774,286.08568557527303,286.78943411962985,286.08568557527303,286.4555163100367,284.5514057103841
HOBBIES_2_110,33.0,1140,33.0,33.0,33.0,33.0,33.0,33.0
HOBBIES_2_111,108.0,1140,108.0,108.0,108.0,108.0,108.0,108.0
HOBBIES_2_112,123.0,1140,123.33671534351795,123.20763719242754,123.35012700441959,123.20763719242754,123.33671534351795,123.0172812407061
HOBBIES_2_113,117.0,1140,117.87403886009113,117.89175935225468,117.73006383856722,117.89175935225468,117.90906270174544,116.12813541522966
HOBBIES_2_116,331.0,1140,339.3540743995237,339.36779146641794,339.0005479933458,339.36779146641794,339.69157845516077,337.62990480302915
HOBBIES_2_117,405.0,1140,427.0828852250239,426.21584896373975,426.8224948305628,426.21584896373975,427.14718213841695,420.33505492813515
HOBBIES_2_118,84.0,1140,84.08320076551037,84.03986570101047,84.00000008092849,84.03986570101047,84.08320076551037,84.00323864390187
HOBBIES_2_119,72.0,1140,72.0,72.0,72.0,72.0,72.0,72.0
HOBBIES_2_120,558.0,1140,564.5065435378458,562.2398296534509,563.7740286915208,562.2398296534509,564.380595595962,562.43678677557
HOBBIES_2_121,559.0,1140,553.4565867128388,553.4421654503055,552.613354653166,553.4421654503055,554.1465065309162,547.8215337235054
HOBBIES_2_122,202.0,1140,204.48293032344077,204.1341221350021,203.39854896104313,204.1341221350021,204.50259599821453,202.2757752178779
HOBBIES_2_124,666.0,1140,672.6630010287536,672.6819209133214,672.3471783256526,672.6819209133214,672.7548897029164,672.2943670922141
HOBBIES_2_126,422.0,1140,423.76308252997916,423.55534099873387,423.3883113419947,423.55534099873387,423.7843630174285,421.73852357982554
HOBBIES_2_128,238.0,1140,238.2679742733694,238.26802395510384,238.27772790297732,238.26802395510384,238.2679742733694,238.0072627964771
HOBBIES_2_129,815.0,1140,822.1145034702652,822.0678101118376,821.97218766332,822.0678101118376,822.3181681294367,819.5815050643234
HOBBIES_2_130,185.0,1140,185.08798693704443,185.08686915630133,185.00000008558393,185.08686915630133,185.08798693704443,185.01035971830163
HOBBIES_2_133,421.0,1140,430.3051046435413,429.11258038492747,429.9832574686329,429.11258038492747,430.47611148029716,427.1035931785516
HOBBIES_2_134,133.0,1140,133.0026460376662,133.00037882799273,133.00000000257376,133.00037882799273,133.0026460376662,133.00105738558415
HOBBIES_2_136,339.0,1140,341.07453039077916,341.13709261917086,340.6419049511758,341.13709261917086,341.23660197389995,340.71809579500336
HOBBIES_2_138,144.0,1140,144.0,144.0,144.0,144.0,144.0,144.0
HOBBIES_2_140,357.0,1140,355.54874568636615,354.81926881290894,354.41467653574165,354.81926881290894,355.50224757665274,357.10646408632067
HOBBIES_2_141,200.0,1140,200.95215337518852,200.9281088761696,200.8469341814887,200.9281088761696,200.95215337518852,200.2598060786927
HOBBIES_2_143,229.0,1140,228.99886499431446,228.9988744542726,228.99881978606462,228.9988744542726,228.99886499431446,228.99886499431446
HOBBIES_2_145,338.0,1140,340.866623349427,340.862414197346,340.65501477003085,340.862414197346,341.0064374307541,339.4548992973698
HOBBIES_2_147,470.0,1140,474.6586535957947,474.80076567893343,474.2278447122835,474.80076567893343,474.97898008377445,474.3240714261909
HOBBIES_2_148,299.0,1140,312.59004945364245,312.18924250312836,311.11501973568795,312.18924250312836,312.6795332556314,306.6927189086456
HOUSEHOLD_1_002,720.0,1140,647.0314222554757,646.553817438158,645.566374910579,646.553817438158,648.364392224401,646.6910585820798
HOUSEHOLD_1_004,3147.0,1140,2444.3442887702104,2441.3373530096883,2436.9135006867036,2441.3373530096883,2437.407156402911,2442.000765005304
HOUSEHOLD_1_006,1186.0,1140,885.9581602906533,884.2824250229944,883.9994494122899,884.2824250229944,883.9615990809095,875.1789535922528
HOUSEHOLD_1_009,536.0,1140,528.9172505730846,528.5107783125059,528.9423004699102,528.5107783125059,528.6962323104605,528.7871885837446
HOUSEHOLD_1_010,837.0,1140,767.6946675994753,767.0178628528117,766.3244602672281,767.0178628528117,768.3880880871013,763.7788912948926
HOUSEHOLD_1_011,1703.0,1140,1127.441566668958,1123.7116585077015,1124.2121734786597,1123.7116585077015,1125.971638991028,1116.8901281959807
HOUSEHOLD_1_015,155.0,1140,155.91595597293443,155.90869773884165,155.85481023967975,155.90869773884165,155.94148401136272,155.66448033731945
HOUSEHOLD_1_016,1715.0,1140,1365.3599593142467,1363.3443552232889,1366.0467791247388,1363.3443552232889,1362.5635298182037,1356.1848620611004
HOUSEHOLD_1_017,1260.0,1140,1058.698692527637,1052.98632233251,1056.148961285135,1052.98632233251,1055.7188436058946,1047.6678244411241
HOUSEHOLD_1_018,1254.0,1140,888.7424221248189,892.2347106095594,887.276208584153,892.2347106095594,888.8515564405927,882.6994219317412
HOUSEHOLD_1_019,7173.0,1140,4082.191938144028,4070.784455252894,4079.522048844645,4070.784455252894,4073.2318945512025,4073.6928498815346
HOUSEHOLD_1_020,654.0,1140,655.794586929055,655.2182204890303,654.7947428498159,655.2182204890303,656.4760078141849,653.1274290777474
HOUSEHOLD_1_022,961.0,1140,918.7384147048398,919.2582112561336,916.953758464946,919.2582112561336,920.0190341996474,913.952909760303
HOUSEHOLD_1_025,1060.0,1140,902.9456625688035,902.2515947801603,902.9791126384727,902.2515947801603,903.015176991034,901.7996363645636
HOUSEHOLD_1_026,1436.0,1140,1108.0812117039334,1107.2025685573533,1104.6024619954098,1107.2025685573533,1107.1168909559453,1102.254129906526
HOUSEHOLD_1_029,1522.0,1140,1100.1120254979078,1106.8832085573715,1099.6259860604946,1106.8832085573715,1101.340986536822,1108.8579139823346
HOUSEHOLD_1_030,1153.0,1140,986.4701797147582,987.7537175283319,983.2589823037645,987.7537175283319,989.6993091595527,980.5965999656598
HOUSEHOLD_1_032,3896.0,1140,1867.9230860142286,1839.5303584772582,1862.9694156236565,1839.5303584772582,1824.4361833186626,1815.6952804942393
HOUSEHOLD_1_033,1987.0,1140,1313.4484994159893,1304.0649743917038,1310.9250046878983,1304.0649743917038,1304.0353197566344,1314.5794384068058
HOUSEHOLD_1_035,577.0,1140,552.7917025461109,551.7907836635269,551.4838852994052,551.7907836635269,552.5117849843314,547.4325413569009
HOUSEHOLD_1_036,580.0,1140,579.4590205152649,579.3508108071095,578.4646296647477,579.3508108071095,580.4831401880842,579.8965741413118
HOUSEHOLD_1_038,1188.0,1140,924.7099247758953,926.4012490795669,924.607919446129,926.4012490795669,926.7320470609938,921.9166515745975
HOUSEHOLD_1_040,4656.0,1140,2230.1545713864175,2218.0018548287485,2224.279632068854,2218.0018548287485,2213.0083288371898,2205.738401009
HOUSEHOLD_1_042,1707.0,1140,1137.5666409886314,1131.6078348527237,1133.9142967357475,1131.6078348527237,1129.986657179229,1128.3359904156814
HOUSEHOLD_1_043,1009.0,1140,931.8543302913483,932.8836224859739,930.5214675816304,932.8836224859739,933.2702748583187,929.837259036446
HOUSEHOLD_1_045,2725.0,1140,1589.9846461586858,1580.8955559257545,1590.313380061281,1580.8955559257545,1584.823511019546,1576.9260878013588
HOUSEHOLD_1_048,1984.0,1140,1406.7333201841761,1398.8799124290695,1403.4091925849707,1398.8799124290695,1402.4842620124418,1397.9752046969547
HOUSEHOLD_1_050,3910.0,1140,1960.6894754844475,1949.8692636368132,1956.5803944668469,1949.8692636368132,1948.9760994347093,1952.664306565984
HOUSEHOLD_1_051,6840.0,1140,2798.1862282856805,2786.146399879961,2795.4178841749626,2786.146399879961,2783.8151905575114,2795.3450601201725
HOUSEHOLD_1_055,2183.0,1140,1405.8080464628083,1408.8464170741258,1403.4739930573232,1408.8464170741258,1408.540726041485,1411.2273039567604
HOUSEHOLD_1_056,195.0,1140,182.38770704231828,182.38405097470147,182.7873447998349,182.38405097470147,182.50144505336334,181.73653271731206
HOUSEHOLD_1_057,136.0,1140,136.0,136.0,136.0,136.0,136.0,136.0
HOUSEHOLD_1_059,678.0,1140,603.9967557224252,603.1670937985026,604.2634079687523,603.1670937985026,603.1985452072247,589.477354262227
HOUSEHOLD_1_060,168.0,1140,168.80627325192842,168.50620621486578,168.0000007861407,168.50620621486578,168.80627325192842,168.01655901826695
HOUSEHOLD_1_065,339.0,1140,334.2602373832585,334.05119967458916,333.9622066525907,334.05119967458916,333.99741108909706,334.19393473991255
HOUSEHOLD_1_066,5811.0,1140,2451.850079862351,2443.4802016989647,2444.3281624715173,2443.4802016989647,2436.3483105600335,2444.671850312676
HOUSEHOLD_1_067,1947.0,1140,1259.7656616761328,1254.8239968720482,1258.4288276947714,1254.8239968720482,1256.0510939442333,1253.9498181516012
HOUSEHOLD_1_068,991.0,1140,786.9105748909371,784.9372724213872,785.0310173443083,784.9372724213872,785.8408125180715,776.9206075994795
HOUSEHOLD_1_070,613.0,1140,611.0226093326237,610.8874914366173,611.2881782610663,610.8874914366173,610.8966721649268,607.2688249066971
HOUSEHOLD_1_071,4051.0,1140,1852.597301420033,1831.40403746823,1848.8187051425791,1831.40403746823,1832.4749982092376,1833.9623969352037
HOUSEHOLD_1_072,3956.0,1140,1939.053288059412,1935.7296005100657,1938.3116722200064,1935.7296005100657,1936.665641810028,1930.8798277049912
HOUSEHOLD_1_073,653.0,1140,604.9968411767713,604.1584947090607,604.1798161649176,604.1584947090607,604.6880348621739,600.0449637844042
HOUSEHOLD_1_074,493.0,1140,489.54053044633076,489.681224702828,489.24264093462114,489.681224702828,489.9593835521844,487.7463095754213
HOUSEHOLD_1_075,2126.0,1140,1376.0044276258404,1377.3376348866925,1374.8569664021609,1377.3376348866925,1381.313901778712,1382.0181326221023
HOUSEHOLD_1_076,652.0,1140,647.5099064729211,647.0749230723679,647.8256292550357,647.0749230723679,647.5745698009564,638.5098639318213
HOUSEHOLD_1_077,865.0,1140,806.8752525313455,807.4669667226137,805.3720597289825,807.4669667226137,807.6071286693851,804.0195738777921
HOUSEHOLD_1_079,1828.0,1140,1175.7549143836604,1169.3467309866478,1173.1375799464406,1169.3467309866478,1171.0746764181692,1162.5835683276964
HOUSEHOLD_1_080,946.0,1140,739.784303157649,737.9711699393783,738.0731494818435,737.9711699393783,737.1422353415596,734.6414418743345
HOUSEHOLD_1_083,5435.0,1140,3395.616640687028,3364.268948803953,3391.020163724133,3364.268948803953,3361.882957625089,3359.9276759275817
HOUSEHOLD_1_085,126.0,1140,126.52472207515096,126.502864523737,126.26154131252427,126.502864523737,126.52472207515096,126.03695513423216
HOUSEHOLD_1_086,2174.0,1140,1563.5177706059358,1553.3744019516625,1564.3521422679455,1553.3744019516625,1558.819942774166,1562.5231370863305
HOUSEHOLD_1_087,1059.0,1140,880.1028795971214,881.1601336850254,878.1208361414397,881.1601336850254,884.5643228223928,869.8997561989522
HOUSEHOLD_1_092,141.0,1140,141.9159080103785,141.92952798641966,141.8048035868091,141.92952798641966,141.95379453477676,141.86563489135335
HOUSEHOLD_1_094,1640.0,1140,1182.4141174810038,1179.4936875532273,1178.5776400437303,1179.4936875532273,1180.7025251933446,1176.8846067460918
HOUSEHOLD_1_095,783.0,1140,588.8589403494141,589.1008941526388,588.1073362426856,589.1008941526388,588.1092358247374,586.1923944373934
HOUSEHOLD_1_096,7306.0,1140,3040.5155924021547,2996.9114055680693,3020.813748224771,2996.9114055680693,2956.4103878795604,2988.2914078417284
HOUSEHOLD_1_097,478.0,1140,448.71895601990116,448.7435946885612,448.14621284653765,448.7435946885612,448.8868110413508,448.20453524560423
HOUSEHOLD_1_098,950.0,1140,784.2067073581104,786.1673406156658,782.2414632466841,786.1673406156658,784.8997471303232,778.9918093939203
HOUSEHOLD_1_099,681.0,1140,553.5629060361839,549.9535050794977,552.9409569204892,549.9535050794977,550.6506908257993,550.5325940133432
HOUSEHOLD_1_100,276.0,1140,265.92434280011946,263.7192656433999,265.38212253691233,263.7192656433999,264.4346474005589,253.27379656931654
HOUSEHOLD_1_101,1215.0,1140,941.0987102406818,936.290731180201,941.0561509013248,936.290731180201,936.7553219822116,930.1095673774586
HOUSEHOLD_1_104,151.0,1140,151.0,151.0,151.0,151.0,151.0,151.0
HOUSEHOLD_1_105,512.0,1140,511.90524850541203,512.9431390903213,511.3719131449353,512.9431390903213,513.9205908285223,509.6458295133259
HOUSEHOLD_1_106,5820.0,1140,2785.3069022755853,2768.0667149493956,2775.8001942213496,2768.0667149493956,2752.8699570603403,2750.9301486253216
HOUSEHOLD_1_107,1671.0,1140,1098.6565899299915,1098.2614159911793,1097.6258572260135,1098.2614159911793,1100.7967299453558,1094.8368690230998
HOUSEHOLD_1_108,122.0,1140,122.00478750150234,122.00455809154475,122.00000000466795,122.00455809154475,122.00478750150234,122.00084231202015
HOUSEHOLD_1_109,2086.0,1140,1296.4122359489156,1295.6209309479304,1294.7030706400637,1295.6209309479304,1292.7499039592462,1296.587854551149
HOUSEHOLD_1_110,12948.0,1140,4238.606611400752,4319.270091563663,4215.733682576887,4319.270091563663,4192.781324138157,4171.211287585889
HOUSEHOLD_1_112,1816.0,1140,1309.7649108918877,1305.3129667382477,1309.3989995027782,1305.3129667382477,1305.8310971474673,1306.3510826454326
HOUSEHOLD_1_114,2980.0,1140,1882.4275179364975,1884.641343988426,1880.575530806158,1884.641343988426,1884.09721379563,1897.008723111153
HOUSEHOLD_1_115,481.0,1140,485.3076951894875,485.0152510039665,485.1624814778436,485.0152510039665,485.15205840718215,481.46987664497294
HOUSEHOLD_1_116,548.0,1140,540.6664680540734,540.7926794800919,539.9775148527781,540.7926794800919,540.9704608400712,534.6613216144933
HOUSEHOLD_1_120,387.0,1140,394.9910107244161,395.5352973187598,395.18247897573417,395.5352973187598,395.87675049315055,389.7330080222195
HOUSEHOLD_1_122,1762.0,1140,1207.2350359386267,1200.4561808541775,1205.7931671470333,1200.4561808541775,1202.3037428777757,1204.465470258204
HOUSEHOLD_1_123,950.0,1140,725.4523223645992,724.4156180828155,723.9607322858683,724.4156180828155,721.6945132767992,726.5197506217737
HOUSEHOLD_1_124,243.0,1140,219.56125918582057,218.85400668280886,218.59899865137535,218.85400668280886,219.62825038552637,216.22117641097384
HOUSEHOLD_1_125,534.0,1140,532.6939048269622,533.313295423486,532.2998680654301,533.313295423486,533.6636357625766,533.5090704922259
HOUSEHOLD_1_127,1340.0,1140,1124.7732419508645,1129.9657668851762,1123.3512198808107,1129.9657668851762,1131.1210173917452,1135.8970109264362
HOUSEHOLD_1_128,1543.0,1140,1103.2560682449603,1097.5064645921768,1100.2896297046984,1097.5064645921768,1101.1329250278477,1091.803858303907
HOUSEHOLD_1_130,1348.0,1140,1158.1744619240471,1153.7873544710383,1156.1766305839496,1153.7873544710383,1154.399481274817,1165.3361976622198
HOUSEHOLD_1_132,1945.0,1140,1290.754947057381,1283.208585211973,1288.00413656406,1283.208585211973,1288.3134051237719,1277.9188030993346
HOUSEHOLD_1_135,1103.0,1140,1052.669861312433,1053.7328712893602,1050.8657520061947,1053.7328712893602,1055.061201442695,1049.460153629071
HOUSEHOLD_1_137,516.0,1140,520.2560925534494,520.6505980863069,519.5104349394807,520.6505980863069,521.3125942454061,519.2201337029003
HOUSEHOLD_1_141,1421.0,1140,1232.2838047055773,1228.7307817165142,1230.0701511424263,1228.7307817165142,1230.2225154907414,1226.7854055756254
HOUSEHOLD_1_142,1405.0,1140,956.7896136568224,954.726927583115,953.3470093416531,954.726927583115,958.8995862982167,949.543243498478
HOUSEHOLD_1_144,747.0,1140,757.0725742327963,757.3986704288232,756.7848728076222,757.3986704288232,758.2623820087581,754.3681191113508
HOUSEHOLD_1_150,197.0,1140,196.1997257664752,196.10347015464723,196.10206002140407,196.10347015464723,196.09002825431742,195.7291517900626
HOUSEHOLD_1_151,5077.0,1140,2898.936630262546,2880.45598207899,2894.0794475391326,2880.45598207899,2877.7414833655457,2854.2516144062
HOUSEHOLD_1_153,2168.0,1140,1327.757162591718,1331.5809359648415,1327.7856140129707,1331.5809359648415,1332.6851688523652,1335.9065731933663
HOUSEHOLD_1_156,2213.0,1140,1503.577286532577,1500.5749330550275,1501.2624769431056,1500.5749330550275,1502.7599759936395,1494.2069428480845
HOUSEHOLD_1_158,774.0,1140,737.8475684245565,738.6324629125097,735.6273960783768,738.6324629125097,738.8717280420074,737.7358342856844
HOUSEHOLD_1_159,692.0,1140,675.9127654813306,675.2899733121893,676.0462560685589,675.2899733121893,677.0333399894226,675.2825486847667
HOUSEHOLD_1_162,1521.0,1140,1197.1391817320498,1192.36563852406,1197.5507586819172,1192.36563852406,1199.746633911905,1165.1980262774005
HOUSEHOLD_1_164,1336.0,1140,1043.8032493156825,1038.1301581441835,1042.6319388262336,1038.1301581441835,1039.949271579929,1034.2625693715067
HOUSEHOLD_1_169,3062.0,1140,1761.3768189730577,1766.3329359211093,1760.7957308980524,1766.3329359211093,1761.7982427234792,1761.940473717424
HOUSEHOLD_1_170,1356.0,1140,1094.1682760536928,1094.0802457495538,1092.3382089890397,1094.0802457495538,1096.7499310109863,1088.6355559330086
HOUSEHOLD_1_173,4012.0,1140,2408.8777146882535,2403.599371052319,2404.0294401044366,2403.599371052319,2399.586339564359,2415.5116427026246
HOUSEHOLD_1_174,524.0,1140,511.8546905463858,511.6692266825104,510.8102076167814,511.6692266825104,511.9583259291497,513.2775062239298
HOUSEHOLD_1_176,724.0,1140,659.3868610158372,660.3231349844764,657.3424026504008,660.3231349844764,659.7334977549026,652.4037591533197
HOUSEHOLD_1_177,2934.0,1140,1682.348919665479,1654.2845715233498,1678.527357975911,1654.2845715233498,1656.1712417216836,1646.0008663464464
HOUSEHOLD_1_178,440.0,1140,437.0251806548508,436.36420064313876,436.52816951946375,436.36420064313876,436.4168616309736,432.6619062584426
HOUSEHOLD_1_181,677.0,1140,630.2543179957862,630.5083603793166,629.3035523867459,630.5083603793166,631.2508963178768,624.2398169079173
HOUSEHOLD_1_183,1050.0,1140,939.507982204175,940.0758163692535,938.3114072686072,940.0758163692535,941.6057844273737,936.4123898641817
HOUSEHOLD_1_184,308.0,1140,271.49317441708183,269.37414569645364,269.72495749639626,269.37414569645364,269.8906118381018,262.5829996205884
HOUSEHOLD_1_185,1832.0,1140,1312.5040030666446,1308.2158599084614,1313.461047169365,1308.2158599084614,1310.8081588188716,1305.9685686505009
HOUSEHOLD_1_189,98.0,1140,98.03393443305205,98.03299270383894,98.00000003308709,98.03299270383894,98.03393443305205,98.00227642191787
HOUSEHOLD_1_190,903.0,1140,808.2324574462015,806.2342335777992,806.1701661753162,806.2342335777992,808.0930883903802,799.9333409191316
HOUSEHOLD_1_191,5757.0,1140,3214.971769127661,3142.756255455296,3196.584964240106,3142.756255455296,3125.7733820552207,3025.641571523831
HOUSEHOLD_1_192,466.0,1140,471.84785386673235,471.32665252128015,471.6546900374947,471.32665252128015,471.5631670498932,467.17117543391964
HOUSEHOLD_1_194,1272.0,1140,926.3701306861568,921.6813747689412,924.8545422237443,921.6813747689412,924.8091690780616,917.2278787312389
HOUSEHOLD_1_195,493.0,1140,497.20547440648966,497.49004517205015,497.05573397374917,497.49004517205015,497.5946367068167,495.4925083741251
HOUSEHOLD_1_197,1399.0,1140,1035.5978373259577,1035.2859282561851,1032.8872791601952,1035.2859282561851,1035.4413124766975,1035.515094248659
HOUSEHOLD_1_198,6279.0,1140,3458.9017203505855,3434.66232934609,3448.9790444028667,3434.66232934609,3426.8694950975396,3420.714506358153
HOUSEHOLD_1_199,150.0,1140,150.10082247105214,150.09810319765134,150.00000009830495,150.09810319765134,150.10082247105214,150.00728478572245
HOUSEHOLD_1_200,572.0,1140,568.9787680567595,569.0129563914661,568.7479031908224,569.0129563914661,569.1705613130304,570.4500497509539
HOUSEHOLD_1_201,1010.0,1140,962.632219137646,963.3373883889892,961.791534423736,963.3373883889892,964.5036473718378,958.3490747655743
HOUSEHOLD_1_202,3109.0,1140,1667.988217562327,1650.782181346452,1664.7258591242196,1650.782181346452,1650.9286276129496,1646.7749676762678
HOUSEHOLD_1_206,430.0,1140,420.26593786154496,420.11739210847423,419.38881402629806,420.11739210847423,420.8588565934741,419.84408930163426
HOUSEHOLD_1_209,351.0,1140,362.1807850619657,361.3098950715139,361.0329754627072,361.3098950715139,362.79167303956484,357.8775367867135
HOUSEHOLD_1_210,126.0,1140,125.53858319690988,125.52958913735796,125.45001744484387,125.52958913735796,125.51717140159464,125.94936930663894
HOUSEHOLD_1_212,1646.0,1140,1134.5157136221321,1129.1475961862875,1132.7224947406075,1129.1475961862875,1132.3296529716688,1128.4641689500581
HOUSEHOLD_1_214,5365.0,1140,2469.136864496608,2440.592191292211,2459.819466186404,2440.592191292211,2435.6105701483352,2396.5221630965343
HOUSEHOLD_1_215,1361.0,1140,1024.341162668124,1027.4186071691377,1023.3696090222572,1027.4186071691377,1028.4549363998237,1021.1990822258986
HOUSEHOLD_1_218,2083.0,1140,1477.4262699331512,1477.0012036218573,1475.9685611651626,1477.0012036218573,1477.5704004217425,1481.355509432411
HOUSEHOLD_1_219,516.0,1140,530.3333487170125,530.6099186732882,530.0031939636505,530.6099186732882,531.9248265769122,525.5267888510589
HOUSEHOLD_1_220,1657.0,1140,1150.1385576118219,1149.9799403770871,1148.547601551109,1149.9799403770871,1152.1374786562112,1141.4914539981435
HOUSEHOLD_1_223,742.0,1140,654.5271717221497,655.8416599501771,653.4491540912527,655.8416599501771,655.2541369010601,651.042227040697
HOUSEHOLD_1_224,791.0,1140,699.3883665772555,698.7955234326917,697.7880751553612,698.7955234326917,699.2166260401057,691.7935332340372
HOUSEHOLD_1_227,1602.0,1140,1220.2832057853711,1218.4318008252947,1217.5982545436304,1218.4318008252947,1219.7143040747044,1212.1032135051228
HOUSEHOLD_1_229,227.0,1140,227.35409411108967,227.3694684317424,227.2262372621372,227.3694684317424,227.3778976588084,227.16402283180446
HOUSEHOLD_1_230,321.0,1140,321.24676907644505,321.2383933937357,321.0000002406073,321.2383933937357,321.2466936797838,321.0206195974986
HOUSEHOLD_1_232,698.0,1140,672.0450063761651,672.8908721428079,670.4819260920422,672.8908721428079,674.0793626794052,668.7382403627154
HOUSEHOLD_1_233,229.0,1140,238.6344808799267,238.4917563943473,238.04991344753566,238.4917563943473,239.41160335297383,235.77189857011794
HOUSEHOLD_1_234,5468.0,1140,3566.129432614629,3559.756020794875,3558.1024810386825,3559.756020794875,3553.565615556293,3569.4529460047856
HOUSEHOLD_1_237,359.0,1140,360.5809016971897,360.5736911619061,360.2522167464302,360.5736911619061,360.61839672746527,359.7976548829043
HOUSEHOLD_1_238,1554.0,1140,1071.6649700801668,1071.2823812165702,1070.363978976361,1071.2823812165702,1071.9075388846925,1068.4698642075787
HOUSEHOLD_1_242,677.0,1140,624.6992597699831,624.3381768339352,623.2648164797712,624.3381768339352,623.921490779835,621.0421470265509
HOUSEHOLD_1_243,2437.0,1140,1548.844987760206,1542.6455228311747,1546.43246306333,1542.6455228311747,1544.3808895216062,1540.7906904522406
HOUSEHOLD_1_245,1642.0,1140,1167.7834849299127,1168.9109439316148,1164.8867386000902,1168.9109439316148,1171.8077359453937,1175.2494161544134
HOUSEHOLD_1_246,3825.0,1140,2050.9949288204184,2049.7227700060516,2047.857021736638,2049.7227700060516,2041.6792777130304,2013.5449810349157
HOUSEHOLD_1_247,4344.0,1140,2393.7652611408944,2380.431727245048,2389.8524283789716,2380.431727245048,2380.0564558485216,2386.872801083462
HOUSEHOLD_1_249,1279.0,1140,939.7340217539261,938.0591047172529,936.9883044456318,938.0591047172529,938.2000064006061,935.2609501222173
HOUSEHOLD_1_251,1638.0,1140,1161.284395497662,1158.3752122207468,1159.3841347264952,1158.3752122207468,1158.7183419767919,1158.4981025656596
HOUSEHOLD_1_254,6985.0,1140,4108.82746628072,4106.537357637518,4111.576869427365,4106.537357637518,4112.70445753053,4106.871450101777
HOUSEHOLD_1_255,397.0,1140,398.7154829029849,398.52491271943603,398.499820723027,398.52491271943603,398.63694995736444,398.0869508135064
HOUSEHOLD_1_257,1322.0,1140,1047.1804650776444,1044.179091711795,1045.3244947573799,1044.179091711795,1045.3139856381724,1023.0332031377445
HOUSEHOLD_1_258,141.0,1140,141.1074779229977,141.10392680156318,141.0000001047942,141.10392680156318,141.1074779229977,140.9954340390159
HOUSEHOLD_1_259,1528.0,1140,1025.77759248759,1024.9007072461948,1025.3548308036525,1024.9007072461948,1025.311519509873,1019.9144813912332
HOUSEHOLD_1_262,3766.0,1140,2328.4223418216343,2303.4643591699196,2322.215851638883,2303.4643591699196,2297.27918998616,2300.1204259765186
HOUSEHOLD_1_263,301.0,1140,302.181381867153,302.136214504931,302.03372473688205,302.136214504931,302.18282254665667,301.22819701337687
HOUSEHOLD_1_264,333.0,1140,333.18745616315334,333.18098694253547,333.0000001827754,333.18098694253547,333.18745616315334,333.0138110762947
HOUSEHOLD_1_265,502.0,1140,507.75299255240236,507.48017512086346,507.3097633780658,507.48017512086346,507.8886063891282,505.51574991487297
HOUSEHOLD_1_266,1543.0,1140,1158.3951042967924,1163.0450289428031,1156.3364507991737,1163.0450289428031,1164.8976832067663,1153.414609346691
HOUSEHOLD_1_267,272.0,1140,247.7527983026282,247.06557520545337,247.92483938608288,247.06557520545337,247.17550056534466,248.91725730681821
HOUSEHOLD_1_268,852.0,1140,797.9706545317323,796.9422892700012,796.8087380252974,796.9422892700012,798.3346785903016,795.5414040458202
HOUSEHOLD_1_270,828.0,1140,720.3539726160647,722.2586035181523,718.84043615761,722.2586035181523,720.8203192713096,717.2556953074993
HOUSEHOLD_1_272,1212.0,1140,1058.7943063713394,1043.7869170487456,1058.0229697526806,1043.7869170487456,1044.1037168150729,951.9552131924789
HOUSEHOLD_1_275,2152.0,1140,1417.3740016162915,1412.047945453857,1416.4836355137022,1412.047945453857,1412.8177042686498,1421.2173622035941
HOUSEHOLD_1_278,579.0,1140,539.2759361054154,540.1923051136279,537.8955743174788,540.1923051136279,539.6884646913479,532.8707009027748
HOUSEHOLD_1_279,1065.0,1140,1025.3617257437886,1024.4442282591158,1025.555843485282,1024.4442282591158,1024.7514227766565,1021.8767760080043
HOUSEHOLD_1_280,845.0,1140,787.9472942725974,789.1240095619748,785.413034746392,789.1240095619748,791.3681227322077,783.5418610578365
HOUSEHOLD_1_284,1335.0,1140,1089.7078536603522,1087.0027129700147,1087.9279010921373,1087.0027129700147,1089.7633023587628,1078.9268456255393
HOUSEHOLD_1_285,2071.0,1140,1363.2194678828992,1362.7277334351863,1362.0202788086406,1362.7277334351863,1361.815255931006,1364.414558116387
HOUSEHOLD_1_287,1878.0,1140,1205.7555448394603,1204.4737039718384,1204.6583676308555,1204.4737039718384,1202.7375032248328,1201.2418592890253
HOUSEHOLD_1_288,569.0,1140,567.4163229049818,566.5927714030099,567.2822931439781,566.5927714030099,567.122133511318,563.6584803764172
HOUSEHOLD_1_289,1042.0,1140,837.7007002400385,836.5975795377122,836.393807381786,836.5975795377122,835.9410870702104,830.3598531427997
HOUSEHOLD_1_290,1218.0,1140,1099.1307425700054,1101.1050589573183,1097.9978729834213,1101.1050589573183,1101.1413047135952,1099.821668236793
HOUSEHOLD_1_292,1213.0,1140,961.6557052925623,962.7658907073074,961.2316322961813,962.7658907073074,960.497938950355,962.8928889815861
HOUSEHOLD_1_295,873.0,1140,735.0029215617496,732.9327647231664,733.5110630594709,732.9327647231664,732.5531827697084,731.6543285900166
HOUSEHOLD_1_296,609.0,1140,578.0392343855846,578.0792910843719,577.3414544310881,578.0792910843719,578.7633706357747,570.5902925574399
HOUSEHOLD_1_297,46.0,1140,46.05089973847366,46.031542488242394,46.00000004962878,46.031542488242394,46.05089973847366,46.0
HOUSEHOLD_1_299,1013.0,1140,888.576949343574,887.5808105146244,887.00854421763,887.5808105146244,889.0896696650332,884.0474008383295
HOUSEHOLD_1_300,253.0,1140,254.39745564758195,254.38423308190443,254.17001108613533,254.38423308190443,254.5009437731389,253.23639373689156
HOUSEHOLD_1_304,5393.0,1140,2352.6790804611574,2314.3633967294973,2346.969272047159,2314.3633967294973,2311.868192311339,2308.244023865517
HOUSEHOLD_1_305,820.0,1140,693.7561216989773,693.4364390702979,693.485235435113,693.4364390702979,694.106236989534,697.20081238134
HOUSEHOLD_1_306,4310.0,1140,2784.856880947091,2780.2557639287666,2783.477041088581,2780.2557639287666,2782.5385736432104,2771.9201145187553
HOUSEHOLD_1_308,564.0,1140,566.4857354502641,566.3703239354503,565.2779228279699,566.3703239354503,566.9786262404024,564.554316861607
HOUSEHOLD_1_311,992.0,1140,873.8642193035089,872.2716550542204,873.1482549456397,872.2716550542204,874.0501435320741,864.598018911048
HOUSEHOLD_1_312,800.0,1140,649.8973222211953,647.3384321050514,649.0426599518013,647.3384321050514,645.822704946713,643.798765615626
HOUSEHOLD_1_315,394.0,1140,384.3498088079929,384.7800152268918,383.22100790695345,384.7800152268918,384.41124858404817,381.34981790674533
HOUSEHOLD_1_316,1031.0,1140,903.2493110824253,905.3631191238416,901.5988021209416,905.3631191238416,905.8598405326718,902.2065975983497
HOUSEHOLD_1_318,3158.0,1140,2020.1052004745686,2012.5667450065614,2019.1695906109226,2012.5667450065614,2010.3696193462556,2021.0197262951788
HOUSEHOLD_1_320,939.0,1140,777.6444008586179,777.0887981862983,777.7141181414624,777.0887981862983,778.6910340131369,777.0804871519479
HOUSEHOLD_1_322,1324.0,1140,1025.8147923768577,1020.8213282837754,1021.9187228921785,1020.8213282837754,1020.8210845537573,1012.6951487332702
HOUSEHOLD_1_324,1580.0,1140,962.8364494862952,956.8143350335204,963.1759778032297,956.8143350335204,956.7384503859788,957.8604320549928
HOUSEHOLD_1_325,368.0,1140,364.73157138611384,364.7779083193524,364.7024325614648,364.7779083193524,364.82138138954303,363.86909794391454
HOUSEHOLD_1_327,7048.0,1140,4128.45429794389,4078.656085934407,4119.411037436201,4078.656085934407,4070.7307492529126,4022.8624327961948
HOUSEHOLD_1_333,754.0,1140,643.4716849347383,644.9707238253196,643.6057126240706,644.9707238253196,644.2999699433714,644.8437821215366
HOUSEHOLD_1_335,404.0,1140,401.5086623297211,401.34792682844784,401.0150152859118,401.34792682844784,401.29796696791493,397.7160343688279
HOUSEHOLD_1_336,1032.0,1140,872.7604624383287,873.3535369726683,871.1719113795845,873.3535369726683,873.8837873343473,864.2833990935425
HOUSEHOLD_1_337,308.0,1140,308.4521986217741,308.37611964666235,308.21898392162564,308.37611964666235,308.3909130277949,308.00535829156047
HOUSEHOLD_1_341,837.0,1140,801.0156719003043,801.1888820619045,799.7119138275984,801.1888820619045,801.881161753645,796.2151486613809
HOUSEHOLD_1_343,1740.0,1140,1235.973248635462,1235.42024750375,1236.1849043144748,1235.42024750375,1238.32938227046,1219.4849198664654
HOUSEHOLD_1_344,1989.0,1140,1341.2364450058697,1345.4500664944153,1339.1672019924645,1345.4500664944153,1344.9750376590873,1350.8211488658703
HOUSEHOLD_1_346,828.0,1140,724.7779084600145,725.526085895006,723.5018154237638,725.526085895006,725.2490193623858,723.1583921991487
HOUSEHOLD_1_347,1792.0,1140,1235.0772635329336,1233.6432378885072,1233.3675703606627,1233.6432378885072,1236.6217914519634,1230.6747142727263
HOUSEHOLD_1_348,2912.0,1140,1968.9886943425695,1975.6010753758242,1970.0486054896337,1975.6010753758242,1977.027694050977,1980.9744237649932
HOUSEHOLD_1_349,2119.0,1140,1296.5391098555551,1296.714700296473,1291.9763267621643,1296.714700296473,1297.7716916774434,1288.5176267511506
HOUSEHOLD_1_351,7911.0,1140,3996.044137615603,3956.264556795205,3989.4415258316585,3956.264556795205,3952.5441341287733,3941.2772173010903
HOUSEHOLD_1_354,2360.0,1140,1750.8397392889378,1749.6073803069016,1752.1144480170046,1749.6073803069016,1750.7224780795414,1738.8456121095683
HOUSEHOLD_1_355,558.0,1140,515.251748665281,514.9894099860312,514.6493473148174,514.9894099860312,515.3526877392967,514.9592707999991
HOUSEHOLD_1_357,603.0,1140,482.0809872463799,478.4390976692596,481.0181818941833,478.4390976692596,476.8906461348578,465.96254747653444
HOUSEHOLD_1_358,350.0,1140,324.84140876905377,323.23588096650985,324.149000189025,323.23588096650985,324.2337084147358,319.73424575964435
HOUSEHOLD_1_359,1083.0,1140,941.9211968377225,942.3099338396391,939.7304814660079,942.3099338396391,943.6908053155269,939.6171505316995
HOUSEHOLD_1_360,388.0,1140,386.6423271158989,386.75168390960664,386.2876828036584,386.75168390960664,386.82084782760666,385.88531593952086
HOUSEHOLD_1_363,631.0,1140,600.1588525638049,600.8496410478542,598.4181827552047,600.8496410478542,601.3724375210968,598.3150770501472
HOUSEHOLD_1_367,370.0,1140,370.1319663217688,370.12837156761896,370.0000001286711,370.12837156761896,370.13192776693995,369.9983610901608
HOUSEHOLD_1_368,362.0,1140,358.08889668632133,357.6406757211592,357.3130263355223,357.6406757211592,357.68172501087383,356.56063157919573
HOUSEHOLD_1_369,1948.0,1140,1269.5641058208957,1266.3033722813361,1270.0919747999073,1266.3033722813361,1268.5697245763813,1266.9251453706222
HOUSEHOLD_1_372,2244.0,1140,1545.0666037244664,1540.7394122383591,1544.0570717572182,1540.7394122383591,1540.4802944379812,1536.3813388861136
HOUSEHOLD_1_373,3997.0,1140,2039.372662230856,2021.6125042998888,2036.7599504589543,2021.6125042998888,2017.1400924822917,2012.8100533597044
HOUSEHOLD_1_374,681.0,1140,634.3182501954543,633.2209493982417,633.8453651446359,633.2209493982417,633.5198763125268,626.4192733092251
HOUSEHOLD_1_375,372.0,1140,375.1477271761589,375.0536635905181,374.955463458303,375.0536635905181,375.4757089499111,371.3116568075681
HOUSEHOLD_1_376,1163.0,1140,896.4295356075077,895.9224973587538,896.2388153687582,895.9224973587538,896.4359796727827,895.2228303139273
HOUSEHOLD_1_378,223.0,1140,226.5316685555776,226.61867590566106,226.43795581531538,226.61867590566106,226.7151140446314,225.5063956760915
HOUSEHOLD_1_379,2360.0,1140,1844.3032243338012,1841.4798415466105,1844.0740778535273,1841.4798415466105,1843.0598154977165,1848.9074440429983
HOUSEHOLD_1_381,1218.0,1140,940.2183656735829,935.720435273516,937.7488255892487,935.720435273516,936.7198423410266,940.4752181335851
HOUSEHOLD_1_383,1261.0,1140,1009.3980608559381,1009.4863972549314,1006.2882275122292,1009.4863972549314,1010.8320301050908,1004.6068314311782
HOUSEHOLD_1_384,1133.0,1140,976.0013657235845,976.0153719349184,974.5249981349928,976.0153719349184,975.3654341616091,970.7254854161597
HOUSEHOLD_1_385,3249.0,1140,1722.3612482427325,1710.1173941396341,1722.871753342928,1710.1173941396341,1711.3332925120553,1719.8524705229993
HOUSEHOLD_1_386,2636.0,1140,1353.1049586605827,1349.4955135724847,1353.2729324151273,1349.4955135724847,1353.2817466704344,1369.8971025385988
HOUSEHOLD_1_387,3249.0,1140,2061.8754216285197,2056.1188469729946,2059.283597122433,2056.1188469729946,2052.550321453601,2057.192049115964
HOUSEHOLD_1_389,5492.0,1140,3499.6536322991096,3487.03352657026,3496.93028852351,3487.03352657026,3486.3861315246168,3444.0516503353983
HOUSEHOLD_1_395,632.0,1140,614.8858079356567,614.6272184798195,614.5964114184519,614.6272184798195,614.8596901051695,609.5977723001638
HOUSEHOLD_1_396,1302.0,1140,987.9381235891024,986.301566253067,985.7900116953052,986.301566253067,988.6029298635714,980.4195582300774
HOUSEHOLD_1_397,1283.0,1140,1097.438859985529,1095.9649602904087,1096.0461947756608,1095.9649602904087,1096.2201752494855,1093.3171396466862
HOUSEHOLD_1_400,721.0,1140,647.5384006319031,647.9234054428898,648.3190438691577,647.9234054428898,648.0828996355082,646.2955776830793
HOUSEHOLD_1_401,383.0,1140,382.71782025481593,382.6571559515902,382.48223391832244,382.6571559515902,382.6509373090258,383.3241063564651
HOUSEHOLD_1_402,358.0,1140,358.63665324132415,358.55004900120343,358.36424114232886,358.55004900120343,358.5681006951827,357.7857702120166
HOUSEHOLD_1_403,512.0,1140,513.4950554844353,513.3933244002169,513.4505828618603,513.3933244002169,513.5036820963435,512.9935794023705
HOUSEHOLD_1_405,541.0,1140,506.4314127862616,505.2543136497421,506.28472103356944,505.2543136497421,505.2691223293347,498.50718332071426
HOUSEHOLD_1_406,712.0,1140,672.3825475535891,671.969134835223,669.5222644004537,671.969134835223,673.165348472485,670.1332427550265
HOUSEHOLD_1_407,1032.0,1140,901.3197965302614,898.634091788716,899.4357099069125,898.634091788716,899.3853292906592,897.7860158376677
HOUSEHOLD_1_408,1301.0,1140,963.8621987492443,961.3563749262487,963.6905128530602,961.3563749262487,959.8235413906825,957.6783191491922
HOUSEHOLD_1_411,2260.0,1140,1487.0821283511762,1480.0384446575786,1486.0971130854389,1480.0384446575786,1484.7916165387805,1472.9897691979556
HOUSEHOLD_1_414,5747.0,1140,3695.5909921862294,3642.760954301612,3687.1377671087903,3642.760954301612,3636.1627490134515,3538.1688696077226
HOUSEHOLD_1_415,439.0,1140,439.6426600179581,439.31777722034684,438.46118837646065,439.31777722034684,439.70912792155866,439.5332173108035
HOUSEHOLD_1_416,2266.0,1140,1584.6118503402085,1583.921123903433,1582.6343393025368,1583.921123903433,1582.4232365096955,1580.329803576968
HOUSEHOLD_1_417,529.0,1140,517.0345516107072,516.7348865887905,516.3137376342975,516.7348865887905,517.2080276384224,511.9335543647569
HOUSEHOLD_1_418,11036.0,1140,5011.334621740178,4963.885577717929,4995.226677946739,4963.885577717929,4958.941412676928,4942.527730207581
HOUSEHOLD_1_419,392.0,1140,397.6107806149254,397.94041877852163,397.65095303479666,397.94041877852163,398.23345108635635,396.8881495102918
HOUSEHOLD_1_420,592.0,1140,569.8086204011336,569.8917189084419,568.3154439693573,569.8917189084419,572.6505088082656,565.0194265423106
HOUSEHOLD_1_423,488.0,1140,498.2929643682122,498.57208275353776,497.89250323835444,498.57208275353776,498.88393111671166,495.2708705349286
HOUSEHOLD_1_424,553.0,1140,534.8299665933257,534.869681930274,533.576180639614,534.869681930274,535.4076187850854,532.9571649628356
HOUSEHOLD_1_426,1596.0,1140,1247.6784074773557,1249.5877742602784,1247.7413940035008,1249.5877742602784,1251.780065868665,1248.585044896026
HOUSEHOLD_1_427,2396.0,1140,1538.955889614078,1517.0029841383725,1534.5471215672633,1517.0029841383725,1520.2119622395792,1507.0441489610084
HOUSEHOLD_1_428,413.0,1140,390.75049637499063,389.5926588719246,391.1754592201882,389.5926588719246,390.12900763036697,389.47508035234506
HOUSEHOLD_1_429,6374.0,1140,2925.7695405636705,2924.187338641984,2916.40745513192,2924.187338641984,2913.622729079841,2908.8176999367743
HOUSEHOLD_1_430,4739.0,1140,2955.584441935128,2926.2706566381275,2949.9612628552545,2926.2706566381275,2927.573939434319,2917.274662856858
HOUSEHOLD_1_432,603.0,1140,585.2269111461451,584.2362443567249,583.5319435641265,584.2362443567249,584.6644825080989,583.4401404629576
HOUSEHOLD_1_434,2294.0,1140,1434.3589284465056,1430.4634556463147,1430.1939613227448,1430.4634556463147,1425.0483399863906,1422.1880963273343
HOUSEHOLD_1_435,438.0,1140,431.9371361598634,431.2779382111171,431.5198961221663,431.2779382111171,431.1748419384095,430.1277817741318
HOUSEHOLD_1_436,238.0,1140,219.93056713915615,218.571247990911,218.5467048915699,218.571247990911,220.7270002003524,213.51387073048232
HOUSEHOLD_1_437,2672.0,1140,1732.8002369219378,1724.4867544352073,1728.8900226606759,1724.4867544352073,1725.1881825844696,1741.1039529311183
HOUSEHOLD_1_438,1102.0,1140,836.9404940035139,836.766053491949,834.8370187325029,836.766053491949,836.4255854746095,833.322660616855
HOUSEHOLD_1_440,1784.0,1140,1117.151866448116,1117.7478455386201,1118.2149434049566,1117.7478455386201,1113.857161323774,1111.3175099449522
HOUSEHOLD_1_444,572.0,1140,554.3719168811656,554.4606854813292,553.1368171917572,554.4606854813292,554.4476379566627,553.5192393192042
HOUSEHOLD_1_445,2602.0,1140,1513.2770161117767,1511.3477752527474,1513.9991665140283,1511.3477752527474,1509.9376676028019,1517.0991202467887
HOUSEHOLD_1_446,535.0,1140,540.9672892523206,540.7540624001348,540.1224537561336,540.7540624001348,541.1363507291184,539.1561408909299
HOUSEHOLD_1_447,9857.0,1140,4001.4484666948465,3977.520681469669,4019.0259382423174,3977.520681469669,4012.4130886256257,3973.1292995914514
HOUSEHOLD_1_448,8631.0,1140,4372.476938385311,4301.145983891212,4355.7674731002935,4301.145983891212,4289.080390713145,4303.163222511699
HOUSEHOLD_1_449,1165.0,1140,767.2124587011759,771.0070194441233,767.3954092752238,771.0070194441233,769.1036014466144,766.151102047882
HOUSEHOLD_1_450,1041.0,1140,929.9911406795163,927.4984264261687,928.0231943841482,927.4984264261687,928.5042575087925,923.306574730055
HOUSEHOLD_1_451,537.0,1140,546.4756358941488,545.9979811324557,546.4132336161989,545.9979811324557,546.5832184889937,544.114015148707
HOUSEHOLD_1_452,595.0,1140,588.1454364685537,586.9221376839104,588.6371374311607,586.9221376839104,587.9023441799109,580.009384000226
HOUSEHOLD_1_456,2291.0,1140,1376.5732501472735,1367.0428858665027,1378.8224674123958,1367.0428858665027,1373.491230750695,1366.8207485467638
HOUSEHOLD_1_457,2154.0,1140,1147.5332784737298,1150.4916496624478,1146.7746787573894,1150.4916496624478,1149.60759570267,1142.5776368651323
HOUSEHOLD_1_460,829.0,1140,768.461467203134,766.7363618061795,766.3891029375972,766.7363618061795,768.3913104134415,755.9391204574206
HOUSEHOLD_1_461,2106.0,1140,1421.9940002323297,1420.3215133449553,1419.6681841641193,1420.3215133449553,1422.4587936725288,1422.8775942039024
HOUSEHOLD_1_462,3152.0,1140,2665.937980573998,2662.1186590034267,2663.9693737482758,2662.1186590034267,2662.4766220462534,2672.6615106989984
HOUSEHOLD_1_463,311.0,1140,310.6839522788787,310.69921999561495,310.3805238612704,310.69921999561495,310.6849014029349,310.03724485391376
HOUSEHOLD_1_464,314.0,1140,318.264472665687,318.2161019282414,318.18633179094826,318.2161019282414,318.33506761229967,318.30617575956376
HOUSEHOLD_1_465,11790.0,1140,5493.203810000521,5415.981195396046,5461.212657844416,5415.981195396046,5389.743963213291,5389.488873097847
HOUSEHOLD_1_467,914.0,1140,813.8984104789753,812.7867187501976,812.867636583904,812.7867187501976,814.9068472922879,810.2536886526374
HOUSEHOLD_1_469,1357.0,1140,900.0404670526736,897.2447589632309,896.5392326507081,897.2447589632309,896.9187646056113,892.8719676008509
HOUSEHOLD_1_470,328.0,1140,328.26596012140624,328.39519491981355,328.02649848753185,328.39519491981355,328.5891979966526,327.73362682483264
HOUSEHOLD_1_471,751.0,1140,690.5625216149228,690.1074879096068,688.3190548631808,690.1074879096068,690.2980673329389,683.0061888545642
HOUSEHOLD_1_472,293.0,1140,293.0368113233287,292.8157380033179,292.27011558041386,292.8157380033179,292.8349012440928,293.04765445090834
HOUSEHOLD_1_473,5180.0,1140,2136.9886694555325,2128.9969235099206,2136.1231831999867,2128.9969235099206,2128.837622424617,2113.0039702301906
HOUSEHOLD_1_474,3990.0,1140,2799.1971088622736,2793.374756748998,2797.239863762633,2793.374756748998,2792.952280460163,2777.4293075441965
HOUSEHOLD_1_477,345.0,1140,348.0397675410363,348.2204161485997,348.0409534736183,348.2204161485997,348.3027813834618,348.0307844928913
HOUSEHOLD_1_479,537.0,1140,538.6927430746508,538.1841586288247,538.013262768872,538.1841586288247,538.540461518913,534.9081097781173
HOUSEHOLD_1_482,1184.0,1140,992.1533542547577,990.8912842994714,989.7644429622217,990.8912842994714,991.4691822807499,979.360502012153
HOUSEHOLD_1_483,537.0,1140,533.1416624499072,533.1083626945695,532.4753561899288,533.1083626945695,533.6163793491273,531.7309919063987
HOUSEHOLD_1_485,793.0,1140,694.550649834304,693.1809973085371,694.9085768925593,693.1809973085371,693.5449891582036,689.0126500831635
HOUSEHOLD_1_486,751.0,1140,697.9459197759529,700.0523471548922,696.861430205179,700.0523471548922,699.5992807556343,699.1956954032837
HOUSEHOLD_1_487,525.0,1140,542.5613526924133,541.5320433023498,540.1074733871052,541.5320433023498,545.9202702180257,536.6186286064111
HOUSEHOLD_1_488,1476.0,1140,1121.4298916988985,1124.5021094089325,1121.7881858051264,1124.5021094089325,1123.9823209461033,1127.023610576112
HOUSEHOLD_1_489,1338.0,1140,1123.80756379276,1121.8859060814225,1121.724802168526,1121.8859060814225,1123.5969606624303,1124.9776148487783
HOUSEHOLD_1_493,279.0,1140,279.9893917012505,280.0115329895638,279.5974110829244,280.0115329895638,280.0380539403169,280.59451646869366
HOUSEHOLD_1_496,449.0,1140,456.94388078403574,456.65025178294866,456.39774794874336,456.65025178294866,457.1154674895415,458.521346160358
HOUSEHOLD_1_501,261.0,1140,260.56401432499376,260.4629631858592,260.4361730485222,260.4629631858592,260.4865188971665,260.0851558285451
HOUSEHOLD_1_502,184.0,1140,184.19099392566608,184.18361573293691,184.00000018622484,184.18361573293691,184.19099392566608,184.01720301497267
HOUSEHOLD_1_504,327.0,1140,327.0089652990481,327.00873723891266,327.00000000874144,327.00873723891266,327.008994817201,327.00131096101006
HOUSEHOLD_1_505,3509.0,1140,1748.8496514050707,1743.1637233778888,1748.0737896305473,1743.1637233778888,1744.0779703479375,1736.3637480857303
HOUSEHOLD_1_506,2791.0,1140,1611.142363308328,1615.166590447272,1606.2463920772668,1615.166590447272,1608.784313172579,1622.4848224221544
HOUSEHOLD_1_508,680.0,1140,678.9947456294417,678.476570983702,677.7027282493691,678.476570983702,680.6333372147851,679.9933571853987
HOUSEHOLD_1_511,1354.0,1140,889.4028845024475,886.4170360802573,885.1881539212985,886.4170360802573,884.0924914265825,883.8087285620592
HOUSEHOLD_1_512,610.0,1140,588.9975880534482,587.9544849645745,587.4857036652891,587.9544849645745,588.4807379188821,586.7864456045379
HOUSEHOLD_1_513,1406.0,1140,976.3495856972224,970.1727253934876,975.0350754463448,970.1727253934876,971.4732107400066,967.6862283861258
HOUSEHOLD_1_514,6629.0,1140,2549.6768882015112,2522.6193261099543,2542.108822386941,2522.6193261099543,2501.8571194176416,2518.843119191578
HOUSEHOLD_1_515,1682.0,1140,1170.27838876845,1167.0329336380746,1167.2228687279905,1167.0329336380746,1168.8606117826191,1163.3988018472664
HOUSEHOLD_1_516,3130.0,1140,2056.157352019629,2046.4912861762452,2053.436491311167,2046.4912861762452,2045.3062255073878,2002.9725220094192
HOUSEHOLD_1_517,6844.0,1140,3747.3132314360914,3699.6234980974473,3732.346526965671,3699.6234980974473,3687.420912217405,3707.7254059860006
HOUSEHOLD_1_518,1395.0,1140,979.9462771572205,977.0215397326249,980.3953383103499,977.0215397326249,979.0275009399168,972.1044172798173
HOUSEHOLD_1_519,1069.0,1140,931.218301966941,926.258532584689,928.1826650876402,926.258532584689,929.3708389873816,926.5683548276957
HOUSEHOLD_1_520,737.0,1140,656.1129189178813,656.6506340730607,654.7554283678978,656.6506340730607,656.5263005103095,658.4942702792205
HOUSEHOLD_1_522,902.0,1140,837.0002317889864,840.4488449778979,834.8802705743803,840.4488449778979,842.4888995146719,839.199225988832
HOUSEHOLD_1_523,295.0,1140,295.8620465532516,295.8814682322161,295.5959154658279,295.8814682322161,295.90410234916874,295.91322912831333
HOUSEHOLD_1_525,305.0,1140,302.3085688250253,302.1066523728342,302.37134779656736,302.1066523728342,302.17041637207484,300.6834612139663
HOUSEHOLD_1_526,657.0,1140,642.1557605486134,641.1297694854948,641.0790829871046,641.1297694854948,643.1664996153353,635.1007558267404
HOUSEHOLD_1_527,1336.0,1140,1018.3094747549081,1015.2380418819238,1017.0770501169856,1015.2380418819238,1014.5157201939039,1009.3789097249994
HOUSEHOLD_1_528,926.0,1140,850.8681452241321,848.50385385256,848.8438316749475,848.50385385256,851.1551795562527,841.211637149401
HOUSEHOLD_1_533,611.0,1140,614.777929458452,614.8552240688007,614.6080658388669,614.8552240688007,615.8460657235887,611.4955211253806
HOUSEHOLD_1_534,926.0,1140,854.1817935465485,851.9407649695625,851.884027219136,851.9407649695625,854.523931343658,844.5089034169218
HOUSEHOLD_1_535,4543.0,1140,1933.6071396148368,1887.946470301415,1922.37203544446,1887.946470301415,1880.7480246758987,1876.6171277940034
HOUSEHOLD_1_536,2812.0,1140,1633.7190959810318,1623.074507538949,1630.6169978812222,1623.074507538949,1622.8752390018087,1612.6855969862975
HOUSEHOLD_1_539,2144.0,1140,1403.0203575015298,1401.1390793420055,1401.7409687176696,1401.1390793420055,1400.5261178679004,1400.8580922038705
HOUSEHOLD_1_540,3645.0,1140,1827.4559049313666,1820.2449506904109,1830.9055551456613,1820.2449506904109,1826.3840389064835,1808.7462260850211
HOUSEHOLD_1_541,2247.0,1140,1445.6419785076914,1432.2371588119165,1445.6076141194021,1432.2371588119165,1435.5217762853931,1419.3480725100849
HOUSEHOLD_2_001,321.0,1140,318.32411831980335,318.06496168704746,317.34041941689827,318.06496168704746,318.04714580464395,316.0868189071637
HOUSEHOLD_2_002,663.0,1140,639.7245369948841,638.9672367363746,639.4457880818,638.9672367363746,639.5375150222853,639.2225510123594
HOUSEHOLD_2_003,315.0,1140,320.73765095543456,321.0206820239525,320.65906337485075,321.0206820239525,321.1997742225949,318.8405198116981
HOUSEHOLD_2_004,164.0,1140,163.99372417969897,163.99388754952292,163.9999999938809,163.99388754952292,163.99372417969897,164.00113850743293
HOUSEHOLD_2_005,83.0,1140,83.2922288253804,83.265631940064,83.0000002849319,83.265631940064,83.2922288253804,83.0
HOUSEHOLD_2_008,123.0,1140,122.84210985509978,122.81727700572205,122.70634294265884,122.81727700572205,122.81373322802725,121.61036146702142
HOUSEHOLD_2_009,249.0,1140,249.0290473075261,249.0288456448701,249.000000028322,249.0288456448701,249.0290473075261,249.00041388184442
HOUSEHOLD_2_010,181.0,1140,183.62951075651128,183.70680416913115,183.72753451954782,183.70680416913115,183.77735454784747,185.20180460053768
HOUSEHOLD_2_011,604.0,1140,589.0169255373778,588.5103848502224,588.0692177994137,588.5103848502224,588.6650107386445,586.4064187807801
HOUSEHOLD_2_014,154.0,1140,154.08231644558177,154.07962928365268,154.00000008026103,154.07962928365268,154.08231644558177,154.00066182939983
HOUSEHOLD_2_015,295.0,1140,295.11838083532734,295.07923826849077,295.0001098174489,295.07923826849077,295.0895052049975,294.72860727127124
HOUSEHOLD_2_019,161.0,1140,161.0000612786383,161.00005951538887,161.00000000005974,161.00005951538887,161.0000612786383,161.0
HOUSEHOLD_2_020,165.0,1140,165.0,165.0,165.0,165.0,165.0,165.0
HOUSEHOLD_2_021,375.0,1140,377.18589176058487,377.1222381228867,376.421217543328,377.1222381228867,377.2018324196394,376.15599303988694
HOUSEHOLD_2_022,265.0,1140,268.6054495156588,268.30377514907235,268.18035012326146,268.30377514907235,268.6349534276086,261.9797970008222
HOUSEHOLD_2_023,298.0,1140,298.91692027923256,298.8916834850917,298.46318724604726,298.8916834850917,298.913943886172,298.47908952082264
HOUSEHOLD_2_025,438.0,1140,438.18390383261885,437.57601388158406,438.2534024827927,437.57601388158406,437.96021741785165,435.4616736231816
HOUSEHOLD_2_026,141.0,1140,145.24809795317776,142.75060205619002,145.34071553609658,142.75060205619002,145.24809795317776,141.65890405034884
HOUSEHOLD_2_031,171.0,1140,170.99570075485116,170.99550631775588,170.9999999958081,170.99550631775588,170.99570075485116,171.0004168607453
HOUSEHOLD_2_034,109.0,1140,109.10754154428011,109.10474064060992,109.00000010485624,109.10474064060992,109.10754154428011,109.02558240407917
HOUSEHOLD_2_035,429.0,1140,419.058961791721,419.4155280881504,418.3821109284666,419.4155280881504,419.06784454622164,419.84080548367615
HOUSEHOLD_2_037,724.0,1140,675.116525167168,673.9209737658487,675.3062139218271,673.9209737658487,674.6081287951906,672.8094759397924
HOUSEHOLD_2_038,186.0,1140,186.67717617601875,186.65568808492202,186.70715786964348,186.65568808492202,186.67484857408374,186.20173059669008
HOUSEHOLD_2_041,210.0,1140,210.59043842119974,210.57052425292346,210.3835386338659,210.57052425292346,210.59043842119974,210.05871761138016
HOUSEHOLD_2_042,76.0,1140,76.0,76.0,76.0,76.0,76.0,76.0
HOUSEHOLD_2_043,288.0,1140,289.39744886624374,289.37621043867273,289.1764647508651,289.37621043867273,289.51539015935293,288.880182480798
HOUSEHOLD_2_046,364.0,1140,359.63601116714744,359.32107515556766,359.2497246827992,359.32107515556766,359.5847771869405,359.27378761061476
HOUSEHOLD_2_050,404.0,1140,390.8186331561194,390.7106703548599,390.48540641532145,390.7106703548599,390.8955605844317,388.9000254923186
HOUSEHOLD_2_051,366.0,1140,345.52095161315043,345.2574890531201,344.443664348332,345.2574890531201,345.15579787392016,345.65927123537796
HOUSEHOLD_2_053,222.0,1140,222.95850837721952,222.96158704251428,222.89939965793343,222.96158704251428,222.98808657186177,223.479916041936
HOUSEHOLD_2_055,304.0,1140,306.15156524288534,306.0784683967362,306.2416204994148,306.0784683967362,306.1493863240602,305.5370556941293
HOUSEHOLD_2_058,323.0,1140,320.23698083591916,319.7400433880615,319.80587014457814,319.7400433880615,319.73202941013835,315.7990442515144
HOUSEHOLD_2_060,94.0,1140,93.8264756647267,93.8479692844441,93.8192139782483,93.8479692844441,93.8264756647267,93.99628791183784
HOUSEHOLD_2_061,826.0,1140,743.8022004655394,744.0565128464825,741.3663219246379,744.0565128464825,744.7273745760147,741.0993161947456
HOUSEHOLD_2_063,120.0,1140,120.0,120.0,120.0,120.0,120.0,120.0
HOUSEHOLD_2_064,483.0,1140,448.8539928842043,448.340252357357,447.9899816315251,448.340252357357,447.6387483799625,443.4567858285345
HOUSEHOLD_2_067,712.0,1140,704.6195357873318,703.5179900590539,703.6422755360593,703.5179900590539,704.2789540641431,692.6776120484053
HOUSEHOLD_2_069,204.0,1140,204.05753164068096,204.05545798288682,204.00042653234757,204.05545798288682,204.05753164068096,204.00351104948768
HOUSEHOLD_2_070,464.0,1140,453.82880211899464,454.51476080143357,453.02977949097465,454.51476080143357,454.64966087949267,452.63559882405804
HOUSEHOLD_2_071,335.0,1140,337.41369158450914,337.4638101597604,337.0428581576534,337.4638101597604,337.5295294434651,335.5274367700339
HOUSEHOLD_2_072,833.0,1140,767.3591441594524,767.6053287004086,766.8579049395191,767.6053287004086,768.264411770022,766.622567563501
HOUSEHOLD_2_073,75.0,1140,75.0,75.0,75.0,75.0,75.0,75.0
HOUSEHOLD_2_076,522.0,1140,508.51481441668125,509.15504102357613,508.1055055739656,509.15504102357613,509.0273177750885,500.5111630753125
HOUSEHOLD_2_077,181.0,1140,181.13405916604754,181.12446550724815,181.00000013071173,181.12446550724815,181.13405916604754,181.0058831151138
HOUSEHOLD_2_078,398.0,1140,396.1687799118665,395.8685544829222,395.7675668051691,395.8685544829222,396.42820158872934,393.62874477287755
HOUSEHOLD_2_079,225.0,1140,225.437528491105,225.4302774610797,225.08724680595452,225.4302774610797,225.44113038847252,225.6463236317265
HOUSEHOLD_2_081,578.0,1140,578.0014542698417,578.4543008799787,578.0567209784854,578.4543008799787,578.6434215383179,574.8222944079105
HOUSEHOLD_2_083,235.0,1140,230.30390437398782,230.1170936899864,230.1754743371681,230.1170936899864,230.15122026346882,228.21381949987227
HOUSEHOLD_2_088,336.0,1140,335.64321542378684,335.41922714756095,335.3598492081593,335.41922714756095,335.5237798478226,333.2411488654986
HOUSEHOLD_2_089,532.0,1140,513.330525546316,513.7456935765694,512.4285697759601,513.7456935765694,514.0022493486439,510.3681194870163
HOUSEHOLD_2_090,432.0,1140,430.3603799184525,430.0911092653416,429.32857015098875,430.0911092653416,430.20184253696436,428.59400737770176
HOUSEHOLD_2_091,186.0,1140,186.04645734543936,186.04499054402953,186.00000004529733,186.04499054402953,186.04645734543936,186.0018808446427
HOUSEHOLD_2_092,153.0,1140,153.06272614577492,153.06069431206726,153.00000006115988,153.06069431206726,153.06272614577492,153.00303538585393
HOUSEHOLD_2_094,111.0,1140,111.0,111.0,111.0,111.0,111.0,111.0
HOUSEHOLD_2_095,334.0,1140,345.3631622304006,345.19532593131567,345.4211573508539,345.19532593131567,345.63601011124774,346.19423348893827
HOUSEHOLD_2_096,696.0,1140,677.5654812564949,678.733006050416,676.4937047799841,678.733006050416,679.6746078030598,672.747037256102
HOUSEHOLD_2_097,187.0,1140,188.07119202534352,188.11108850038897,187.94685950958575,188.11108850038897,188.1408435951266,188.66893516372292
HOUSEHOLD_2_100,112.0,1140,112.50279985806802,112.51342135673312,112.59510159925426,112.51342135673312,112.52560064508688,112.0652032315799
HOUSEHOLD_2_101,98.0,1140,97.9978531516094,97.99791056692172,97.99999999790676,97.99791056692172,97.9978531516094,98.0003674043366
HOUSEHOLD_2_102,1133.0,1140,935.4074294881191,935.6354013347575,932.5455780223317,935.6354013347575,936.4861459772723,929.9444096093538
HOUSEHOLD_2_106,185.0,1140,186.29438596433323,186.18078481510696,186.11702285274907,186.18078481510696,186.29438596433323,185.05533168781545
HOUSEHOLD_2_107,160.0,1140,160.19615625022763,160.18711431602676,160.00000019125827,160.18711431602676,160.19615625022763,160.00483574635155
HOUSEHOLD_2_108,34.0,1140,34.05172139007456,34.04870382439173,34.00000005042992,34.04870382439173,34.05172139007456,34.000098879339646
HOUSEHOLD_2_109,554.0,1140,544.8762406244916,544.7772193389492,544.7089603095259,544.7772193389492,544.879248025215,542.3985823910513
HOUSEHOLD_2_110,2927.0,1140,1681.2262305463798,1683.6080947747068,1680.2001436727173,1683.6080947747068,1682.618272916714,1677.7034202585755
HOUSEHOLD_2_112,300.0,1140,302.0445511634235,301.8399878901754,300.5533528604189,301.8399878901754,302.2440519645072,301.7230765078727
HOUSEHOLD_2_116,120.0,1140,122.24352339518066,122.1551808979556,122.33479100617951,122.1551808979556,122.24352339518066,120.10369389561862
HOUSEHOLD_2_117,225.0,1140,225.24104328432406,225.23677056627287,225.11989735366063,225.23677056627287,225.24104328432406,225.014935835993
HOUSEHOLD_2_118,908.0,1140,796.1825406318819,797.0681665210972,794.4244405009945,797.0681665210972,796.0531298010858,794.8050588088583
HOUSEHOLD_2_119,439.0,1140,419.76913507758076,419.43321137909777,419.66043912878956,419.43321137909777,419.5353812430039,411.3399553207998
HOUSEHOLD_2_120,307.0,1140,308.0985308055236,308.03919887765164,307.76098975276466,308.03919887765164,308.10348152607384,307.0889872290869
HOUSEHOLD_2_121,148.0,1140,148.0106909646853,147.99776754982247,147.83790499345548,147.99776754982247,147.99815150934995,147.9860679556117
HOUSEHOLD_2_123,502.0,1140,508.7549606674794,508.8799628577108,508.51172744216956,508.8799628577108,509.15536548636743,511.80164991503165
HOUSEHOLD_2_124,205.0,1140,209.6480477105747,209.96112814818918,209.5431117702924,209.96112814818918,210.18633851735623,205.5398105310651
HOUSEHOLD_2_128,227.0,1140,227.19770584766462,227.19017862143278,227.00000019276916,227.19017862143278,227.19770584766462,227.00813454470722
HOUSEHOLD_2_129,283.0,1140,280.19675454446406,280.04128390782415,280.1020937608926,280.04128390782415,280.1240002123532,278.56557123905105
HOUSEHOLD_2_135,634.0,1140,600.5360884895783,600.855565079748,599.926229692315,600.855565079748,601.4843663769707,597.1913354538322
HOUSEHOLD_2_137,279.0,1140,279.13120409935027,279.12560951697986,279.00000012792793,279.12560951697986,279.13120409935027,279.00743233991454
HOUSEHOLD_2_138,84.0,1140,84.01335861985294,84.01300328076962,84.00000001302506,84.01300328076962,84.01335861985294,84.0
HOUSEHOLD_2_140,895.0,1140,782.6249568460294,784.1013384961866,781.0869535221295,784.1013384961866,783.501644637674,778.445125087757
HOUSEHOLD_2_144,136.0,1140,136.02863882436975,136.02736840364958,136.0000000279237,136.02736840364958,136.02863882436975,135.9990109756311
HOUSEHOLD_2_146,615.0,1140,608.0757935948809,607.8805882590955,606.9075388171173,607.8805882590955,608.5747000760887,601.6274741064689
HOUSEHOLD_2_147,93.0,1140,93.81886767660995,93.75040534020185,93.84163344183784,93.75040534020185,93.81886767660995,93.05189409348098
HOUSEHOLD_2_148,237.0,1140,237.18522214374207,237.1801203158085,236.93788147374613,237.1801203158085,237.18522214374207,237.01215454547673
HOUSEHOLD_2_149,95.0,1140,95.15200616265258,95.16207558953656,95.14682859990734,95.16207558953656,95.16619447618883,95.02048576139856
HOUSEHOLD_2_150,232.0,1140,232.05997958048954,232.0579031380594,232.00000005848187,232.0579031380594,232.05997958048954,232.0016964936897
HOUSEHOLD_2_151,256.0,1140,256.0591946714122,256.0536029718701,256.0000000577166,256.0536029718701,256.0591946714122,256.0107978831069
HOUSEHOLD_2_152,225.0,1140,227.6211976989051,227.7116316730826,227.85131115095234,227.7116316730826,227.77914508972603,228.25184622054732
HOUSEHOLD_2_153,547.0,1140,461.9724600654104,460.96949660304176,462.4824511319147,460.96949660304176,461.13959637603404,458.1007819298008
HOUSEHOLD_2_155,462.0,1140,430.54223145255617,430.55452496597354,429.5348904705014,430.55452496597354,430.74106324666593,429.9582802126307
HOUSEHOLD_2_162,95.0,1140,95.46116219466336,95.3876137827051,95.00000044964703,95.3876137827051,95.46116219466336,95.07640530339596
HOUSEHOLD_2_163,224.0,1140,224.7008885431007,224.6786377657479,224.5451239138742,224.6786377657479,224.7008885431007,224.06648338968597
HOUSEHOLD_2_166,249.0,1140,249.53248572106247,249.4278978118057,249.18723746735213,249.4278978118057,249.53248572106247,248.86444007394957
HOUSEHOLD_2_168,176.0,1140,176.13874001559384,176.12541164373857,176.00000013527568,176.12541164373857,176.13874001559384,176.00413489367713
HOUSEHOLD_2_171,590.0,1140,577.3842216715713,577.2148963557014,576.5199562164378,577.2148963557014,577.9712996721152,577.7813768948863
HOUSEHOLD_2_174,120.0,1140,120.26159073919963,120.25444632920535,120.12223759790216,120.25444632920535,120.26159073919963,120.03793136494072
HOUSEHOLD_2_175,53.0,1140,53.17581038604347,53.15121915635362,53.000000171420425,53.15121915635362,53.17581038604347,53.02262403230135
HOUSEHOLD_2_177,213.0,1140,214.99415977872388,215.05948413582536,214.9081670422681,215.05948413582536,215.1119354584885,214.88356078996384
HOUSEHOLD_2_179,200.0,1140,201.708439928383,201.71486292536946,201.55342625754727,201.71486292536946,201.7640787543331,201.14525951852
HOUSEHOLD_2_180,720.0,1140,730.2640307595432,728.9722000160866,729.2915965558916,728.9722000160866,729.9913214666908,728.1240743825699
HOUSEHOLD_2_182,259.0,1140,259.06416872136475,259.0607704342314,259.0000000625664,259.0607704342314,259.06416872136475,259.00753313904903
HOUSEHOLD_2_183,434.0,1140,439.4343210698664,438.9961324512618,439.464512464982,438.9961324512618,439.20882080276283,437.1646309753904
HOUSEHOLD_2_186,262.0,1140,266.56805849698077,266.7711955534224,266.4817794381091,266.7711955534224,266.9659676665184,265.1730861929095
HOUSEHOLD_2_188,406.0,1140,395.9583862467404,395.9201126580758,395.50249399332733,395.9201126580758,395.922296531285,394.60439588598297
HOUSEHOLD_2_189,86.0,1140,86.0,86.0,86.0,86.0,86.0,86.0
HOUSEHOLD_2_190,505.0,1140,507.97011638749177,507.99576117851564,507.7804261533722,507.99576117851564,508.2887655802229,508.18122388640563
HOUSEHOLD_2_192,111.0,1140,111.0,111.0,111.0,111.0,111.0,111.0
HOUSEHOLD_2_193,416.0,1140,402.9368558487421,403.4668371398586,402.22866544986823,403.4668371398586,403.37397088030673,404.8671627746694
HOUSEHOLD_2_194,284.0,1140,287.88899983095024,287.9703569081459,287.7363682773328,287.9703569081459,288.0743945607876,285.9310494749791
HOUSEHOLD_2_195,500.0,1140,460.3555300855446,459.7983814702395,459.8221739992351,459.7983814702395,460.1323922529667,455.54102302517174
HOUSEHOLD_2_196,1158.0,1140,920.9940838941263,920.0796704334684,917.7393007445718,920.0796704334684,921.4554963602002,912.7169669140411
HOUSEHOLD_2_200,477.0,1140,479.07357479791426,478.5618831461922,478.06426639972426,478.5618831461922,478.8327987377379,475.14140831546547
HOUSEHOLD_2_201,814.0,1140,711.788740884364,710.0113275133622,710.2405403603843,710.0113275133622,710.7699886906379,706.7007514041916
HOUSEHOLD_2_203,1279.0,1140,1018.5401506249985,1018.4279679765234,1016.144260863954,1018.4279679765234,1019.4117324411083,1014.6239574803304
HOUSEHOLD_2_205,188.0,1140,187.99989112869696,187.99984723609575,187.99999999989384,187.99984723609575,187.99989112869696,187.99989112869696
HOUSEHOLD_2_207,235.0,1140,233.17279948134808,233.16592835485704,233.05555013143885,233.16592835485704,233.2173069406232,233.12754990647235
HOUSEHOLD_2_208,192.0,1140,192.7901143092724,192.63349716958493,191.81138279609308,192.63349716958493,192.79267038518637,191.7587718846636
HOUSEHOLD_2_209,310.0,1140,308.9062166244346,308.84364948696475,308.5788097611477,308.84364948696475,308.85502713247826,307.6423616880423
HOUSEHOLD_2_210,26.0,1140,26.0,26.0,26.0,26.0,26.0,26.0
HOUSEHOLD_2_211,78.0,1140,78.0,78.0,78.0,78.0,78.0,78.0
HOUSEHOLD_2_212,1027.0,1140,957.7545414100571,958.0563493607879,957.2980665931414,958.0563493607879,957.7871928146562,956.8335773890694
HOUSEHOLD_2_215,433.0,1140,442.3131687537634,441.74652489527637,441.87032921536627,441.74652489527637,442.11203703430294,437.9439289365448
HOUSEHOLD_2_216,69.0,1140,71.20851726409214,71.07296323652295,70.88632729961826,71.07296323652295,71.15259970385989,67.92525158854698
HOUSEHOLD_2_217,929.0,1140,927.8838121641008,928.4669256018649,927.6556590185722,928.4669256018649,928.5783303696968,924.4819576596597
HOUSEHOLD_2_219,489.0,1140,489.30000783600235,489.3411643071612,488.8779609475522,489.3411643071612,489.85340992207864,487.5978662509045
HOUSEHOLD_2_220,286.0,1140,287.66176779946693,287.6033535342374,287.4291351034368,287.6033535342374,287.6617996760929,286.0206507850467
HOUSEHOLD_2_221,701.0,1140,676.6790659026194,677.3067864707323,675.9398088312647,677.3067864707323,677.1585588529531,672.7703439199503
HOUSEHOLD_2_222,971.0,1140,835.6758265284739,831.8719815944778,835.0211064252014,831.8719815944778,832.0393810458104,824.6719754764496
HOUSEHOLD_2_223,202.0,1140,202.26678018911417,202.2569820417416,202.13463727154618,202.2569820417416,202.26678018911417,202.0284738748199
HOUSEHOLD_2_227,146.0,1140,148.9620393489096,149.01633889753433,148.81806830168594,149.01633889753433,149.12059863937154,147.5485946039453
HOUSEHOLD_2_228,273.0,1140,274.2029735248209,274.1653967202414,274.1110598034867,274.1653967202414,274.2160843264728,273.75961102213705
HOUSEHOLD_2_229,415.0,1140,413.5909068362111,413.38609205523886,413.483999577245,413.38609205523886,413.47306493222084,411.9856958834318
HOUSEHOLD_2_231,346.0,1140,350.73894845780796,350.70110967045355,350.50862040573287,350.70110967045355,351.0359828899935,349.8051523520404
HOUSEHOLD_2_233,128.0,1140,128.02425807986492,128.02246052265886,128.00000002365235,128.02246052265886,128.02425807986492,128.00099221684727
HOUSEHOLD_2_234,301.0,1140,298.6215681686297,298.4679194344518,298.34923954348034,298.4679194344518,298.4843207872296,296.89260133333346
HOUSEHOLD_2_236,258.0,1140,257.47942650099185,257.3553322260773,257.43252177280357,257.3553322260773,257.360041212984,256.88405273211504
HOUSEHOLD_2_237,189.0,1140,189.0,189.0,189.0,189.0,189.0,189.0
HOUSEHOLD_2_239,1271.0,1140,1021.9667567892293,1022.2578361537439,1020.0458271454952,1022.2578361537439,1023.6238299392785,1015.1435925181548
HOUSEHOLD_2_241,297.0,1140,300.39382540279064,300.0251118660128,300.05823201606916,300.0251118660128,300.2052459025872,298.24264899255184
HOUSEHOLD_2_242,80.0,1140,81.46078064717221,81.46001596212673,81.44893599434019,81.46001596212673,81.50614761520092,80.78731785591505
HOUSEHOLD_2_243,147.0,1140,147.44876812770266,147.44668338772922,147.36929418890028,147.44668338772922,147.4601359556637,147.07126469202876
HOUSEHOLD_2_250,480.0,1140,483.4787047010399,483.55716206073384,483.30667674823735,483.55716206073384,483.7442032055332,481.437672084202
HOUSEHOLD_2_251,596.0,1140,559.813638856996,558.094891384233,557.1555556621984,558.094891384233,559.408347531238,550.7247476561257
HOUSEHOLD_2_253,139.0,1140,139.01803231816984,139.01700275341568,139.00000001758207,139.01700275341568,139.01803231816984,139.00095997616862
HOUSEHOLD_2_254,148.0,1140,148.0,148.0,148.0,148.0,148.0,148.0
HOUSEHOLD_2_256,590.0,1140,566.698346669902,566.4465075137872,565.4356654406877,566.4465075137872,566.6355698227729,560.9175001620378
HOUSEHOLD_2_257,388.0,1140,388.8158388843566,388.4541897289613,388.74037680081284,388.4541897289613,388.6002330698253,386.4755350583831
HOUSEHOLD_2_258,157.0,1140,157.35803542487636,157.34839578229077,157.25053587892185,157.34839578229077,157.35803542487636,157.06672359401801
HOUSEHOLD_2_259,318.0,1140,316.37967330945696,316.4108597247617,315.92392982952106,316.4108597247617,316.57476595771953,316.15612317420954
HOUSEHOLD_2_260,258.0,1140,258.4703542370029,258.4488111421622,258.48982307864674,258.4488111421622,258.4703872183874,258.005757695777
HOUSEHOLD_2_262,637.0,1140,587.4991374042911,587.5752451155037,587.4243098062772,587.5752451155037,587.4851854651004,585.9669633949982
HOUSEHOLD_2_267,582.0,1140,552.5682037693693,552.2656561256008,550.9727610060643,552.2656561256008,553.1287474988958,549.785802309281
HOUSEHOLD_2_270,430.0,1140,398.88972678092546,398.6999064568757,397.7018760161514,398.6999064568757,399.01254838907573,395.0947423173127
HOUSEHOLD_2_271,186.0,1140,186.0553438576668,186.04917923842126,186.0000000539619,186.04917923842126,186.05000328151203,186.0022720932172
HOUSEHOLD_2_272,371.0,1140,378.5558629951913,378.03280461270003,378.4912534419351,378.03280461270003,378.57441373997904,378.9089154917263
HOUSEHOLD_2_273,513.0,1140,504.46536445244874,504.2646890520832,503.7600845476046,504.2646890520832,504.4833135003098,504.14713179862076
HOUSEHOLD_2_277,329.0,1140,314.6361918921827,314.4629779224924,313.6217095789756,314.4629779224924,314.76574490313385,314.67617021276044
HOUSEHOLD_2_278,88.0,1140,88.0,88.0,88.0,88.0,88.0,88.0
HOUSEHOLD_2_279,193.0,1140,193.09464306905122,193.0903368606506,193.00000009227983,193.0903368606506,193.09464306905122,193.07372400199625
HOUSEHOLD_2_280,267.0,1140,268.56997992041005,268.4359244490664,268.4204098493333,268.4359244490664,268.4924501691266,267.07662311603644
HOUSEHOLD_2_283,273.0,1140,274.17395173978605,273.9984900608131,273.70063393078044,273.9984900608131,274.0519502472131,274.9987096837539
HOUSEHOLD_2_284,537.0,1140,536.0122959983769,534.7006391899288,535.4206884250862,534.7006391899288,535.8719660044461,532.349152191237
HOUSEHOLD_2_285,238.0,1140,238.02406191424413,238.02342860086577,238.0000000234611,238.02342860086577,238.02406191424413,238.00081823422533
HOUSEHOLD_2_286,437.0,1140,439.7632814074409,439.8445374010528,439.78373895333027,439.8445374010528,439.91818342606933,440.44947622009465
HOUSEHOLD_2_287,492.0,1140,504.471501089339,505.0419032885286,504.8737558354756,505.0419032885286,505.50535616284895,503.5001384148935
HOUSEHOLD_2_289,449.0,1140,378.9084220578969,376.5229282898787,377.62458577364146,376.5229282898787,375.57497795106093,364.99723301118183
HOUSEHOLD_2_290,141.0,1140,141.00026817110324,141.00022624086256,141.00000000026148,141.00022624086256,141.00026817110324,141.0
HOUSEHOLD_2_291,124.0,1140,124.01429444453044,124.01366102654008,124.00000001393752,124.01366102654008,124.01429444453044,124.00038512260844
HOUSEHOLD_2_292,203.0,1140,203.06118209670558,203.05949497026626,203.00000005965438,203.05949497026626,203.06118209670558,203.00460410896298
HOUSEHOLD_2_294,2827.0,1140,1669.9770721815885,1662.2848797838506,1666.154814677334,1662.2848797838506,1656.9938724399308,1653.7699195355594
HOUSEHOLD_2_296,309.0,1140,309.73845874085856,309.61452274385806,309.8605819986406,309.61452274385806,309.8427844457124,307.47863806856384
HOUSEHOLD_2_298,798.0,1140,705.1284626082131,703.9609497446496,704.8033152447227,703.9609497446496,703.6428580210775,704.1608856066932
HOUSEHOLD_2_299,1112.0,1140,831.5645394945898,830.4413026739478,831.6563425785762,830.4413026739478,829.2919806292109,826.4297813861344
HOUSEHOLD_2_300,230.0,1140,230.0403129598032,230.0379810269934,230.00000003930634,230.0379810269934,230.0403129598032,230.00380055006488
HOUSEHOLD_2_301,762.0,1140,777.2350665447505,777.5675980885949,776.7435205491644,777.5675980885949,778.322924044735,772.0821790035022
HOUSEHOLD_2_302,274.0,1140,263.63883455598494,264.23342458004777,262.84020180050845,264.23342458004777,264.17588198299256,264.0518391163296
HOUSEHOLD_2_303,303.0,1140,304.8029219714752,304.78691777358193,304.7394026237538,304.78691777358193,304.8824595113525,302.5238685159244
HOUSEHOLD_2_304,180.0,1140,180.60220811185388,180.5753610170196,180.22343817559374,180.5753610170196,180.6050724650289,180.033567288411
HOUSEHOLD_2_306,314.0,1140,315.84266689224336,315.7315879461544,315.84229678054595,315.7315879461544,315.8349889451098,315.6524341248639
HOUSEHOLD_2_310,382.0,1140,384.9243738235564,385.0834692974431,384.9269372472261,385.0834692974431,385.15571278874785,386.298224827922
HOUSEHOLD_2_312,1329.0,1140,1037.267238351501,1037.7801714773454,1037.0194622958593,1037.7801714773454,1039.7400353430605,1036.023851179813
HOUSEHOLD_2_316,465.0,1140,458.19150396766145,458.59918578963635,457.61377383449144,458.59918578963635,458.1584454766597,455.7891650746407
HOUSEHOLD_2_317,141.0,1140,141.1765989940326,141.1719241759423,141.12103516029674,141.1719241759423,141.1765989940326,141.0408965838655
HOUSEHOLD_2_318,205.0,1140,206.911874404001,206.40733154691716,205.6127696234467,206.40733154691716,206.911874404001,205.13737125767608
HOUSEHOLD_2_319,441.0,1140,452.4785947010946,452.5553296433462,452.3304451629384,452.5553296433462,453.3677263017207,447.44698390834526
HOUSEHOLD_2_320,145.0,1140,146.76090886852603,146.68192023560832,146.5438417687584,146.68192023560832,146.81457169122928,146.5977582229042
HOUSEHOLD_2_321,492.0,1140,488.4013844609437,488.62496795526533,488.57220855823863,488.62496795526533,488.54496521077266,488.8725852135707
HOUSEHOLD_2_322,758.0,1140,700.6194602536566,701.0270322174318,699.3102641715029,701.0270322174318,701.3630957769011,696.8792289784421
HOUSEHOLD_2_324,364.0,1140,365.4703298810916,365.54743963062066,365.48449900768685,365.54743963062066,365.641135344267,365.0321937720551
HOUSEHOLD_2_325,589.0,1140,561.8405120200596,561.9496751537163,560.9474547331804,561.9496751537163,562.504246443683,557.1295239118404
HOUSEHOLD_2_328,266.0,1140,266.3559647740682,266.3343443554946,266.2080440696351,266.3343443554946,266.3559647740682,266.00769148225123
HOUSEHOLD_2_329,576.0,1140,553.901057761675,552.4367241129082,552.6465012215587,552.4367241129082,552.7208821606246,544.823412784486
HOUSEHOLD_2_330,229.0,1140,229.36620089590298,229.35365849681722,229.15798283269316,229.35365849681722,229.36620089590298,229.0228790032968
HOUSEHOLD_2_333,219.0,1140,219.48981470500667,219.43792381187262,219.3046206467138,219.43792381187262,219.45561994821435,219.05607002569633
HOUSEHOLD_2_334,211.0,1140,211.38264391498285,211.40525967450992,211.3926261006822,211.40525967450992,211.41346707310004,211.55700086178697
HOUSEHOLD_2_335,1034.0,1140,837.4505724378948,836.5497994263831,836.6067704323593,836.5497994263831,837.5541666549607,833.0070292639688
HOUSEHOLD_2_343,589.0,1140,511.26452019196097,511.6587556191531,510.00495295371036,511.6587556191531,511.2397900367687,513.6100072054016
HOUSEHOLD_2_344,433.0,1140,403.3397605244852,402.9890008361856,401.72546637639374,402.9890008361856,402.65104634536567,406.16697758180123
HOUSEHOLD_2_348,1257.0,1140,1073.1456655829425,1072.320684536454,1072.8642148375602,1072.320684536454,1072.3644525234522,1089.2090968271614
HOUSEHOLD_2_350,773.0,1140,691.4935604886266,689.0607990493663,691.0187623659242,689.0607990493663,689.2659656506793,687.9327749308068
HOUSEHOLD_2_354,731.0,1140,682.037508976026,682.9142857355768,682.0392738352489,682.9142857355768,683.2926166443428,683.2157452360977
HOUSEHOLD_2_355,299.0,1140,298.17657315855655,298.1558321524368,298.2306476371548,298.1558321524368,298.24295176946896,298.0302017492007
HOUSEHOLD_2_356,271.0,1140,273.10325979782925,273.12071620791863,272.84630946581245,273.12071620791863,273.2144781527503,273.1029124267991
HOUSEHOLD_2_358,121.0,1140,121.29327857654039,121.28553751717084,121.12050988614939,121.28553751717084,121.29327857654039,121.01957077233939
HOUSEHOLD_2_359,361.0,1140,362.90674215443744,362.68140045027405,362.23858375465704,362.68140045027405,362.8741334716551,359.5584666490838
HOUSEHOLD_2_360,194.0,1140,194.03574307760994,194.02718569235645,193.86880412157115,194.02718569235645,194.03574307760994,193.98351592059052
HOUSEHOLD_2_361,298.0,1140,298.1405063692605,298.1325289830298,298.000000136998,298.1325289830298,298.1405063692605,298.00560275982554
HOUSEHOLD_2_362,157.0,1140,157.0,157.0,157.0,157.0,157.0,157.0
HOUSEHOLD_2_363,157.0,1140,158.34777248118903,158.3573764658557,158.21242795470295,158.3573764658557,158.3998585901424,158.17044519807166
HOUSEHOLD_2_364,255.0,1140,255.85897670307762,255.81238310605747,255.9236794191502,255.81238310605747,255.85897670307762,254.99578782931178
HOUSEHOLD_2_365,273.0,1140,273.13940162761224,273.1359454663396,273.0000001359208,273.1359454663396,273.13940162761224,273.00930272640505
HOUSEHOLD_2_366,1157.0,1140,992.3047626448151,990.7409119841152,990.8092121682769,990.7409119841152,991.1932989435493,988.014330031283
HOUSEHOLD_2_368,442.0,1140,445.8570974187893,445.53641712472074,445.1855305707232,445.53641712472074,445.9685381084797,442.8587286288873
HOUSEHOLD_2_370,276.0,1140,278.215332385729,277.85505472770234,278.11217782538665,277.85505472770234,278.2415600589979,276.8354682930867
HOUSEHOLD_2_371,1737.0,1140,1207.6309438097744,1201.5009939896156,1204.298936653173,1201.5009939896156,1201.1371546586297,1203.5289885930943
HOUSEHOLD_2_373,337.0,1140,337.6261398244037,337.5271805109197,337.61800542112314,337.5271805109197,337.57280752308685,335.8207330162045
HOUSEHOLD_2_374,657.0,1140,575.092474491925,575.3075801846692,573.2997411312135,575.3075801846692,574.9511373329218,570.1533491499636
HOUSEHOLD_2_375,653.0,1140,581.0184761117071,578.2697824837015,580.8165039381051,578.2697824837015,578.4229415219261,575.2302455510601
HOUSEHOLD_2_376,560.0,1140,540.9523572007607,541.1504748656125,540.1284384484956,541.1504748656125,541.1132608872459,538.8507976925932
HOUSEHOLD_2_379,140.0,1140,140.17339807908493,140.16655910439204,140.1574595690118,140.16655910439204,140.17339807908493,140.00058479639134
HOUSEHOLD_2_380,397.0,1140,397.31611845569563,396.58227080281824,397.1816738393541,396.58227080281824,397.24002633410385,393.4770871711877
HOUSEHOLD_2_382,835.0,1140,792.8521022755554,794.1855172877652,791.4942556302487,794.1855172877652,795.2859425607853,793.1810362627851
HOUSEHOLD_2_383,315.0,1140,316.18235245211673,316.0883225966691,315.66499414406746,316.0883225966691,316.3669263133818,310.37326782963464
HOUSEHOLD_2_384,706.0,1140,618.227284593968,617.7396746835892,617.4659654035436,617.7396746835892,618.7119730050915,614.7977145121504
HOUSEHOLD_2_385,236.0,1140,236.05551733662872,236.0536161256526,236.00000005413108,236.0536161256526,236.05551733662872,235.99819218224016
HOUSEHOLD_2_386,318.0,1140,320.04623552454586,319.9851025517469,319.9109684768128,319.9851025517469,320.04623552454586,319.7715626944931
HOUSEHOLD_2_388,586.0,1140,588.7804181337119,588.4914209614799,587.4182366447037,588.4914209614799,590.1072142462282,584.5146862623928
HOUSEHOLD_2_389,2050.0,1140,1542.61505197597,1550.812180738041,1542.7473477934268,1550.812180738041,1553.510288954979,1541.210653391379
HOUSEHOLD_2_392,87.0,1140,87.0,87.0,87.0,87.0,87.0,87.0
HOUSEHOLD_2_394,303.0,1140,303.29875333584937,303.289089008948,303.0583365905378,303.289089008948,303.29875333584937,303.0110114845533
HOUSEHOLD_2_395,848.0,1140,822.0506945247456,822.9911212888521,821.1241038253261,822.9911212888521,823.0023766786107,818.6983070429089
HOUSEHOLD_2_398,132.0,1140,132.33400470478813,132.32516044815853,132.33777401361326,132.32516044815853,132.33400470478813,132.01624543325786
HOUSEHOLD_2_399,547.0,1140,551.8592798715767,552.0544567839443,552.0425747876841,552.0544567839443,552.230444200053,551.0592617975556
HOUSEHOLD_2_400,411.0,1140,418.8939114641378,418.99641662519355,418.6960906197453,418.99641662519355,419.26955066447476,416.7664922815603
HOUSEHOLD_2_402,592.0,1140,583.1659218860399,580.9501054235536,582.6558584547435,580.9501054235536,582.6478425826424,579.6219775057162
HOUSEHOLD_2_404,495.0,1140,481.8925252447883,482.08566795425736,481.69462625076125,482.08566795425736,481.83157984193525,479.4889943941506
HOUSEHOLD_2_405,345.0,1140,320.4904653341024,320.48633352734316,319.1896953487868,320.48633352734316,319.9936789422168,317.88152608711584
HOUSEHOLD_2_407,214.0,1140,214.04810064864117,214.04544585699819,214.00000004689957,214.04544585699819,214.04810064864117,214.0031568879171
HOUSEHOLD_2_409,1009.0,1140,867.0643966596891,866.459405803253,864.1851160134513,866.459405803253,868.5656224604289,859.5463940935999
HOUSEHOLD_2_412,106.0,1140,106.0,106.0,106.0,106.0,106.0,106.0
HOUSEHOLD_2_413,419.0,1140,421.1570988148914,421.10351509854763,420.89466139188875,421.10351509854763,421.16415095980574,421.34811676149104
HOUSEHOLD_2_414,283.0,1140,256.29672374296183,255.80358195885628,255.2535001413624,255.80358195885628,255.6201729792603,251.52913062307138
HOUSEHOLD_2_415,94.0,1140,94.61200270692055,94.62463145292969,94.53345173738694,94.62463145292969,94.64037933399305,95.26186379896762
HOUSEHOLD_2_418,321.0,1140,321.9402436440935,321.84992082780207,321.3846451156022,321.84992082780207,321.94028763582344,321.01860144654916
HOUSEHOLD_2_419,209.0,1140,209.42929705615182,209.41159459871741,209.12124581876375,209.41159459871741,209.42929705615182,209.02424900135736
HOUSEHOLD_2_421,759.0,1140,609.4666204321663,608.425521245828,607.9893378448796,608.425521245828,608.3410827985963,606.778046464766
HOUSEHOLD_2_422,132.0,1140,132.276152738348,132.26385252478525,132.11989738789342,132.26385252478525,132.276152738348,132.01307564263692
HOUSEHOLD_2_423,843.0,1140,771.7154560906167,773.2661743977844,771.8581419408866,773.2661743977844,773.8916023316716,769.8492062318151
HOUSEHOLD_2_426,444.0,1140,449.1290497677766,448.8900365692639,449.2748272099868,448.8900365692639,449.05293430592405,448.54626602201955
HOUSEHOLD_2_431,341.0,1140,342.04773438998535,342.11682388522297,342.006116178232,342.11682388522297,342.14351383238585,342.1710122143181
HOUSEHOLD_2_433,210.0,1140,211.88958809070294,211.7814515448026,211.7362367643647,211.7814515448026,211.88958809070294,210.23019325833735
HOUSEHOLD_2_434,1072.0,1140,892.5145010145261,892.0343348797456,892.0585485740252,892.0343348797456,892.0260350573712,888.9995060276964
HOUSEHOLD_2_435,209.0,1140,209.1405045198046,209.11455467570798,209.0000001369961,209.11455467570798,209.1405430746334,209.0129232050594
HOUSEHOLD_2_437,1119.0,1140,878.8637986044594,876.546814212415,877.6038143080962,876.546814212415,877.0038578436634,876.2686416072582
HOUSEHOLD_2_439,725.0,1140,644.0788471034523,643.2143571912017,643.9358016605139,643.2143571912017,643.0333577609888,650.1027496145722
HOUSEHOLD_2_442,1028.0,1140,914.1057410562969,911.7455801643887,911.6238754932991,911.7455801643887,912.8142166100381,907.3496407238474
HOUSEHOLD_2_443,320.0,1140,319.49319393595476,319.1521142097784,318.913915541435,319.1521142097784,319.2955465907639,317.42234220686737
HOUSEHOLD_2_444,425.0,1140,432.32238582540595,432.2431864143201,432.2342327541371,432.2431864143201,432.5636097165334,428.63253567408356
HOUSEHOLD_2_447,930.0,1140,919.8471505139173,919.4905028375596,918.7719089459098,919.4905028375596,920.0977055770288,915.7625732299099
HOUSEHOLD_2_448,111.0,1140,111.05613431511178,111.05415690210975,111.00000005473265,111.05415690210975,111.05613431511178,111.00020449332709
HOUSEHOLD_2_449,465.0,1140,412.5836695075068,413.5437621094202,412.0351077339385,413.5437621094202,413.2701454837849,418.7580129918145
HOUSEHOLD_2_450,675.0,1140,637.5994181080662,635.7283518144574,636.1870500916737,635.7283518144574,637.2190422295596,633.2883807709886
HOUSEHOLD_2_451,680.0,1140,609.3957814726934,609.4614581544372,607.4606162618189,609.4614581544372,610.4199256122595,606.0603269527185
HOUSEHOLD_2_452,351.0,1140,347.17953927796634,346.2836313860982,346.8774228637225,346.2836313860982,346.4838949612844,344.0948836092385
HOUSEHOLD_2_453,824.0,1140,708.7368381527688,706.7653155235837,707.6471830671123,706.7653155235837,707.8791967252257,702.0910456303795
HOUSEHOLD_2_455,190.0,1140,190.14753553459178,190.14124811841629,190.0000001438516,190.14124811841629,190.14753553459178,190.00085165188983
HOUSEHOLD_2_456,32.0,1140,32.0701073242095,32.06657720022517,32.000000068356755,32.06657720022517,32.0701073242095,32.001226002152606
HOUSEHOLD_2_460,199.0,1140,198.9830355576578,198.98365570910215,198.99999998345916,198.98365570910215,198.9830355576578,199.00011884321586
HOUSEHOLD_2_462,136.0,1140,136.10356398115806,136.09140428162655,136.00000010097799,136.09140428162655,136.10356398115806,136.004765620419
HOUSEHOLD_2_464,119.0,1140,119.0,119.0,119.0,119.0,119.0,119.0
HOUSEHOLD_2_465,722.0,1140,654.7048392748858,655.7614635669036,654.0989869701496,655.7614635669036,655.9022205220581,659.6392352642936
HOUSEHOLD_2_467,791.0,1140,708.2299047797679,706.3011670167322,707.4952018034644,706.3011670167322,707.6155967882075,702.0047237550514
HOUSEHOLD_2_469,406.0,1140,391.025436591092,390.7866421020982,391.09374611888,390.7866421020982,390.97705810116645,390.32984837193175
HOUSEHOLD_2_470,1143.0,1140,945.8999669715631,944.4393127038315,943.0925963042315,944.4393127038315,944.7409388529916,942.7796540222676
HOUSEHOLD_2_472,478.0,1140,452.92178657703994,453.2543897744051,451.4364562129186,453.2543897744051,453.42101406306904,450.54532851639846
HOUSEHOLD_2_473,241.0,1140,242.3009956730699,242.3363579394079,242.1861994911099,242.3363579394079,242.39363303346755,242.2745871029246
HOUSEHOLD_2_474,90.0,1140,90.0,90.0,90.0,90.0,90.0,90.0
HOUSEHOLD_2_482,165.0,1140,166.30387391961426,166.3684338423394,166.2056990929073,166.3684338423394,166.4019118482747,166.7026885167974
HOUSEHOLD_2_483,1279.0,1140,949.8198592315581,947.6321146299963,946.6719990604279,947.6321146299963,949.01306727968,946.9562326410967
HOUSEHOLD_2_484,288.0,1140,288.58549223638255,288.5326765024183,288.46590853505194,288.5326765024183,288.59053007148157,288.07324229692586
HOUSEHOLD_2_485,559.0,1140,552.2315184252849,551.6922028324291,551.6830980608515,551.6922028324291,551.5181453174898,551.371273498558
HOUSEHOLD_2_487,127.0,1140,127.0,127.0,127.0,127.0,127.0,127.0
HOUSEHOLD_2_488,411.0,1140,410.2531317547819,410.1455907743092,409.9790589163743,410.1455907743092,410.4042196821794,409.51017106381664
HOUSEHOLD_2_489,154.0,1140,154.0,154.0,154.0,154.0,154.0,154.0
HOUSEHOLD_2_490,1958.0,1140,1224.6619345729657,1219.5529417517264,1222.9466873583015,1219.5529417517264,1222.6297197742883,1216.979460207332
HOUSEHOLD_2_493,382.0,1140,384.9219319253037,384.70575540864223,384.6615283557135,384.70575540864223,384.80021539834706,382.006262310195
HOUSEHOLD_2_495,619.0,1140,557.9353701096973,557.3277740087458,557.1482193258734,557.3277740087458,558.010335550911,553.4021074240571
HOUSEHOLD_2_502,34.0,1140,34.0,34.0,34.0,34.0,34.0,34.0
HOUSEHOLD_2_503,93.0,1140,92.99233437525038,92.99579404346377,92.99999999252579,92.99579404346377,92.99233437525038,92.99849122432225
HOUSEHOLD_2_504,86.0,1140,86.0,86.0,86.0,86.0,86.0,86.0
HOUSEHOLD_2_505,261.0,1140,258.52477959797113,258.49906334402044,257.8635078553112,258.49906334402044,258.45689256328836,255.23695120649833
HOUSEHOLD_2_506,259.0,1140,259.5555962657153,259.83379041911206,259.48788575079607,259.83379041911206,259.89525630092044,259.34958471488596
HOUSEHOLD_2_507,684.0,1140,650.2564854253012,648.202950965835,647.9957607284,648.202950965835,649.0549600246321,646.1310189660154
HOUSEHOLD_2_508,187.0,1140,187.71248512468406,187.37573277250223,187.49784312358548,187.37573277250223,187.71248512468406,187.00328226666622
HOUSEHOLD_2_509,438.0,1140,444.477370920878,444.6914637662988,445.0855215357991,444.6914637662988,444.9559958906059,445.81397847261644
HOUSEHOLD_2_512,681.0,1140,646.3939211476991,647.0992503245965,645.1828131879897,647.0992503245965,647.3962492102112,644.6793176365168
HOUSEHOLD_2_513,524.0,1140,496.5234132579013,496.71894280960623,495.6428649619055,496.71894280960623,497.33716949794893,492.48147948220407
