tree
version=v4
num_class=1
num_tree_per_iteration=1
label_index=0
max_feature_idx=38
objective=regression_l1
feature_names=Column_0 Column_1 Column_2 Column_3 Column_4 Column_5 Column_6 Column_7 Column_8 Column_9 Column_10 Column_11 Column_12 Column_13 Column_14 Column_15 Column_16 Column_17 Column_18 Column_19 Column_20 Column_21 Column_22 Column_23 Column_24 Column_25 Column_26 Column_27 Column_28 Column_29 Column_30 Column_31 Column_32 Column_33 Column_34 Column_35 Column_36 Column_37 Column_38
feature_infos=[1:7] [0:12.199999809265137] [0:18.399999618530273] [0:9.1999998092651367] [0:9.8000001907348633] [0:8.3000001907348633] [0:1] [0.02857142873108387:11.971428871154785] [0.092857144773006439:9.9214286804199219] [0.15000000596046448:9.2178573608398438] [0.082784637808799744:6.3598713874816895] [0:1] [0:1] [-0.97492790222167969:0.97492790222167969] [-0.90096884965896606:1] [55:68] [1.1287000179290771:1.7733999490737915] [21.680000305175781:23.940000534057617] [67.05999755859375:75.599998474121094] [1.2000000476837158:1.9199999570846558] [0.41899999976158142:1] [0:1] [0:1] none none [0.45581352710723877:0.66375440359115601] [0.0026951399631798267:0.080621019005775452] [0.36949124932289124:0.66311311721801758] [0.014186088927090168:0.60748022794723511] [0.32767966389656067:0.87196558713912964] [0.00060735549777746201:0.26483410596847534] [0.24990837275981903:1.2908620834350586] [0.00026571803027763963:0.19806297123432159] [0.24990837275981903:1.5354659557342529] [0.00011387915583327413:0.049868226051330566] [0.18951895833015442:1.7498493194580078] [3.7959718611091375e-05:0.014733794145286083] [0.058782145380973816:10.676931381225586] [0.032045558094978333:0.97086447477340698]
tree_sizes=1135 1232 1234 1221 1224 1510 1522 1508 1594 1608 1412 1511 1501 1513 1601 1309 1612 1613 1514 1600 1243 1491 1600 1613 1493 1598 1326 1498 1606 1492 1487 1493 1411 1402 1498 1316 1414 1433 1520 1418 1529 1413 1420 1523 1312 1503 1502 1521 1416 1132 1420 1528 1242 1418 1614 1310 1523 1131 1333 1623 1124 1400 1127 1315 1586 1052 1035 1231 1408 1608 1405 1123 1125 1611 1412 1509 1413 1522 1601 1407 1618 939 1524 1608 1352 1614 1254 859 683 700 779 1517 1225 1345 1225 1421 1340 1511 1617 1520 1522 688 1341 1525 1513 1617 1152 1417 1319 1419 686 870 1418 870 776 871 955 950 1505 1517 1331 782 1060 1411 974 1324 1332 1501 1426 1332 1412 1257 1412 975 1408 1509 1410 1406 1224 1615 1617 1248 1233 1610 1512 1615 1622 1508 1613 1246

Tree=0
num_leaves=11
num_cat=0
split_feature=36 38 31 8 36 35 36 11 26 1
split_gain=95.4033 70.1722 54.4146 46.254 44.2684 37.5117 26.0607 16.7026 5.38152 5.12962
threshold=0.014050519093871118 0.57823783159255993 0.42513063549995428 1.0300000309944155 0.012477901764214041 0.34140628576278692 0.0072096353396773347 0.6428571641445161 0.03760181367397309 0.5900000035762788
decision_type=2 2 2 2 2 2 2 2 2 2
left_child=1 2 5 7 -4 -1 -5 -3 -2 -10
right_child=8 3 4 6 -6 -7 -8 -9 9 -11
leaf_value=0.0065288131777197118 -0.0037017737235873933 0.0036478403961518781 0.0030952603369951248 0.013423506999388336 0.0054568751621991395 0.0043532242439687247 0.0027533931005746127 0.0059832011256366969 -0.0030487682577222579 -0.00071877642534673176
leaf_weight=455 84 792 11604 706 1047 2190 134 576 79 54
leaf_count=455 84 792 11604 706 1047 2190 134 576 79 54
internal_value=0.00382259 0.00406768 0.00334599 0.00906715 0.00252783 0.00725926 0.0146083 0.00566469 -0.015947 -0.0121924
internal_weight=17721 17504 15296 2208 12651 2645 840 1368 217 133
internal_count=17721 17504 15296 2208 12651 2645 840 1368 217 133
is_linear=0
shrinkage=1


Tree=1
num_leaves=12
num_cat=0
split_feature=36 38 31 8 36 35 20 35 38 26 37
split_gain=92.6084 63.9791 52.7835 43.2331 43.0275 37.9472 25.3503 16.8528 5.48247 3.86451 2.53681
threshold=0.014050519093871118 0.57823783159255993 0.42513063549995428 1.0300000309944155 0.012477901764214041 0.34140628576278692 0.99050000309944164 0.28965483605861669 0.19103351235389712 0.03760181367397309 0.62919467687606823
decision_type=2 2 2 2 2 2 2 2 2 2 2
left_child=1 2 5 7 -4 -1 -5 -3 9 -2 -11
right_child=8 3 4 6 -6 -7 -8 -9 -10 10 -12
leaf_value=0.0026250380714423955 -0.0067909576761536299 0.0040279915518884081 -0.00070550818406045436 0.0028405608982779084 0.0015852581963874397 0.00051471680570393805 0.014358920169342308 0.00042388028090936132 -0.0092050964436493823 -0.0028087211824022232 -0.0071401770464144644
leaf_weight=455 59 52 11604 366 1047 2190 474 1316 54 50 54
leaf_count=455 59 52 11604 366 1047 2190 474 1316 54 50 54
internal_value=-1.52362e-05 0.000226234 -0.000462866 0.005 -0.00126867 0.0033913 0.0103571 0.00171053 -0.0194931 -0.0167485 -0.0132692
internal_weight=17721 17504 15296 2208 12651 2645 840 1368 217 163 104
internal_count=17721 17504 15296 2208 12651 2645 840 1368 217 163 104
is_linear=0
shrinkage=0.03


Tree=2
num_leaves=12
num_cat=0
split_feature=36 34 7 31 33 37 35 17 38 26 11
split_gain=87.3932 62.8256 80.4719 48.5919 50.8672 43.894 36.5604 30.4045 6.23879 4.84799 3.11538
threshold=0.014050519093871118 0.006203702650964261 0.98428571224212658 0.88245674967765819 1.5071119666099551 1.835976302623749 0.43603140115737921 22.505000114440922 0.19103351235389712 0.03760181367397309 0.35714286565780645
decision_type=2 2 2 2 2 2 2 2 2 2 2
left_child=1 2 6 4 -3 -5 -1 -4 9 -2 -11
right_child=8 3 7 5 -6 -7 -8 -9 -10 10 -12
leaf_value=0.00080833643949218092 -0.0065872289458690208 -0.00020231778948660937 0.0023972473060078917 -0.0003508718824647367 0.0095976490293927484 -0.01335457453976199 -0.0010272253910712898 0.0098827870701737701 -0.0089289435503398986 -0.0029819829098274931 -0.0075419877454033111
leaf_weight=2035 59 12680 287 304 210 334 1025 629 54 52 52
leaf_count=2035 59 12680 287 304 210 334 1025 629 54 52 52
internal_value=-1.8622e-05 0.000215951 0.00353119 -0.000758427 -0.000358417 -0.00884013 0.00119608 0.0113319 -0.0189401 -0.0160123 -0.0121154
internal_weight=17721 17504 3976 13528 12890 638 3060 916 217 163 104
internal_count=17721 17504 3976 13528 12890 638 3060 916 217 163 104
is_linear=0
shrinkage=0.03


Tree=3
num_leaves=12
num_cat=0
split_feature=36 38 33 8 35 11 20 34 38 26 11
split_gain=82.3293 60.2171 48.2832 39.8693 39.1391 24.2825 23.8645 18.547 7.07403 4.01143 1.96
threshold=0.014050519093871118 0.57823783159255993 0.34483075141906744 1.0953571200370791 1.5273656249046328 0.21428572386503222 0.94249999523162853 0.0036576900165528063 0.1878066956996918 0.03760181367397309 0.35714286565780645
decision_type=2 2 2 2 2 2 2 2 2 2 2
left_child=1 2 5 7 -4 -1 -5 -3 9 -2 -11
right_child=8 3 4 6 -6 -7 -8 -9 -10 10 -12
leaf_value=-0.00068009529020206998 -0.0062334172117893671 0.0028764583727091619 -0.00018854960506444797 0.0021302166838816647 -0.010032768056633574 0.0024078419498180315 0.013558008166366894 0.00011424001886557554 -0.0080401762434383385 -0.0028925234225326683 -0.0067527637516939546
leaf_weight=129 56 198 14037 324 509 621 478 1208 61 50 50
leaf_count=129 56 198 14037 324 509 621 478 1208 61 50 50
internal_value=-2.20078e-05 0.000205667 -0.000462866 0.00483696 -0.000845593 0.00696 0.0101746 0.00179232 -0.0183871 -0.015 -0.0114
internal_weight=17721 17504 15296 2208 14546 750 802 1406 217 156 100
internal_count=17721 17504 15296 2208 14546 750 802 1406 217 156 100
is_linear=0
shrinkage=0.03


Tree=4
num_leaves=12
num_cat=0
split_feature=36 34 7 31 33 37 35 17 38 26 11
split_gain=82.39 59.0116 74.6519 47.7844 46.8196 42.8987 34.4293 29.0378 7.07403 4.01143 1.96
threshold=0.014050519093871118 0.006203702650964261 0.98428571224212658 0.88245674967765819 1.5071119666099551 1.835976302623749 0.43603140115737921 22.505000114440922 0.1878066956996918 0.03760181367397309 0.35714286565780645
decision_type=2 2 2 2 2 2 2 2 2 2 2
left_child=1 2 6 4 -3 -5 -1 -4 9 -2 -11
right_child=8 3 7 5 -6 -7 -8 -9 -10 10 -12
leaf_value=0.00077000440243939997 -0.0060464146954356864 -0.00019015869039885625 0.0023309863749795888 -0.00033468923783886112 0.0093153760466628995 -0.012805568967396644 -0.0010199733853305396 0.009469952692724222 -0.0077989709561351889 -0.0028057477198566881 -0.0065501808391431361
leaf_weight=2035 56 12680 287 304 210 334 1025 629 61 50 50
leaf_count=2035 56 12680 287 304 210 334 1025 629 61 50 50
internal_value=-1.52362e-05 0.000212523 0.00342555 -0.000731815 -0.000335144 -0.00874608 0.00117647 0.0109389 -0.0183871 -0.015 -0.0114
internal_weight=17721 17504 3976 13528 12890 638 3060 916 217 156 100
internal_count=17721 17504 3976 13528 12890 638 3060 916 217 156 100
is_linear=0
shrinkage=0.03


Tree=5
num_leaves=15
num_cat=0
split_feature=20 7 36 35 35 34 33 8 26 35 30 37 15 14
split_gain=73.8099 90.0994 74.8402 51.315 47.436 49.7862 46.6395 35.2842 30.2013 29.3596 22.1853 18.2911 9.82726 11.9973
threshold=0.83750000596046459 0.93214285373687755 0.01181360660120845 1.6935814023017886 0.42890904843807226 0.013123217038810255 1.5273656249046328 0.33107143640518194 0.058685725554823882 1.0132819116115572 0.024649415165185932 3.5449351072311406 66.500000000000014 -0.56174489110708226
decision_type=2 2 2 2 2 2 2 2 2 2 2 2 2 2
left_child=2 4 8 6 5 -2 -3 -6 9 -1 -10 -5 13 -4
right_child=1 3 12 11 7 -7 -8 -9 10 -11 -12 -13 -14 -15
leaf_value=-0.00088991488210333558 0.00080823627499898056 0.0032938915632473036 -0.0046122376506486538 0.0017814346099837119 -0.005170537688503396 -0.001160961449910541 -0.013841907250431079 -0.00066301403552612617 0.0060183664872738244 -0.0063027106456650696 0.00048768062159100219 -0.018377267376090734 -0.0020190757520144121 -0.0092387940152746963
leaf_weight=2351 3535 3918 163 66 121 1044 147 4979 120 362 477 134 50 254
leaf_count=2351 3535 3918 163 66 121 1044 147 4979 120 362 477 134 50 254
internal_value=-5.07872e-06 0.00100258 -0.00372518 0.0046354 -0.000598202 0.00161826 0.00536531 -0.00258824 -0.00213897 -0.00348323 0.00396985 -0.0102 -0.0149679 -0.0164748
internal_weight=17721 13944 3777 4265 9679 4579 4065 5100 3310 2713 597 200 467 417
internal_count=17721 13944 3777 4265 9679 4579 4065 5100 3310 2713 597 200 467 417
is_linear=0
shrinkage=0.03


Tree=6
num_leaves=15
num_cat=0
split_feature=20 7 36 30 33 35 34 8 37 26 35 30 15 14
split_gain=71.7575 83.5564 73.5582 50.5158 57.5813 46.3806 45.889 35.492 29.5338 29.0397 27.2771 20.6745 9.62736 11.46
threshold=0.83750000596046459 0.93214285373687755 0.01181360660120845 0.11780798807740213 1.5273656249046328 0.42890904843807226 0.013123217038810255 0.33107143640518194 3.1448624134063725 0.058685725554823882 1.0132819116115572 0.024649415165185932 66.500000000000014 -0.56174489110708226
decision_type=2 2 2 2 2 2 2 2 2 2 2 2 2 2
left_child=2 5 9 4 -3 6 -2 -7 -5 10 -1 -11 13 -4
right_child=1 3 12 8 -6 7 -8 -9 -10 11 -12 -13 -14 -15
leaf_value=-0.00086321743564023547 0.00078398918674901113 0.0048504756605770001 -0.0044738705211291941 0.0012852623137868846 -0.013426650032918147 -0.0050154215578482944 -0.0011261326064132249 -0.00064312361446034231 -0.0077168322219956526 0.0058378154926556104 -0.0061136293262951174 0.00047305020294327214 -0.0019585034794539794 -0.0089616301948164546
leaf_weight=2351 3535 2234 163 1540 147 121 1044 4979 344 120 362 477 50 254
leaf_count=2351 3535 2234 163 1540 147 121 1044 4979 344 120 362 477 50 254
internal_value=-2.53936e-05 0.000968158 -0.00369341 0.00446659 0.00737085 -0.000573406 0.00161826 -0.00254118 0.000796178 -0.00212085 -0.003439 0.00386935 -0.0148394 -0.0163309
internal_weight=17721 13944 3777 4265 2381 9679 4579 5100 1884 3310 2713 597 467 417
internal_count=17721 13944 3777 4265 2381 9679 4579 5100 1884 3310 2713 597 467 417
is_linear=0
shrinkage=0.03


Tree=7
num_leaves=15
num_cat=0
split_feature=20 31 36 33 9 33 2 11 26 35 30 15 14 17
split_gain=69.8548 82.7699 67.9351 54.156 54.5866 41.0365 45.6367 34.2225 27.9009 26.4192 19.2171 8.84831 9.43366 7.73281
threshold=0.83750000596046459 0.73488351702690136 0.01181360660120845 1.5273656249046328 1.293035686016083 0.34483075141906744 0.80500000715255748 0.21428572386503222 0.058685725554823882 1.0132819116115572 0.024649415165185932 66.500000000000014 -0.56174489110708226 22.739999771118168
decision_type=2 2 2 2 2 2 2 2 2 2 2 2 2 2
left_child=2 5 8 4 -3 7 -7 -2 9 -1 -10 12 -4 -5
right_child=1 3 11 13 -6 6 -8 -9 10 -11 -12 -13 -14 -15
leaf_value=-0.00083732091257102841 -0.0011484988979677466 0.001480348588700571 -0.0043396544054953188 -0.028385846824998534 0.011860382336734787 -0.00052376274022612171 0.0010796192802314862 0.0022990676918208074 0.0056626810278759413 -0.0059302204465062633 0.00045885869685497398 -0.0018997483750703601 -0.0086927812889719611 -0.0059202064968548107
leaf_weight=2351 129 1158 163 50 657 7246 3987 620 120 362 477 50 254 97
leaf_count=2351 129 1158 163 50 657 7246 3987 620 120 362 477 50 254 97
internal_value=5.07872e-06 0.00098537 -0.00361398 0.00669725 0.0081157 5.00751e-05 -0.000403276 0.00684913 -0.00210272 -0.00339477 0.00376884 -0.0143255 -0.0157554 -0.0108163
internal_weight=17721 13944 3777 1962 1815 11982 11233 749 3310 2713 597 467 417 147
internal_count=17721 13944 3777 1962 1815 11982 11233 749 3310 2713 597 467 417 147
is_linear=0
shrinkage=0.03


Tree=8
num_leaves=16
num_cat=0
split_feature=20 2 36 33 11 35 33 11 35 20 0 36 13 38 11
split_gain=64.783 76.4168 63.1169 45.0181 44.5046 65.9504 34.1766 28.8948 26.3577 31.9793 22.738 14.6215 9.37866 9.5667 0.78929
threshold=0.83750000596046459 0.80500000715255748 0.01181360660120845 0.34483075141906744 0.78571429848670971 1.5273656249046328 0.56767863035202037 0.21428572386503222 0.41963517665863043 0.59450000524520885 2.5000000000000004 0.0066998905967921027 -0.60785761475563038 0.31887537240982061 0.35714286565780645
decision_type=2 2 2 2 2 2 2 2 2 2 2 2 2 2 2
left_child=2 3 8 7 5 -3 -6 -2 11 -10 -5 -1 14 -14 -4
right_child=1 4 12 10 6 -7 -8 -9 9 -11 -12 -13 13 -15 -16
leaf_value=0.00039274919397616121 -0.0013780903653417731 0.0020295062338240347 -0.010498250989054875 -0.00087650262865394599 -0.0020926509305510387 -0.0074361246701031662 0.011690739160225627 0.0021487117805515511 0.01182303465388204 -0.0017752645961246344 -7.8439936358875716e-05 0.0043788733584462797 -0.005370612636765049 -8.4063678093807407e-05 -0.010213238926581372
leaf_weight=741 111 4324 64 2530 57 628 280 558 113 2320 5456 136 295 56 52
leaf_count=741 111 4324 64 2530 57 628 280 558 113 2320 5456 136 295 56 52
internal_value=-1.69291e-06 0.000942341 -0.00348689 -0.000793761 0.00378332 0.00306543 0.0143323 0.00668161 -0.00203021 -0.00363748 -0.00141998 0.00242873 -0.0138116 -0.0113675 -0.0212069
internal_weight=17721 13944 3777 8655 5289 4952 337 669 3310 2433 7986 877 467 351 116
internal_count=17721 13944 3777 8655 5289 4952 337 669 3310 2433 7986 877 467 351 116
is_linear=0
shrinkage=0.03


Tree=9
num_leaves=16
num_cat=0
split_feature=20 7 36 34 35 35 34 26 13 35 20 36 13 4 11
split_gain=60.2194 74.3088 60.377 46.8014 65.576 43.794 43.0703 34.799 30.3129 24.8789 27.1133 14.6215 10.3818 10.3419 0.78929
threshold=0.83750000596046459 0.93214285373687755 0.01181360660120845 0.0063175817485898742 1.5273656249046328 0.42890904843807226 0.013123217038810255 0.034657223150134094 1.0000000180025095e-35 0.41963517665863043 0.59450000524520885 0.0066998905967921027 -0.60785761475563038 1.6750000119209292 0.35714286565780645
decision_type=2 2 2 2 2 2 2 2 2 2 2 2 2 2 2
left_child=2 5 9 7 -5 6 -2 -3 -7 11 -11 -1 14 -14 -4
right_child=1 3 12 4 -6 8 -8 -9 -10 10 -12 -13 13 -15 -16
leaf_value=0.00038096671815687636 0.00074070225235273852 -0.0030333740171694843 -0.010183303459383229 0.0021921112025855695 -0.0076124410707829483 -0.00013304506489348399 -0.0011035445542060846 0.0090267677164983188 -0.001401177903240825 0.01146834361426558 -0.0017220066582408955 0.0042475071576928919 -0.005226458810145951 -0.0045127206433613967 -0.0099068417587839311
leaf_weight=741 3535 116 64 2870 557 3054 1044 722 2046 113 2320 136 224 127 52
leaf_count=741 3535 116 64 2870 557 3054 1044 722 2046 113 2320 136 224 127 52
internal_value=3.21652e-05 0.000942341 -0.00332804 0.0042415 0.00268748 -0.000511416 0.00161826 0.0105967 -0.00242353 -0.00190332 -0.00346486 0.00242873 -0.0134261 -0.0108547 -0.0212069
internal_weight=17721 13944 3777 4265 3427 9679 4579 838 5100 3310 2433 877 467 351 116
internal_count=17721 13944 3777 4265 3427 9679 4579 838 5100 3310 2433 877 467 351 116
is_linear=0
shrinkage=0.03


Tree=10
num_leaves=14
num_cat=0
split_feature=38 36 31 36 8 35 20 35 11 36 10 15 37
split_gain=60.4708 54.9444 41.1419 40.1969 37.8605 31.9774 21.977 16.842 15.6629 15.0914 11.7857 5.75016 2.90909
threshold=0.57823783159255993 0.014050519093871118 0.42513063549995428 0.012477901764214041 1.0953571200370791 0.34140628576278692 0.83149999380111705 0.28965483605861669 0.6428571641445161 0.0064097696449607619 2.4144439697265629 57.500000000000007 0.61188343167305004
decision_type=2 2 2 2 2 2 2 2 2 2 2 2 2
left_child=1 2 5 -4 7 -1 9 -2 -9 -6 -8 -3 -13
right_child=4 11 3 -5 6 -7 10 8 -10 -11 -12 12 -14
leaf_value=0.0023040832569349873 0.004002642578241798 -0.0012731377770075507 -0.00061300843242297499 0.0015032094819188422 0.0033593045846225305 0.00045142079739983915 0.010747486756569941 -0.00032903856062871964 0.0020089053946978669 -0.004361917796810384 -0.0012211011055774218 -0.0052611991130676224 -0.0073886667170656815
leaf_weight=455 52 52 11604 1047 112 2190 533 786 568 99 58 75 90
leaf_count=455 52 52 11604 1047 112 2190 533 786 568 99 58 75 90
internal_value=2.87794e-05 -0.000632373 -0.000419718 -0.00113114 0.00467391 0.00298299 0.00987531 0.00170697 0.00106352 0.00156398 0.0128426 -0.0156221 -0.0183636
internal_weight=17721 15513 15296 12651 2208 2645 802 1406 1354 211 591 217 165
internal_count=17721 15513 15296 12651 2208 2645 802 1406 1354 211 591 217 165
is_linear=0
shrinkage=0.03


Tree=11
num_leaves=15
num_cat=0
split_feature=20 31 36 33 9 33 2 11 30 26 26 15 14 17
split_gain=56.9332 73.8705 56.7731 49.2877 51.8331 35.7775 38.9727 31.9224 24.6987 17.3113 13.4306 8.72292 10.0373 6.50777
threshold=0.83750000596046459 0.73488351702690136 0.01181360660120845 1.5273656249046328 1.293035686016083 0.34483075141906744 0.80500000715255748 0.21428572386503222 0.058563711121678359 0.051552008837461478 0.061605913564562804 66.500000000000014 -0.56174489110708226 22.739999771118168
decision_type=2 2 2 2 2 2 2 2 2 2 2 2 2 2
left_child=2 5 8 4 -3 7 -7 -2 10 -10 -1 12 -4 -5
right_child=1 3 11 13 -6 6 -8 -9 9 -11 -12 -13 -14 -15
leaf_value=0.00029358927227164135 -0.0011848996838200077 0.0014195276183418572 -0.0038945745219539766 -0.027064424195049307 0.011312148025542059 -0.00049580851879595306 0.00096563871404422045 0.0021043341474225289 -0.0018397040671325798 1.8579710358423e-05 0.0048016345762193959 -0.0013350957929589196 -0.0078634619482972241 -0.0052727530767498944
leaf_weight=913 129 1158 163 50 657 7246 3987 620 1501 769 127 50 254 97
leaf_count=913 129 1158 163 50 657 7246 3987 620 1501 769 127 50 254 97
internal_value=1.8622e-05 0.000903614 -0.00324861 0.00629969 0.00765289 2.003e-05 -0.000403276 0.00636849 -0.00186707 -0.00362115 0.00196154 -0.0130407 -0.0144604 -0.0104082
internal_weight=17721 13944 3777 1962 1815 11982 11233 749 3310 2270 1040 467 417 147
internal_count=17721 13944 3777 1962 1815 11982 11233 749 3310 2270 1040 467 417 147
is_linear=0
shrinkage=0.03


Tree=12
num_leaves=15
num_cat=0
split_feature=38 20 2 35 36 35 8 35 17 30 13 10 13 1
split_gain=55.4329 50.2972 53.5502 78.2347 50.1698 36.4544 22.1355 21.2265 15.6041 11.0983 9.69022 9.4318 8.19193 7.35608
threshold=0.75680395960807811 0.83849999308586132 0.99000000953674328 1.5273656249046328 0.01181360660120845 0.42890904843807226 0.69214284420013439 1.0132819116115572 22.664999961853031 0.011092372238636019 -0.60785761475563038 0.52761635184288036 -0.60785761475563038 0.3900000005960465
decision_type=2 2 2 2 2 2 2 2 2 2 2 2 2 2
left_child=1 4 5 -4 7 -3 9 -1 12 -2 -6 -10 -8 -11
right_child=6 2 3 -5 10 -7 8 -9 11 13 -12 -13 -14 -15
leaf_value=-0.00047077396257251547 -0.0027387498813538141 0.00033582223478163743 0.0024089462498102726 -0.0080011297804207272 -0.0094389446104895178 -0.00074243642606255001 -0.0032261169696911865 -0.0049721796029582157 0.004115171791623809 -0.00021754680410016706 -0.0044854923314048018 0.03175178081888165 0.0049132808028208947 0.0021130536712491944
leaf_weight=2689 93 4346 3684 553 116 4868 64 424 99 52 351 149 161 72
leaf_count=2689 93 4346 3684 553 116 4868 64 424 99 52 351 149 161 72
internal_value=1.18503e-05 -0.000325876 0.000515203 0.00330658 -0.00348603 -0.000768396 0.00834783 -0.0021105 0.0119873 0.000414747 -0.0126552 0.0171774 0.00626667 0.00629032
internal_weight=17721 17031 13451 4237 3580 9214 690 3113 473 217 467 248 225 124
internal_count=17721 17031 13451 4237 3580 9214 690 3113 473 217 467 248 225 124
is_linear=0
shrinkage=0.03


Tree=13
num_leaves=15
num_cat=0
split_feature=38 20 36 2 35 33 8 35 11 35 11 20 13 13
split_gain=55.1114 46.3989 44.356 41.1788 56.4814 38.3919 35.614 22.5843 19.8369 14.8428 14.6671 12.7931 10.2075 6.94649
threshold=0.57823783159255993 0.85050001740455639 0.01181360660120845 0.84499999880790722 1.5273656249046328 0.37646961212158209 1.0953571200370791 1.0132819116115572 0.21428572386503222 0.28965483605861669 0.6428571641445161 0.91249999403953563 -0.60785761475563038 1.0000000180025095e-35
decision_type=2 2 2 2 2 2 2 2 2 2 2 2 2 2
left_child=1 2 7 5 -5 -3 9 -1 13 -2 -11 -10 -4 -8
right_child=6 3 12 4 -6 -7 8 -9 11 10 -12 -13 -14 -15
leaf_value=-0.00055147717005237093 0.0038548542355948848 0.00096021706540189958 -0.0091304243115846485 0.0016755435443874091 -0.0083134847001978592 -0.00052779051906526027 0.0057107605857376819 -0.0051461185135318636 0.0028988701822580077 -0.00031317921449601629 0.0017848794876341302 0.012702316970105945 -0.0043435285614106742 -0.0064241158564480602
leaf_weight=2621 52 947 107 3942 461 6693 55 390 246 786 568 449 352 52
leaf_count=2621 52 947 107 3942 461 6693 55 390 246 786 568 449 352 52
internal_value=2.20078e-05 -0.000609167 -0.00366571 0.000271527 0.00258233 -0.00106021 0.00445652 -0.00234141 0.00950125 0.00157895 0.000974889 0.0113525 -0.0123529 -0.00252336
internal_weight=17721 15513 3470 12043 4403 7640 2208 3011 802 1406 1354 695 459 107
internal_count=17721 15513 3470 12043 4403 7640 2208 3011 802 1406 1354 695 459 107
is_linear=0
shrinkage=0.03


Tree=14
num_leaves=16
num_cat=0
split_feature=20 7 36 34 35 35 10 8 35 20 17 36 13 15 17
split_gain=49.3362 62.3725 50.5912 44.1469 59.0859 37.4492 40.6953 27.8223 25.1551 26.4649 20.4276 13.9653 9.35339 9.22864 1.0026
threshold=0.83750000596046459 0.93214285373687755 0.01181360660120845 0.0040725355502218017 1.5273656249046328 0.49351923167705541 0.44404853880405432 0.35964286327362066 0.41963517665863043 0.59450000524520885 22.44999980926514 0.0066998905967921027 -0.60785761475563038 62.500000000000007 22.575000762939457
decision_type=2 2 2 2 2 2 2 2 2 2 2 2 2 2 2
left_child=2 5 8 10 -5 6 -2 -7 11 -10 -3 -1 14 -14 -4
right_child=1 3 12 4 -6 7 -8 -9 9 -11 -12 -13 13 -15 -16
leaf_value=0.0003739314471320229 0.00031243689359673543 0.0028566800406949243 -0.0087511542086799576 0.0021624261089948061 -0.0070725631518410029 -0.0052935486244965503 -0.0034077305714768922 -0.00093678471185803093 0.011164543414620899 -0.0015557248558743927 0.013496544274711779 0.0042164968345172592 -0.0047935171776646874 -0.0031233807245919878 -0.0092995164055395714
leaf_weight=741 6438 111 54 3278 557 95 258 2888 113 2320 319 136 211 140 62
leaf_count=741 6438 111 54 3278 557 95 258 2888 113 2320 319 136 211 140 62
internal_value=1.52362e-05 0.000839071 -0.00302621 0.00386166 0.00283963 -0.00049282 0.000752688 -0.00328864 -0.00172205 -0.00329223 0.0129767 0.00263398 -0.0122698 -0.00982906 -0.0196552
internal_weight=17721 13944 3777 4265 3835 9679 6696 2983 3310 2433 430 877 467 351 116
internal_count=17721 13944 3777 4265 3835 9679 6696 2983 3310 2433 430 877 467 351 116
is_linear=0
shrinkage=0.03


Tree=15
num_leaves=13
num_cat=0
split_feature=38 36 0 15 2 32 9 1 17 2 26 15
split_gain=47.8419 45.4662 41.0667 58.5698 26.4587 20.3812 20.7767 14.0084 12.0244 8.04597 6.63594 4.07054
threshold=0.75680395960807811 0.014050519093871118 2.5000000000000004 64.500000000000014 0.40500000119209295 0.022409791126847271 0.89410713315010082 0.3900000005960465 22.739999771118168 0.89499998092651378 0.035432687029242523 60.500000000000007
decision_type=2 2 2 2 2 2 2 2 2 2 2 2
left_child=1 2 4 -4 -1 6 9 -7 -9 -2 -3 -12
right_child=5 10 3 -5 -6 7 -8 8 -10 -11 11 -13
leaf_value=-0.001199046877953803 -0.0014792975286959285 -0.0051293066303477039 0.0008482124794721266 -0.00067691282456334707 -0.00039343468291753715 -0.00016206713624499281 0.0073578608662731937 0.0041010665093662727 0.011391575426647992 0.002816599679524902 -0.00063023512171054793 -0.0049905322948593615
leaf_weight=1512 129 62 7164 4747 3391 59 63 145 206 88 50 105
leaf_count=1512 129 62 7164 4747 3391 59 63 145 206 88 50 105
internal_value=-5.07872e-06 -0.00031883 -0.000142738 0.000808496 -0.0024536 0.00773913 0.0015 0.012 0.0142735 -0.00290323 -0.0139631 -0.0106452
internal_weight=17721 17031 16814 11911 4903 690 280 410 351 217 217 155
internal_count=17721 17031 16814 11911 4903 690 280 410 351 217 217 155
is_linear=0
shrinkage=0.03


Tree=16
num_leaves=16
num_cat=0
split_feature=34 7 20 32 30 3 36 35 26 26 5 38 29 31 13
split_gain=46.7625 50.9194 41.9975 41.2038 58.6961 39.1646 35.6726 29.4472 27.9625 22.3302 19.3533 18.2459 17.4518 13.9024 11.4079
threshold=0.0061440516728907832 0.98428571224212658 0.83149999380111705 0.022409791126847271 0.072953157126903548 2.5499999523162846 0.01181360660120845 0.43603140115737921 0.034657223150134094 0.051552008837461478 0.17500000447034839 0.31388977169990545 0.80555438995361339 0.88245674967765819 -0.60785761475563038
decision_type=2 2 2 2 2 2 2 2 2 2 2 2 2 2 2
left_child=1 7 6 5 -5 -4 9 10 13 -2 -1 -10 -9 -3 -8
right_child=2 8 3 4 -6 -7 14 12 11 -11 -12 -13 -14 -15 -16
leaf_value=0.0041411927555226819 -0.0017705443018069607 0.0046188116292334878 -0.0010569876234358484 0.0018488919083747798 -0.0001399327377069922 -0.0098826145355205876 -0.0085481271682343214 -0.0012340825986717849 -0.0010508814772808631 0.00071842979556996291 0.0005283635500257784 0.0091508278719363394 0.0029862339805011044 -0.003829878988229013 -0.0040431111355351121
leaf_weight=166 1824 67 1413 2244 6934 142 116 917 85 841 1763 687 108 63 351
leaf_count=166 1824 67 1413 2244 6934 142 116 917 85 841 1763 687 108 63 351
internal_value=1.8622e-05 0.00294087 -0.000794086 9.78291e-05 0.000862933 -0.00441801 -0.00385057 0.00103588 0.0091796 -0.00251032 0.00321928 0.0113472 -0.00307317 -0.00369231 -0.0114989
internal_weight=17721 3856 13865 10733 9178 1555 3132 2954 902 2665 1929 772 1025 130 467
internal_count=17721 3856 13865 10733 9178 1555 3132 2954 902 2665 1929 772 1025 130 467
is_linear=0
shrinkage=0.03


Tree=17
num_leaves=16
num_cat=0
split_feature=34 7 20 32 30 3 36 35 26 26 5 38 29 31 13
split_gain=44.4741 48.7025 39.1932 37.7584 55.9183 37.9762 35.7251 28.3279 25.164 20.8634 18.1887 17.4964 14.7338 12.5861 11.7701
threshold=0.0061440516728907832 0.98428571224212658 0.83149999380111705 0.022409791126847271 0.072953157126903548 2.5499999523162846 0.01181360660120845 0.43603140115737921 0.034657223150134094 0.051552008837461478 0.17500000447034839 0.28243874013423925 0.41434216499328619 0.88245674967765819 -0.60785761475563038
decision_type=2 2 2 2 2 2 2 2 2 2 2 2 2 2 2
left_child=1 7 6 5 -5 -4 9 10 13 -2 -1 -10 -9 -3 -8
right_child=2 8 3 4 -6 -7 14 12 11 -11 -12 -13 -14 -15 -16
leaf_value=0.004016956972857001 -0.0017174279727527519 0.0044802472803564843 -0.0010252779947327732 0.0017934251511235364 -0.00013573475557578243 -0.0095861360994549689 -0.008291683353187293 -0.0025322302079052437 -0.0038411887527928222 0.0006968769017028641 0.000512512643525005 0.0083475803405149238 -0.00034180681583781273 -0.0037149826185821425 -0.0039218178014690588
leaf_weight=166 1824 67 1413 2244 6934 142 116 171 52 841 1763 720 854 63 351
leaf_count=166 1824 67 1413 2244 6934 142 116 171 52 841 1763 720 854 63 351
internal_value=2.87794e-05 0.00287863 -0.000763794 9.78291e-05 0.000830246 -0.00422508 -0.00371648 0.00101557 0.00898004 -0.00237523 0.00315708 0.0110363 -0.00301463 -0.00323077 -0.0113704
internal_weight=17721 3856 13865 10733 9178 1555 3132 2954 902 2665 1929 772 1025 130 467
internal_count=17721 3856 13865 10733 9178 1555 3132 2954 902 2665 1929 772 1025 130 467
is_linear=0
shrinkage=0.03


Tree=18
num_leaves=15
num_cat=0
split_feature=38 20 2 35 33 36 8 35 11 35 16 38 13 35
split_gain=43.2487 38.1789 36.6769 51.9141 35.136 35.0819 28.5102 20.8598 18.8288 13.1209 14.1152 12.5738 12.1718 6.11115
threshold=0.57823783159255993 0.85050001740455639 0.84499999880790722 1.5273656249046328 0.37646961212158209 0.01181360660120845 1.0953571200370791 1.0132819116115572 0.35714286565780645 0.28965483605861669 1.1297500133514407 0.84538099169731151 -0.60785761475563038 0.97562995553016674
decision_type=2 2 2 2 2 2 2 2 2 2 2 2 2 2
left_child=1 5 4 -4 -3 7 9 -1 13 -2 -11 -10 -7 -8
right_child=6 2 3 -5 -6 12 8 -9 11 10 -12 -13 -14 -15
leaf_value=-0.00049428322490903225 0.0037346136133909582 0.00086876865553673981 0.0015275591184933655 -0.0078503288015209019 -0.00054483510760332287 -0.0079856073626039994 0.0045630023987509446 -0.0049587467412665655 0.0045632596185066817 0.002987773127602341 -3.8099007559310222e-05 0.029876811874129432 -0.0038009799608757543 -0.0064236846400629148
leaf_weight=2621 52 947 3942 461 6693 107 109 390 462 123 1231 141 352 90
leaf_count=2621 52 947 3942 461 6693 107 109 390 462 123 1231 141 352 90
internal_value=1.18503e-05 -0.000547283 0.000251598 0.00243243 -0.00100524 -0.00331988 0.00394022 -0.00214215 0.00845387 0.00136558 0.000797637 0.0110945 -0.0110458 0.000452261
internal_weight=17721 15513 12043 4403 7640 3470 2208 3011 802 1406 1354 603 459 199
internal_count=17721 15513 12043 4403 7640 3470 2208 3011 802 1406 1354 603 459 199
is_linear=0
shrinkage=0.03


Tree=19
num_leaves=16
num_cat=0
split_feature=34 7 20 32 30 3 36 35 17 3 26 5 29 8 13
split_gain=41.6675 46.9781 35.1421 38.6748 51.9623 35.0903 30.1542 24.7227 24.6621 21.2956 20.8078 16.6082 13.8891 13.6442 10.414
threshold=0.006203702650964261 0.98428571224212658 0.81636843085289013 0.022409791126847271 0.072953157126903548 2.5499999523162846 0.012025096453726293 0.43603140115737921 22.505000114440922 1.1749999523162844 0.058685725554823882 0.17500000447034839 0.41434216499328619 1.0728571414947512 -0.60785761475563038
decision_type=2 2 2 2 2 2 2 2 2 2 2 2 2 2 2
left_child=1 7 6 5 -5 -4 10 11 13 -10 -2 -1 -9 -3 -8
right_child=2 8 3 4 -6 -7 14 12 9 -11 -12 -13 -14 -15 -16
leaf_value=0.0034987878747517768 -0.001446546690629666 0.0045472139477351304 -0.0011563078036195171 0.001723757685345366 -0.00016037602902536552 -0.0092371293620344876 -0.0078289070347190397 -0.0024399182484399866 0.0024880846298003679 0.01251544632827757 0.0019588611779240601 0.00046066315126338099 -0.00033392974519002525 -0.00088929087363138148 -0.003690133868598715
leaf_weight=207 2119 50 1303 2251 7051 143 115 171 227 402 412 1828 854 237 351
leaf_count=207 2119 50 1303 2251 7051 143 115 171 227 402 412 1828 854 237 351
internal_value=-1.8622e-05 0.00268612 -0.000801019 0 0.000709525 -0.00456432 -0.00367367 0.000901961 0.00864629 0.0119714 -0.00238246 0.00281572 -0.00289756 0.00135889 -0.0106867
internal_weight=17721 3976 13745 10748 9302 1446 2997 3060 916 629 2531 2035 1025 287 466
internal_count=17721 3976 13745 10748 9302 1446 2997 3060 916 629 2531 2035 1025 287 466
is_linear=0
shrinkage=0.03


Tree=20
num_leaves=12
num_cat=0
split_feature=38 0 15 30 14 2 25 5 37 34 8
split_gain=40.8097 36.4076 59.0308 37.8956 32.7517 25.1197 22.9715 19.8962 12.8279 8.98818 10.0812
threshold=0.75680395960807811 2.5000000000000004 64.500000000000014 0.072953157126903548 0.81174489855766307 0.40500000119209295 0.63555103540420543 4.1499998569488534 0.40910699963569647 0.0022342005977407102 0.67892855405807506
decision_type=2 2 2 2 2 2 2 2 2 2 2
left_child=1 5 4 -4 -3 8 -7 9 -1 -2 -11
right_child=7 2 3 -5 -6 6 -8 -9 -10 10 -12
leaf_value=-0.0005795344832055469 0.003723878282973556 0.00045781198896114965 0.00040168068638389597 -0.001616004884671539 0.0025498675326498933 -0.00084493506797529976 0.0011048260621511483 0.042993734883333717 -0.0022150149458355674 -0.00034881683750260796 0.003818195241966753
leaf_weight=844 84 6164 2028 2784 1073 2684 742 88 712 169 349
leaf_count=844 84 6164 2028 2784 1073 2684 742 88 712 169 349
internal_value=-2.20078e-05 -0.000311784 0.000580131 -0.00199501 0.00229239 -0.00246889 -0.00103327 0.00713043 -0.00562982 0.00518272 0.00370656
internal_weight=17721 17031 12049 4812 7237 4982 3426 690 1556 602 518
internal_count=17721 17031 12049 4812 7237 4982 3426 690 1556 602 518
is_linear=0
shrinkage=0.03


Tree=21
num_leaves=15
num_cat=0
split_feature=19 38 0 15 15 10 25 5 8 34 30 5 30 27
split_gain=42.7045 42.4148 37.9535 48.0938 29.1544 24.0455 22.9421 17.1821 7.53844 7.03906 9.64386 6.42222 5.50699 3.13429
threshold=1.7800000309944155 0.75680395960807811 2.5000000000000004 64.500000000000014 60.500000000000007 0.3005946427583695 0.62458553910255443 4.1499998569488534 0.69214284420013439 0.018220664933323864 0.11780798807740213 0.48999999463558203 0.096192639321088805 0.56038483977317821
decision_type=2 2 2 2 2 2 2 2 2 2 2 2 2 2
left_child=1 2 6 -4 9 11 -1 8 -3 13 -11 -6 -7 -2
right_child=4 7 3 -5 5 12 -8 -9 -10 10 -12 -13 -14 -15
leaf_value=-0.00098061442525634976 -0.0016448076473971182 0.00029401763098788996 0.0008055211494286034 -0.00053640218572293611 0.00082251086472445441 -0.0069441086830993462 0.00030730396864776284 0.039771465672884629 0.0044458656729382427 0.0054628587261488218 -0.0010917013288960183 -0.0034189871908595188 -0.0082455343824455306 -0.00025656390652871415
leaf_weight=3507 51 202 6975 4631 64 125 1305 86 372 50 51 80 108 114
leaf_count=3507 51 202 6975 4631 64 125 1305 86 372 50 51 80 108 114
internal_value=-1.52362e-05 0.000270523 -2.92362e-05 0.000899535 -0.00760498 -0.0129708 -0.00226933 0.00772727 0.00585366 0 0.00623762 -0.00333333 -0.018927 -0.00381818
internal_weight=17721 17078 16418 11606 643 377 4812 660 574 266 101 144 233 165
internal_count=17721 17078 16418 11606 643 377 4812 660 574 266 101 144 233 165
is_linear=0
shrinkage=0.03


Tree=22
num_leaves=16
num_cat=0
split_feature=38 20 27 31 35 36 8 35 17 20 16 20 16 13 25
split_gain=39.8047 33.1729 36.5647 45.1775 36.0386 32.2762 24.6415 19.9151 17.4447 15.9934 12.4066 15.2344 13.4111 10.5828 4.96997
threshold=0.57823783159255993 0.85050001740455639 0.56038483977317821 0.40399101376533514 1.5273656249046328 0.01181360660120845 1.10357141494751 1.0132819116115572 22.44999980926514 0.98849999904632579 1.1297500133514407 0.88250002264976513 1.1434500217437746 -0.60785761475563038 0.6195775866508485
decision_type=2 2 2 2 2 2 2 2 2 2 2 2 2 2 2
left_child=1 5 3 -3 -4 7 10 -1 14 -10 11 -2 -12 -7 -8
right_child=6 2 4 -5 -6 13 8 -9 9 -11 12 -13 -14 -15 -16
leaf_value=-0.00042406920228694046 -0.00010887732001610459 0.00043257067286361185 0.00059084417294962954 -0.0013528679335003549 -0.0074924398557892772 -0.0074465997185724749 0.0052972434427874613 -0.0047069185898552853 0.0023342708114686157 0.014439258741649691 -0.0011830280694571057 0.004172239541434722 0.00082908407271856327 -0.0035460815830206365 -0.00049149795218958437
leaf_weight=2621 59 1336 8022 2219 466 107 111 390 200 326 367 64 917 352 164
leaf_count=2621 59 1336 8022 2219 466 107 111 390 200 326 367 64 917 352 164
internal_value=8.46453e-06 -0.000527944 0.000216723 -0.00233755 0.00128652 -0.00311239 0.00377717 -0.00198273 0.00797753 0.0111787 0.00138593 0.0104878 0.000514019 -0.0105229 0.00185455
internal_weight=17721 15513 12043 3555 8488 3470 2208 3011 801 526 1407 123 1284 459 275
internal_count=17721 15513 12043 3555 8488 3470 2208 3011 801 526 1407 123 1284 459 275
is_linear=0
shrinkage=0.03


Tree=23
num_leaves=16
num_cat=0
split_feature=34 7 20 32 30 5 36 26 35 26 5 17 31 29 13
split_gain=37.4805 45.5565 31.8243 35.7774 45.0456 36.1488 27.7957 24.8176 22.9724 22.2122 17.2218 16.1166 13.9024 13.5781 9.64744
threshold=0.006203702650964261 0.98428571224212658 0.83750000596046459 0.022409791126847271 0.072953157126903548 0.29000000655651098 0.01181360660120845 0.034657223150134094 0.43603140115737921 0.051552008837461478 0.17500000447034839 22.505000114440922 0.88245674967765819 0.80555438995361339 -0.60785761475563038
decision_type=2 2 2 2 2 2 2 2 2 2 2 2 2 2 2
left_child=1 8 6 5 -5 -4 9 12 10 -2 -1 -9 -3 -10 -8
right_child=2 7 3 4 -6 -7 14 11 13 -11 -12 -13 -14 -15 -16
leaf_value=0.003410587959558003 -0.0014791063930666758 0.0040009649371468741 -0.0061594402566822705 0.0016175705853432474 -0.00011568152707538192 -0.0010676504234136657 -0.0074011619555716841 0.002252747005895445 -0.0011408511142851207 0.00081213824264678028 0.00044085548654925453 0.0085249185296722256 -0.0035849831896864436 0.0028139710701768606 -0.0034401829335209428
leaf_weight=207 1930 67 188 2233 6815 1236 116 223 917 876 1828 563 63 108 351
leaf_count=207 1930 67 188 2233 6815 1236 116 223 917 876 1828 563 63 108 351
internal_value=1.52362e-05 0.00258048 -0.00072681 8.02139e-05 0.000775862 -0.00433989 -0.00330889 0.00844978 0.000823529 -0.00218104 0.0026683 0.010458 -0.00369231 -0.00283902 -0.0100857
internal_weight=17721 3976 13745 10472 9048 1424 3273 916 3060 2806 2035 786 130 1025 467
internal_count=17721 3976 13745 10472 9048 1424 3273 916 3060 2806 2035 786 130 1025 467
is_linear=0
shrinkage=0.03


Tree=24
num_leaves=15
num_cat=0
split_feature=19 38 0 15 15 10 2 5 8 35 6 5 30 37
split_gain=37.8663 40.2936 33.5165 45.4024 29.0362 23.7431 21.2205 17.6853 6.87799 6.5721 7.93167 5.68889 5.41738 4.12512
threshold=1.7800000309944155 0.75680395960807811 2.5000000000000004 64.500000000000014 60.500000000000007 0.3005946427583695 0.40500000119209295 4.1499998569488534 0.69214284420013439 0.57084041833877575 1.0000000180025095e-35 0.48999999463558203 0.096192639321088805 0.51444745063781749
decision_type=2 2 2 2 2 2 2 2 2 2 2 2 2 2
left_child=1 2 6 -4 9 11 -1 8 -3 13 -11 -6 -7 -2
right_child=4 7 3 -5 5 12 -8 -9 -10 10 -12 -13 -14 -15
leaf_value=-0.0011159642518727903 1.7039562238360118e-05 0.00028068815809176772 0.00078562000521980441 -0.00052616016129510912 0.00077165900570558992 -0.006750040301982594 -0.00028712953121160938 0.038525484231086912 0.0041804817674432329 -0.0004166200604878969 0.0053241435887394261 -0.0033306724545099612 -0.0078809172639671531 -0.0035730147829717211
leaf_weight=1500 63 202 6975 4631 64 125 3312 86 372 97 50 80 108 56
leaf_count=1500 63 202 6975 4631 64 125 3312 86 372 97 50 80 108 56
internal_value=8.46453e-06 0.00027755 -1.46181e-05 0.000858177 -0.00713841 -0.0124934 -0.0021197 0.00754545 0.0056446 0.000451128 0.00469388 -0.00291667 -0.018412 -0.00478992
internal_weight=17721 17078 16418 11606 643 377 4812 660 574 266 147 144 233 119
internal_count=17721 17078 16418 11606 643 377 4812 660 574 266 147 144 233 119
is_linear=0
shrinkage=0.03


Tree=25
num_leaves=16
num_cat=0
split_feature=38 33 20 2 8 9 35 9 11 34 20 16 5 16 13
split_gain=36.7816 29.8192 28.4552 42.0769 25.0395 23.4903 22.9901 21.7882 16.5635 11.223 11.0138 10.7656 8.77547 7.65575 5.99084
threshold=0.57823783159255993 0.37646961212158209 0.85050001740455639 0.84499999880790722 1.10357141494751 0.52892857789993297 1.0132819116115572 0.45035713911056524 0.21428572386503222 0.0036576900165528063 0.91950002312660228 1.1297500133514407 0.19000000506639483 1.1423000097274782 1.0000000180025095e-35
decision_type=2 2 2 2 2 2 2 2 2 2 2 2 2 2 2
left_child=1 5 6 -4 9 7 -3 -1 14 12 -10 -11 -2 -7 -6
right_child=4 2 3 -5 8 13 -8 -9 10 11 -12 -13 -14 -15 -16
leaf_value=0.00080623768814906129 0.0062271356021135421 -0.00083389614565676821 -0.00051769718661769798 0.00096699078533752346 0.0050865285341658269 0.00030388512570472391 -0.0051553208548750801 -0.00082042897271336775 0.0026431908668819891 0.0029413332220843123 0.011151608791355374 -0.00013845918391228361 0.0012344218922890422 0.0034925805913157771 -0.0063667887779278037
leaf_weight=777 52 2492 6693 4298 55 57 629 340 250 114 444 1095 146 227 52
leaf_count=777 52 2492 6693 4298 55 57 629 340 250 114 444 1095 146 227 52
internal_value=4.57085e-05 -0.000469928 -0.000884354 -0.0001665 0.00366848 0.0037045 -0.00341237 0.00174575 0.00790262 0.001258 0.00959654 0.000173697 0.00787879 0.0114085 -0.00308411
internal_weight=17721 15513 14112 10991 2208 1401 3121 1117 801 1407 694 1209 198 284 107
internal_count=17721 15513 14112 10991 2208 1401 3121 1117 801 1407 694 1209 198 284 107
is_linear=0
shrinkage=0.03


Tree=26
num_leaves=13
num_cat=0
split_feature=11 33 7 20 20 20 27 37 32 9 34 4
split_gain=35.8242 38.7724 42.7204 38.494 20.685 20.9991 24.0685 19.2798 14.5539 17.2612 8.34363 2.97709
threshold=0.21428572386503222 0.3461094349622727 0.4435714334249497 0.83250001072883617 0.59450000524520885 0.68750000000000011 0.56038483977317821 0.38662980496883398 0.0040454213740304121 0.60482141375541698 0.011756666935980322 0.48999999463558203
decision_type=2 2 2 2 2 2 2 2 2 2 2 2
left_child=4 8 7 -4 11 10 -7 -3 -2 -10 -6 -1
right_child=1 2 3 -5 5 6 -8 -9 9 -11 -12 -13
leaf_value=0.0068198143285513801 0.003935823875048013 -0.00020935953360653881 -0.00089391535484666638 0.00077587659991608111 -0.0025983532201315023 -0.0013171151189092386 -0.0002533588955516441 -0.0019821807098763262 0.0010479969728003861 0.0048076330636191737 -0.0056762954417605349 0.0026250642604491552
leaf_weight=56 92 939 2060 6986 205 1151 4475 891 561 65 190 50
leaf_count=56 92 939 2060 6986 205 1151 4475 891 561 65 190 50
internal_value=3.89369e-05 0.00101949 0.00057374 0.00141941 -0.00181655 -0.00204783 -0.00157839 -0.00360656 0.00777159 0.00613419 -0.00873418 0.0113208
internal_weight=17721 11594 10876 9046 6127 6021 5626 1830 718 626 395 106
internal_count=17721 11594 10876 9046 6127 6021 5626 1830 718 626 395 106
is_linear=0
shrinkage=0.03


Tree=27
num_leaves=15
num_cat=0
split_feature=38 31 15 14 35 8 35 11 0 20 36 4 18 35
split_gain=34.8748 27.2317 25.2939 46.5405 22.5058 21.9941 16.3821 16.012 14.7727 12.4988 12.0352 10.1764 9.55026 6.9069
threshold=0.57823783159255993 0.42513063549995428 64.500000000000014 0.81174489855766307 0.34140628576278692 1.10357141494751 1.6935814023017886 0.35714286565780645 1.5000000000000002 0.91950002312660228 0.00075106014264747511 0.19000000506639483 67.31000137329103 0.97562995553016674
decision_type=2 2 2 2 2 2 2 2 2 2 2 2 2 2
left_child=1 4 3 -3 10 11 -4 13 -6 -9 -1 -2 -13 -7
right_child=5 2 6 -5 8 7 -8 9 -10 -11 -12 12 -14 -15
leaf_value=0.005356532069637372 -0.0026632356287725565 -0.00030871943097296456 -0.0011826185357036627 0.0025864748446475698 -0.0013241740610977666 0.0041716714472496705 -0.023850434118312946 0.0022456942052985884 0.0005145499657267902 0.01120411460970709 0.0013124270362874684 -0.001000228715221742 0.0010983833728541899 -0.0065708576191690383
leaf_weight=91 78 8456 3511 845 274 109 56 205 1916 397 364 242 1087 90
leaf_count=91 78 8456 3511 845 274 109 56 205 1916 397 364 242 1087 90
internal_value=3.21652e-05 -0.000469928 -0.00103979 -0.000216106 0.00230246 0.00355978 -0.00318755 0.00752809 0.0010411 0.00996678 0.00837363 0.00130064 0.00191874 0.000150754
internal_weight=17721 15513 12868 9301 2645 2208 3567 801 2190 602 455 1407 1329 199
internal_count=17721 15513 12868 9301 2645 2208 3567 801 2190 602 455 1407 1329 199
is_linear=0
shrinkage=0.03


Tree=28
num_leaves=16
num_cat=0
split_feature=11 34 3 33 31 36 17 13 36 36 7 19 35 9 35
split_gain=34.4142 33.327 33.9005 24.3484 21.503 21.2514 21.2342 17.3691 20.0119 24.0361 14.8184 13.1342 12.5909 12.4632 11.3025
threshold=0.21428572386503222 0.0061440516728907832 1.1749999523162844 0.34798131883144384 0.32772336900234228 0.014050519093871118 22.505000114440922 1.0000000180025095e-35 0.012477901764214041 0.012025096453726293 0.93214285373687755 1.7300000190734866 0.45560668408870703 0.59714284539222728 0.51640444993972789
decision_type=2 2 2 2 2 2 2 2 2 2 2 2 2 2 2
left_child=7 2 4 13 -2 -5 -4 8 9 -1 12 -12 -9 -3 -10
right_child=1 3 6 5 -6 -7 -8 10 14 -11 11 -13 -14 -15 -16
leaf_value=-0.00020185493396188383 0.0037951377225589698 0.0014625731310685245 0.00029724801563548326 -1.4113629997945281e-05 0.00042913023749749081 -0.0037192890640005958 0.0087967848100898183 -0.0006166652845329692 0.0043710781186179822 -0.0046861892629395411 0.00021023450953709568 -0.0061678811489865011 -0.002144883727080894 0.005351702673333584 0.0012178511317730116
leaf_weight=3073 72 293 138 8362 2128 144 403 741 65 191 839 63 916 54 239
leaf_count=3073 72 293 138 8362 2128 144 403 741 65 191 839 63 916 54 239
internal_value=1.18503e-05 0.000972917 0.00386355 7.79397e-05 0.00220909 -0.000239831 0.0105915 -0.00180676 -0.000454036 -0.00113971 -0.00369285 -0.00059867 -0.00537719 0.00786744 0.00690789
internal_weight=17721 11594 2741 8853 2200 8506 541 6127 3568 3264 2559 902 1657 347 304
internal_count=17721 11594 2741 8853 2200 8506 541 6127 3568 3264 2559 902 1657 347 304
is_linear=0
shrinkage=0.03


Tree=29
num_leaves=15
num_cat=0
split_feature=19 38 0 15 15 10 7 5 7 35 6 5 30 37
split_gain=34.0484 35.5209 28.0378 39.3895 26.2505 20.6914 18.6329 17.014 7.75215 6.5721 7.93167 5.68889 5.24038 4.12512
threshold=1.7800000309944155 0.75680395960807811 2.5000000000000004 64.500000000000014 60.500000000000007 0.3005946427583695 0.9407142996788026 4.1499998569488534 0.46999999880790716 0.57084041833877575 1.0000000180025095e-35 0.48999999463558203 0.096192639321088805 0.51444745063781749
decision_type=2 2 2 2 2 2 2 2 2 2 2 2 2 2
left_child=1 2 6 -4 9 11 -1 8 -3 13 -11 -6 -7 -2
right_child=4 7 3 -5 5 12 -8 -9 -10 10 -12 -13 -14 -15
leaf_value=-0.00077599275267753183 7.2296259752171744e-05 -0.00026847013125939515 0.00075965851446590095 -0.00047677716497335443 0.00073011356142513848 -0.0066113387148686231 0.00024489201938897927 0.036666854263655888 0.0025918466450388193 -0.00035205673317215418 0.005202485877523485 -0.0031814125875562261 -0.0075052092430689006 -0.0034563651859246948
leaf_weight=3143 63 58 6975 4631 64 125 1669 86 516 97 50 80 108 56
leaf_count=3143 63 58 6975 4631 64 125 1669 86 516 97 50 80 108 56
internal_value=1.18503e-05 0.00026701 -7.30905e-06 0.00079097 -0.00676516 -0.0118568 -0.00193267 0.00709091 0.00522648 0.000451128 0.00469388 -0.00291667 -0.017382 -0.00478992
internal_weight=17721 17078 16418 11606 643 377 4812 660 574 266 147 144 233 119
internal_count=17721 17078 16418 11606 643 377 4812 660 574 266 147 144 233 119
is_linear=0
shrinkage=0.03


Tree=30
num_leaves=15
num_cat=0
split_feature=19 38 33 26 7 10 15 11 37 35 8 34 30 34
split_gain=33.1508 34.1631 27.2005 25.294 29.3315 23.7863 22.4389 18.9477 18.5549 10.9185 6.91826 5.76214 8.43594 2.95105
threshold=1.7800000309944155 0.50404340028762828 0.34483075141906744 0.030451830476522449 0.43142856657505041 2.9779762029647832 60.500000000000007 0.21428572386503222 0.49188494682312017 0.82815513014793407 1.6964285969734194 0.018220664933323864 0.11780798807740213 0.006203702650964261
decision_type=2 2 2 2 2 2 2 2 2 2 2 2 2 2
left_child=1 2 7 9 -5 -4 11 -1 -8 -3 -10 13 -13 -2
right_child=6 3 5 4 -6 -7 8 -9 10 -11 -12 12 -14 -15
leaf_value=-0.00095863853850360601 0.00045302988155362521 -0.0019616567871631931 -0.00020902152595441524 -0.00023130318007700155 0.0020184666409573267 -0.015582748459857593 0.00020342342434020386 0.001875684448113053 -0.0046049527387743237 0.0045631479501005486 -0.024938540972615102 0.0048897574875108058 -0.00081157170067322146 -0.0013385859256608644
leaf_weight=117 56 233 13026 558 2442 93 88 541 239 68 50 50 51 109
leaf_count=117 56 233 13026 558 2442 93 88 541 239 68 50 50 51 109
internal_value=1.52362e-05 0.00026701 -0.00038978 0.00300818 0.00384 -0.000688315 -0.00667185 0.00556231 -0.0113793 -0.00528239 -0.0150519 0 0.00564356 -0.00345455
internal_weight=17721 17078 13777 3301 3000 13119 643 658 377 301 289 266 101 165
internal_count=17721 17078 13777 3301 3000 13119 643 658 377 301 289 266 101 165
is_linear=0
shrinkage=0.03


Tree=31
num_leaves=15
num_cat=0
split_feature=19 7 35 20 27 35 0 15 37 29 8 35 3 37
split_gain=32.9497 32.5003 49.6329 47.2312 34.3906 34.2693 25.221 22.4389 18.5549 17.6386 6.91826 5.4894 5.91498 4.12512
threshold=1.7800000309944155 0.93214285373687755 0.49351923167705541 0.86849999427795421 0.56038483977317821 1.0132819116115572 2.5000000000000004 60.500000000000007 0.49188494682312017 0.80555438995361339 1.6964285969734194 0.57084041833877575 1.4700000286102297 0.51444745063781749
decision_type=2 2 2 2 2 2 2 2 2 2 2 2 2 2
left_child=1 2 6 5 -5 -3 -1 11 -9 -4 -10 13 -13 -2
right_child=7 3 9 4 -6 -7 -8 8 10 -11 -12 12 -14 -15
leaf_value=-0.00044438734605948394 5.6536475512997795e-05 0.00046932232343813992 -0.001308008149936115 -0.00096969826357593556 0.0028112395243634512 -0.0047396272920227269 0.00048822906795344947 0.00019732072160999776 -0.0044668041566110943 0.0024226431660137001 -0.024190384743436648 0.0028610649490769359 -0.00087624674672734696 -0.0033125166525771279
leaf_weight=2163 63 1258 3552 542 3286 698 5422 88 239 157 50 90 57 56
leaf_count=2163 63 1258 3552 542 3286 698 5422 88 239 157 50 90 57 56
internal_value=-5.07872e-06 0.00024593 -0.000690632 0.00207469 0.00401254 -0.00171779 0.000700066 -0.00667185 -0.0113793 -0.00353465 -0.0150519 0 0.00387755 -0.00478992
internal_weight=17721 17078 11294 5784 3828 1956 7585 643 377 3709 289 266 147 119
internal_count=17721 17078 11294 5784 3828 1956 7585 643 377 3709 289 266 147 119
is_linear=0
shrinkage=0.03


Tree=32
num_leaves=14
num_cat=0
split_feature=19 38 0 15 15 37 25 5 8 10 35 35 37
split_gain=33.5737 30.5422 26.4822 38.9197 20.0966 18.0685 17.2229 16.6003 8.66099 5.71187 4.50408 5.64684 4.12512
threshold=1.7800000309944155 0.75680395960807811 2.5000000000000004 64.500000000000014 60.500000000000007 0.49188494682312017 0.62458553910255443 4.1499998569488534 0.69214284420013439 0.29036730527877813 0.57084041833877575 0.68310886621475231 0.51444745063781749
decision_type=2 2 2 2 2 2 2 2 2 2 2 2 2
left_child=1 2 6 -4 10 -6 -1 8 -3 -7 12 -12 -2
right_child=4 7 3 -5 5 9 -8 -9 -10 -11 11 -13 -14
leaf_value=-0.00088582291807480138 5.4840381247607848e-05 -2.2592416205999607e-05 0.00072885879867935375 -0.00046225113887524881 0.00019140109996169781 -0.0035796720149589654 0.00027074572344196402 0.035421957450786586 0.0035969056989930085 -0.0067283954908656214 0.0033579137360743704 -0.00027505005100534317 -0.0032131411529998143
leaf_weight=3507 63 202 6975 4631 88 62 1305 86 372 227 58 89 56
leaf_count=3507 63 202 6975 4631 88 62 1305 86 372 227 58 89 56
internal_value=-3.5551e-05 0.000217824 -3.65453e-05 0.000739273 -0.00676516 -0.0112202 -0.00190773 0.00654545 0.00470383 -0.0148443 -0.000451128 0.00306122 -0.00478992
internal_weight=17721 17078 16418 11606 643 377 4812 660 574 289 266 147 119
internal_count=17721 17078 16418 11606 643 377 4812 660 574 289 266 147 119
is_linear=0
shrinkage=0.03


Tree=33
num_leaves=14
num_cat=0
split_feature=19 38 0 15 15 37 5 25 8 11 35 35 37
split_gain=32.5493 29.0357 25.9003 37.5158 19.507 17.5885 17.0988 16.0209 5.88962 5.65836 4.50408 5.64684 4.12512
threshold=1.7800000309944155 0.79712194204330455 2.5000000000000004 64.500000000000014 60.500000000000007 0.49188494682312017 4.1499998569488534 0.62458553910255443 1.6964285969734194 0.78571429848670971 0.57084041833877575 0.68310886621475231 0.51444745063781749
decision_type=2 2 2 2 2 2 2 2 2 2 2 2 2
left_child=1 2 7 -4 10 -6 9 -1 -7 -3 12 -12 -2
right_child=4 6 3 -5 5 8 -8 -9 -10 -11 11 -13 -14
leaf_value=-0.00084998724839331185 5.3195169810179591e-05 0.0010425708530241943 0.00072448432705532429 -0.00042261521661390964 0.00018565906696284688 -0.0042254098714639924 0.037768315953639858 0.00026262335173870503 -0.023262821336407582 0.0039556510383332447 0.0032571763239921396 -0.00026679854947518286 -0.0031167469184098196
leaf_weight=3548 63 232 7048 4696 88 239 80 1327 50 147 58 89 56
leaf_count=3548 63 232 7048 4696 88 239 80 1327 50 147 58 89 56
internal_value=-4.57085e-05 0.000203771 -1.80516e-06 0.00076124 -0.00667185 -0.011061 0.00764706 -0.00184 -0.0146367 0.00498681 -0.000451128 0.00306122 -0.00478992
internal_weight=17721 17078 16619 11744 643 377 459 4875 289 379 266 147 119
internal_count=17721 17078 16619 11744 643 377 459 4875 289 379 266 147 119
is_linear=0
shrinkage=0.03


Tree=34
num_leaves=15
num_cat=0
split_feature=19 38 31 27 8 15 35 37 17 26 8 35 35 20
split_gain=32.7492 28.6244 21.9921 27.8914 21.2176 19.507 18.071 17.5885 15.4786 10.7987 5.88962 3.51808 4.71745 3.37302
threshold=1.7800000309944155 0.57823783159255993 0.42513063549995428 0.56038483977317821 1.1450000405311587 60.500000000000007 0.34140628576278692 0.49188494682312017 23.474999427795414 0.030451830476522449 1.6964285969734194 0.57084041833877575 0.68310886621475231 0.99950000643730175
decision_type=2 2 2 2 2 2 2 2 2 2 2 2 2 2
left_child=1 2 6 -4 9 11 -1 -7 -6 -3 -9 13 -13 -2
right_child=5 4 3 -5 8 7 -8 10 -10 -11 -12 12 -14 -15
leaf_value=0.0018403732735421778 2.6681294066741882e-05 -0.0013936028509400789 -0.00102447944889269 -1.8228034994060769e-05 0.0033557696769988244 0.00018008929495396151 0.00031945498892093298 -0.0040986475753200724 0.010388115114948719 0.0008678179927729358 -0.02256493669631535 0.0031594610342723754 -0.00025879459299092737 -0.0025514986154522826
leaf_weight=455 56 158 2463 9937 571 88 2111 239 161 1222 50 58 89 63
leaf_count=455 56 158 2463 9937 571 88 2111 239 161 1222 50 58 89 63
internal_value=-2.53936e-05 0.000224851 -0.000236536 -0.000759677 0.00349432 -0.00667185 0.0022915 -0.011061 0.00762295 0.00130435 -0.0146367 -0.000451128 0.00265306 -0.00428571
internal_weight=17721 17078 14966 12400 2112 643 2566 377 732 1380 289 266 147 119
internal_count=17721 17078 14966 12400 2112 643 2566 377 732 1380 289 266 147 119
is_linear=0
shrinkage=0.03


Tree=35
num_leaves=13
num_cat=0
split_feature=19 38 0 15 15 5 25 5 3 2 33 20
split_gain=29.9528 27.0318 24.0568 34.9762 18.3631 17.8155 14.693 10.7436 5.93512 5.67592 5.65458 3.94975
threshold=1.7800000309944155 0.79712194204330455 2.5000000000000004 64.500000000000014 62.500000000000007 4.1499998569488534 0.62458553910255443 0.48999999463558203 1.4700000286102297 0.89499998092651378 0.65283098816871654 0.89949998259544384
decision_type=2 2 2 2 2 2 2 2 2 2 2 2
left_child=1 2 6 -4 8 9 -1 -6 10 -3 -2 -9
right_child=4 5 3 -5 7 -7 -8 11 -10 -11 -12 -13
leaf_value=-0.00082408385765036509 -0.00027266914757610218 0.00017801140944254519 0.00070804004969816556 -0.00039815435516503552 -0.001217449784078108 0.036323623021582208 0.00024453718919337458 -0.0076473982407637975 -0.0029712204355450992 0.004968698280708438 0.0028314550881803017 -0.0033873884241748596
leaf_weight=3548 207 160 7048 4696 81 80 1327 87 82 219 59 127
leaf_count=3548 207 160 7048 4696 81 80 1327 87 82 219 59 127
internal_value=-3.5551e-05 0.000203771 5.41549e-06 0.000740804 -0.00639191 0.00738562 -0.00176615 -0.0118983 -0.00172414 0.00467018 0.000451128 -0.0154206
internal_weight=17721 17078 16619 11744 643 459 4875 295 348 379 266 214
internal_count=17721 17078 16619 11744 643 459 4875 295 348 379 266 214
is_linear=0
shrinkage=0.03


Tree=36
num_leaves=14
num_cat=0
split_feature=11 34 7 36 36 31 17 20 27 20 33 16 4
split_gain=27.4537 28.8714 29.7379 22.0993 25.0818 17.6713 17.1081 16.8257 19.3866 26.3746 13.876 6.16455 3.05358
threshold=0.21428572386503222 0.0061440516728907832 1.1742857098579409 0.014050519093871118 0.012477901764214041 0.32772336900234228 22.505000114440922 0.59450000524520885 0.56038483977317821 0.69400000572204601 0.41231869161129003 1.1430000066757204 0.48999999463558203
decision_type=2 2 2 2 2 2 2 2 2 2 2 2 2
left_child=7 2 5 4 -3 -2 -4 12 10 -10 -9 -5 -1
right_child=1 3 6 11 -6 -7 -8 8 9 -11 -12 -13 -14
leaf_value=0.0066827301227432604 0.0036146344681295215 -5.0033773489619096e-05 0.0013643238027611986 -0.0047087923346567813 0.0019922622410685799 0.00034293980025398201 0.011303747594432074 -0.0001921333520328338 -0.0038888520762073372 -0.00014922868872033505 -0.0019267846287179232 -0.0013900379747558175 0.002750053114427449
leaf_weight=56 72 8169 132 83 540 2173 364 429 329 4475 788 61 50
leaf_count=56 72 8169 132 83 540 2173 364 429 329 4475 788 61 50
internal_value=-3.5551e-05 0.000822839 0.00351332 -1.0166e-05 0.00018257 0.00204454 0.0101613 -0.00165987 -0.00186846 -0.00101166 -0.00525062 -0.0116667 0.0101887
internal_weight=17721 11594 2741 8853 8709 2245 496 6127 6021 4804 1217 144 106
internal_count=17721 11594 2741 8853 8709 2245 496 6127 6021 4804 1217 144 106
is_linear=0
shrinkage=0.03


Tree=37
num_leaves=14
num_cat=0
split_feature=19 7 35 20 30 35 13 34 15 5 3 33 20
split_gain=27.5559 27.2212 48.3131 41.9716 32.8124 32.4774 23.3248 19.9074 16.2266 9.38089 5.93512 5.65458 4.49917
threshold=1.7800000309944155 0.93214285373687755 0.42890904843807226 0.86849999427795421 0.11780798807740213 1.0132819116115572 1.0000000180025095e-35 0.012857499066740276 62.500000000000007 0.48999999463558203 1.4700000286102297 0.65283098816871654 0.99950000643730175
decision_type=2 2 2 2 2 2 2 2 2 2 2 2 2
left_child=1 2 7 5 -5 -3 -4 -1 10 -10 11 -2 -11
right_child=8 3 6 4 -6 -7 -8 -9 9 12 -12 -13 -14
leaf_value=0.00060687855432826573 -0.00026298805994413052 0.00039513295344065512 -0.00027661393096740401 0.0033513431774987346 0.0004554550660590564 -0.0046353471221807141 -0.0012830122922838872 -0.0004901845244762496 -0.0011751622899947797 -0.0064949389538538228 -0.0030494016060644219 0.0026674375170636436 -0.0031355885056679978
leaf_weight=3755 207 1258 3578 2062 1766 698 2470 1491 81 108 82 59 106
leaf_count=3755 207 1258 3578 2062 1766 698 2470 1491 81 108 82 59 106
internal_value=-1.52362e-05 0.000214311 -0.000642819 0.00188797 0.00371473 -0.00168712 -0.00247024 0.00146397 -0.00611198 -0.0112881 -0.00172414 0.000451128 -0.0145794
internal_weight=17721 17078 11294 5784 3828 1956 6048 5246 643 295 348 266 214
internal_count=17721 17078 11294 5784 3828 1956 6048 5246 643 295 348 266 214
is_linear=0
shrinkage=0.03


Tree=38
num_leaves=15
num_cat=0
split_feature=26 35 7 34 34 26 35 2 31 3 3 15 10 3
split_gain=26.0328 34.2174 30.6235 43.1519 43.9919 25.1898 27.4121 19.6151 17.1658 15.1297 14.8897 14.6266 11.5648 9.39996
threshold=0.034657223150134094 0.49226060509681707 0.93214285373687755 0.006203702650964261 0.017437067814171318 0.037919048219919212 0.28965483605861669 0.78999999165534984 0.88245674967765819 1.3499999642372134 0.60500001907348644 61.500000000000007 0.31063431501388555 0.3900000005960465
decision_type=2 2 2 2 2 2 2 2 2 2 2 2 2 2
left_child=1 9 5 11 -5 12 -7 13 -9 10 -1 -4 -2 -3
right_child=2 7 3 4 -6 6 -8 8 -10 -11 -12 -13 -14 -15
leaf_value=0.00017988294052091389 0.0012354252623161517 -0.0040819121557059031 0.0087472095650253014 -0.00096351637322624189 0.0024695941991622924 0.00418148651306827 -0.00037365845259020329 -0.00044134107731271785 -0.0045132356996103679 -0.0058027688548512157 0.0026985501576703248 0.0021661581365057109 -0.00014317664525177748 -0.0018416581590289063
leaf_weight=843 1209 104 356 2151 1847 95 7673 1226 238 57 221 473 543 685
leaf_count=843 1209 104 356 2151 1847 95 7673 1226 238 57 221 473 543 685
internal_value=-1.18503e-05 -0.00238293 0.000545759 0.00249223 0.0012006 -0.000441176 -0.00117405 -0.00451398 -0.00245902 0.00190009 0.00270677 0.00872135 0.00280822 -0.008327
internal_weight=17721 3374 14347 4827 3998 9520 7768 2253 1464 1121 1064 829 1752 789
internal_count=17721 3374 14347 4827 3998 9520 7768 2253 1464 1121 1064 829 1752 789
is_linear=0
shrinkage=0.03


Tree=39
num_leaves=14
num_cat=0
split_feature=11 33 7 20 37 20 27 20 36 9 33 3 4
split_gain=25.4407 27.0297 33.6676 29.3505 18.2852 18.1814 17.6304 24.3881 12.73 15.9013 11.5443 7.09191 2.37736
threshold=0.21428572386503222 0.34483075141906744 0.4435714334249497 0.83250001072883617 0.2754227370023728 0.59450000524520885 0.56038483977317821 0.69400000572204601 0.0011035432689823212 0.52214285731315624 0.40946505963802343 0.3900000005960465 0.48999999463558203
decision_type=2 2 2 2 2 2 2 2 2 2 2 2 2
left_child=5 8 4 -4 -3 12 10 -8 11 -10 -7 -2 -1
right_child=1 2 3 -5 -6 6 7 -9 9 -11 -12 -13 -14
leaf_value=0.0065081635083729565 0.006132798850822521 0.00085928657270669957 -0.00088418788421971083 0.00067793983773291951 -0.0010932700296751156 -0.00016201180931006999 -0.0037501109169344538 -0.00014106248788907738 0.00027876849351801767 0.0036432584638332482 -0.0017583018352452841 0.0010156196321996684 0.0028355174258568342
leaf_weight=56 70 288 2062 6998 1577 392 329 4475 391 134 825 74 50
leaf_count=56 70 288 2062 6998 1577 392 329 4475 391 134 825 74 50
internal_value=1.69291e-06 0.000828014 0.000469565 0.00122517 -0.00320107 -0.00156194 -0.00177877 -0.000961699 0.00668161 0.00451429 -0.00500411 0.0145833 0.0107547
internal_weight=17721 11594 10925 9060 1865 6127 6021 4804 669 525 1217 144 106
internal_count=17721 11594 10925 9060 1865 6127 6021 4804 669 525 1217 144 106
is_linear=0
shrinkage=0.03


Tree=40
num_leaves=15
num_cat=0
split_feature=26 3 34 34 35 37 7 17 2 31 3 10 3 14
split_gain=25.2762 30.5685 36.9869 42.7167 29.8091 22.3737 28.9626 16.8971 16.6833 17.1658 14.5967 13.1703 11.6357 10.2491
threshold=0.034657223150134094 1.1749999523162844 0.0062579307705163964 0.017437067814171318 0.49226060509681707 0.26832713186740881 0.45357142388820654 22.505000114440922 0.78999999165534984 0.88245674967765819 1.3499999642372134 0.28794173896312719 0.60500001907348644 0.81174489855766307
decision_type=2 2 2 2 2 2 2 2 2 2 2 2 2 2
left_child=4 5 7 -4 10 11 -7 -3 13 -10 12 -2 -1 -6
right_child=1 2 3 -5 8 6 -8 -9 9 -11 -12 -13 -14 -15
leaf_value=0.00020728455319553996 0.0015229998525575139 0.00084680946027050413 -0.00070383864211936455 0.0031854836640301345 -0.0021944488223813517 -0.00085134052907561819 6.1035652014062493e-05 0.0079077273599567378 -0.00043615400524099396 -0.0043624598730404246 -0.0055759367341483203 -0.00091594712288095071 0.0026171449584170394 4.5518441757223487e-05
leaf_weight=843 430 170 1838 1258 677 2198 7904 459 1226 238 57 90 221 112
leaf_count=843 430 170 1838 1258 677 2198 7904 459 1226 238 57 90 221 112
internal_value=-2.87794e-05 0.000520666 0.00285906 0.00151163 -0.00236515 -0.000299379 -0.00061176 0.00949126 -0.00435419 -0.00245902 0.00163247 0.00576923 0.00242481 -0.00787072
internal_weight=17721 14347 3725 3096 3374 10622 10102 629 2253 1464 1121 520 1064 789
internal_count=17721 14347 3725 3096 3374 10622 10102 629 2253 1464 1121 520 1064 789
is_linear=0
shrinkage=0.03


Tree=41
num_leaves=14
num_cat=0
split_feature=19 3 35 20 28 35 26 7 15 37 8 27 30
split_gain=23.613 24.6823 34.676 33.5644 55.6993 34.4941 29.624 25.2263 16.0657 15.412 4.99652 3.77352 5.78537
threshold=1.7800000309944155 1.1749999523162844 0.49351923167705541 0.91349998116493236 0.069897400215268149 1.0132819116115572 0.040196631103754051 0.86999997496604931 60.500000000000007 0.49188494682312017 1.6964285969734194 0.56038483977317821 0.19562269747257235
decision_type=2 2 2 2 2 2 2 2 2 2 2 2 2
left_child=1 2 6 5 -5 -3 -1 -4 11 -10 -11 -2 -13
right_child=8 3 7 4 -6 -7 -8 -9 9 10 -12 12 -14
leaf_value=0.00088783542186449127 -0.00078482939527417203 0.00089860497561918408 -0.0013816259217441082 -0.006162073705715464 0.0029607896174448376 -0.0046656697018592043 -0.00010291807486676281 6.4654355235682431e-05 0.00021570436581602818 -0.0036612311279017431 -0.021568343904444016 0.0019269330376313755 -0.00074790009213646536
leaf_weight=2460 57 1151 2954 128 2501 697 5162 2025 88 239 50 133 76
leaf_count=2460 57 1151 2954 128 2501 697 5162 2025 88 239 50 133 76
internal_value=-1.69291e-06 0.000210798 -0.00046901 0.00212419 0.00430202 -0.000974026 0.000802939 -0.00241615 -0.00564541 -0.00962865 -0.0129758 0 0.00186603
internal_weight=17721 17078 12601 4477 2629 1848 7622 4979 643 377 289 266 209
internal_count=17721 17078 12601 4477 2629 1848 7622 4979 643 377 289 266 209
is_linear=0
shrinkage=0.03


Tree=42
num_leaves=14
num_cat=0
split_feature=11 33 7 34 20 27 29 34 33 14 28 18 4
split_gain=22.7352 24.9639 31.4821 26.0734 16.3562 16.3694 20.4203 14.2675 11.1846 10.4951 11.9674 3.38713 3.05358
threshold=0.21428572386503222 0.3461094349622727 0.4435714334249497 0.0061440516728907832 0.59450000524520885 0.56038483977317821 0.6951735019683839 0.014305391348898413 0.41231869161129003 0.81174489855766307 0.13970532640814784 69.674999237060561 0.48999999463558203
decision_type=2 2 2 2 2 2 2 2 2 2 2 2 2
left_child=4 9 7 -4 12 8 -7 -3 -6 10 -2 -11 -1
right_child=1 2 3 -5 5 6 -8 -9 -10 11 -12 -13 -14
leaf_value=0.0063059312555155417 0.0022513890856085323 -0.00030780663097685886 0.0012890813582929121 8.0715077700791279e-05 -0.00014742608059141086 0.00047148991822391011 -0.0010043217371025405 -0.0017420880845933242 -0.0018181629419323541 0.0020495901325457626 0.00026072620461142776 0.0031172742255757067 0.002911537153400486
leaf_weight=56 242 1159 1971 7075 429 2031 2773 671 788 50 375 51 50
leaf_count=56 242 1159 1971 7075 429 2031 2773 671 788 50 375 51 50
internal_value=-1.52362e-05 0.000765913 0.000408238 0.0011342 -0.00149339 -0.00169905 -0.00091174 -0.00318033 -0.0048069 0.00618384 0.00471637 0.0151485 0.0101887
internal_weight=17721 11594 10876 9046 6127 6021 4804 1830 1217 718 617 101 106
internal_count=17721 11594 10876 9046 6127 6021 4804 1830 1217 718 617 101 106
is_linear=0
shrinkage=0.03


Tree=43
num_leaves=15
num_cat=0
split_feature=26 3 34 34 35 37 7 10 17 2 10 10 35 3
split_gain=22.137 27.5147 35.4287 41.2355 25.9589 21.3378 29.6917 17.8482 15.7213 15.1696 17.4773 14.3862 11.169 9.12383
threshold=0.034657223150134094 1.1749999523162844 0.0062579307705163964 0.017437067814171318 0.49226060509681707 0.32136431336402899 0.4435714334249497 0.30241701006889349 22.505000114440922 0.78999999165534984 2.2717986106872563 0.60086899995803844 0.82815513014793407 0.60500001907348644
decision_type=2 2 2 2 2 2 2 2 2 2 2 2 2 2
left_child=4 5 8 -4 11 7 -7 -2 -3 12 -11 13 -6 -1
right_child=1 2 3 -5 9 6 -8 -9 -10 10 -12 -13 -14 -15
leaf_value=0.00018487486669582469 0.00086966370962219945 0.00084881340118903123 -0.00072354469837148955 0.0030080994499497304 -0.0020608588793091889 -0.0010603534326866625 7.1497667617252937e-06 -0.0012901561018713848 0.0076048649491406725 -0.00067664462764197952 -0.017349505164035082 -0.0050636434832875095 0.00063180513878862907 0.0022866934084153526
leaf_weight=836 1034 170 1838 1258 703 1735 7696 157 459 1392 72 57 86 228
leaf_count=836 1034 170 1838 1258 703 1735 7696 157 459 1392 72 57 86 228
internal_value=-1.8622e-05 0.000495574 0.00271409 0.00139535 -0.0022051 -0.000282433 -0.000760259 0.00350126 0.00920509 -0.00406125 -0.0022541 0.00152542 -0.00741445 0.00231203
internal_weight=17721 14347 3725 3096 3374 10622 9431 1191 629 2253 1464 1121 789 1064
internal_count=17721 14347 3725 3096 3374 10622 9431 1191 629 2253 1464 1121 789 1064
is_linear=0
shrinkage=0.03


Tree=44
num_leaves=13
num_cat=0
split_feature=19 38 10 33 34 34 34 15 37 8 27 30
split_gain=21.6681 23.5411 22.6869 20.5742 17.7231 20.1942 17.5718 15.0211 14.5324 5.48923 5.02392 4.93848
threshold=1.7800000309944155 0.50404340028762828 2.9779762029647832 1.5071119666099551 0.0036576900165528063 0.00058566423831507574 0.004378924611955882 60.500000000000007 0.49188494682312017 1.6964285969734194 0.56038483977317821 0.19562269747257235
decision_type=2 2 2 2 2 2 2 2 2 2 2 2
left_child=1 2 3 -1 5 -3 -6 10 -9 -10 -2 -12
right_child=7 4 -4 -5 6 -7 -8 8 9 -11 11 -13
leaf_value=-0.00015149028043264431 -0.000712285871158851 -0.0010530997417542939 -0.014018838603971077 0.006232756678335844 -0.0024443857296417766 0.0039824834922641845 0.00063711434336008129 0.0002116794661238521 -0.0035268107879524893 -0.020887140148590409 0.0018507519445829066 -0.00068035195358263423
leaf_weight=13431 57 54 93 253 98 485 2664 88 239 50 133 76
leaf_count=13431 57 54 93 253 98 485 2664 88 239 50 133 76
internal_value=-5.24801e-05 0.000151072 -0.000394135 -0.000293774 0.00242654 0.0074026 0.00145547 -0.00545879 -0.00931034 -0.0125606 0 0.00215311
internal_weight=17721 17078 13777 13684 3301 539 2762 643 377 289 266 209
internal_count=17721 17078 13777 13684 3301 539 2762 643 377 289 266 209
is_linear=0
shrinkage=0.03


Tree=45
num_leaves=15
num_cat=0
split_feature=38 35 9 13 8 11 29 13 1 34 16 15 35 35
split_gain=20.7705 23.6403 32.3863 22.126 18.499 16.8885 15.7697 13.3022 16.2767 12.3933 13.9708 12.3579 7.37094 4.34435
threshold=0.57823783159255993 1.5273656249046328 2.9946428537368779 1.0000000180025095e-35 1.10357141494751 1.0000000180025095e-35 0.72101232409477245 -0.60785761475563038 3.0499999523162846 0.0036576900165528063 1.1297500133514407 64.500000000000014 0.39396497607231146 1.6935814023017886
decision_type=2 2 2 2 2 2 2 2 2 2 2 2 2 2
left_child=1 2 3 -1 9 -6 -4 13 -9 12 -11 -7 -2 -3
right_child=4 7 6 -5 5 11 -8 8 -10 10 -12 -13 -14 -15
leaf_value=0.00016286861696220717 0.0029785684598845133 -0.011065035291691873 0.0083472004825652923 -0.00054461834371634702 -0.0051252611703550745 0.006464445398260894 -0.0036233466161211193 -0.0089440579421515114 0.0010407727231505305 0.0030607974497497779 -0.00023922948824660757 0.0014133129522999205 0.00090283728180190763 -0.021941797827963523
leaf_weight=8813 55 86 263 5854 62 524 74 152 205 114 1095 215 143 66
leaf_count=8813 55 86 263 5854 62 524 74 152 205 114 1095 215 143 66
internal_value=-3.21652e-05 -0.000419648 -0.000203946 -0.000415218 0.00269022 0.00632959 0.0089911 -0.006778 -0.00361345 0.000618337 -0.000521092 0.00759134 0.00757576 -0.0142105
internal_weight=17721 15513 15004 14667 2208 801 337 509 357 1407 1209 739 198 152
internal_count=17721 15513 15004 14667 2208 801 337 509 357 1407 1209 739 198 152
is_linear=0
shrinkage=0.03


Tree=46
num_leaves=15
num_cat=0
split_feature=38 34 1 33 35 20 36 4 10 37 20 0 35 8
split_gain=21.07 25.2657 30.7139 27.092 23.3541 21.5491 38.5374 29.5247 23.437 21.3064 18.8902 17.8346 17.0624 8.55351
threshold=0.28063574433326727 0.0061440516728907832 2.0499999523162846 0.99235436320304882 0.84110864996910106 0.67550000548362743 0.010796828661113979 1.5500000119209292 1.0568581819534304 5.0703568458557138 0.6174999773502351 6.5000000000000009 0.31316342949867254 0.46357142925262457
decision_type=2 2 2 2 2 2 2 2 2 2 2 2 2 2
left_child=5 2 12 4 -3 10 8 -8 -7 -4 -1 -5 -2 -12
right_child=1 3 9 11 -6 6 7 -9 -10 -11 13 -13 -14 -15
leaf_value=0.0044602625136165967 0.0043274825148151624 -1.7214418777051893e-05 0.019203655234323682 -0.0063026034130063552 0.0040614530815322094 -0.00063931451406354616 0.00014149241960690367 0.0050370666341374602 -0.0063986721935466208 -0.00176685549847999 -0.0039944021394546511 0.0045864467448836679 0.00051133613745767646 -0.0035348077365869065
leaf_weight=61 60 7027 186 603 642 3804 1365 533 226 72 78 84 2606 374
leaf_count=61 60 7027 186 603 642 3804 1365 533 226 72 78 84 2606 374
internal_value=-4.23227e-05 0.000739362 0.00313953 -0.000100527 0.000410745 -0.00141127 -0.00090081 0.00262381 -0.00256079 0.0130233 -0.00730994 -0.00580786 0.00218305 -0.00942478
internal_weight=17721 11280 2924 8356 7669 6441 5928 1898 4030 258 513 687 2666 452
internal_count=17721 11280 2924 8356 7669 6441 5928 1898 4030 258 513 687 2666 452
is_linear=0
shrinkage=0.03


Tree=47
num_leaves=15
num_cat=0
split_feature=26 35 27 20 8 33 20 37 36 2 10 10 3 3
split_gain=20.2749 26.7116 24.0853 37.843 43.6083 22.2486 20.5372 30.9503 24.2159 14.7258 15.5147 10.737 10.3435 9.12383
threshold=0.034657223150134094 0.49226060509681707 0.56038483977317821 0.8555000126361848 1.0364285707473757 0.42174685001373297 0.92350000143051159 0.26832713186740881 0.00077275143121369194 0.78999999165534984 2.2717986106872563 0.60086899995803844 0.3900000005960465 0.60500001907348644
decision_type=2 2 2 2 2 2 2 2 2 2 2 2 2 2
left_child=1 11 6 5 -5 -4 8 -8 -2 12 -11 13 -3 -1
right_child=2 9 3 4 -6 -7 7 -9 -10 10 -12 -13 -14 -15
leaf_value=0.00018924955267815189 -0.0046489122563186077 -0.0037031431611638361 0.0010981999388976929 0.00020457016040777701 0.0032977408560317463 -0.0014881256444132696 0.0014344872502646609 -0.0010561275918045117 0.0007351832965363025 -0.00078756765977584168 -0.01622617736123683 -0.0046188557478527778 -0.0016670530033303919 0.0022324138966910339
leaf_weight=836 127 104 368 5321 2394 2035 290 2203 1609 1392 72 57 685 228
leaf_count=836 127 104 368 5321 2394 2035 290 2203 1609 1392 72 57 685 228
internal_value=-5.92517e-05 -0.00215175 0.000432843 0.00122752 0.00225146 -0.00205993 -0.00146843 -0.003213 0.00103687 -0.00403462 -0.0022541 0.00163247 -0.0073384 0.00231203
internal_weight=17721 3374 14347 10118 7715 2403 4229 2493 1736 2253 1464 1121 789 1064
internal_count=17721 3374 14347 10118 7715 2403 4229 2493 1736 2253 1464 1121 789 1064
is_linear=0
shrinkage=0.03


Tree=48
num_leaves=14
num_cat=0
split_feature=11 33 7 20 20 27 20 37 33 14 28 18 4
split_gain=21.7276 22.9809 28.9439 23.3398 16.3014 16.5801 18.4892 13.293 12.0017 11.0903 11.0464 3.38713 3.05358
threshold=0.21428572386503222 0.3461094349622727 0.4435714334249497 0.83250001072883617 0.59450000524520885 0.56038483977317821 0.69400000572204601 0.3601487278938294 0.41231869161129003 0.81174489855766307 0.13970532640814784 69.674999237060561 0.48999999463558203
decision_type=2 2 2 2 2 2 2 2 2 2 2 2 2
left_child=4 9 7 -4 12 8 -7 -3 -6 10 -2 -11 -1
right_child=1 2 3 -5 5 6 -8 -9 -10 11 -12 -13 -14
leaf_value=0.0060856259830498246 0.002110684719843119 -6.4435953140507088e-05 -0.00081185882830879573 0.00058101772232438788 -0.00011095855250923596 -0.0033119524069032697 -0.0001622716274396184 -0.0017246037669089308 -0.001729018557261095 0.0019689419401164071 0.00017581962627361046 0.0031473274392755245 0.0027919604060772088
leaf_weight=56 242 767 2060 6986 429 329 4475 1063 788 50 375 51 50
leaf_count=56 242 767 2060 6986 429 329 4475 1063 788 50 375 51 50
internal_value=-2.87794e-05 0.000734863 0.000391688 0.00108777 -0.0014738 -0.00167912 -0.000886761 -0.00304918 -0.0048069 0.00593315 0.00442464 0.0151485 0.0101887
internal_weight=17721 11594 10876 9046 6127 6021 4804 1830 1217 718 617 101 106
internal_count=17721 11594 10876 9046 6127 6021 4804 1830 1217 718 617 101 106
is_linear=0
shrinkage=0.03


Tree=49
num_leaves=11
num_cat=0
split_feature=1 2 37 13 15 3 35 34 13 2
split_gain=20.2804 30.2775 28.3086 21.5388 50.3794 23.0567 12.3279 6.10548 5.23636 3.92157
threshold=4.9500000476837167 7.4500000476837167 4.6871931552886972 1.0000000180025095e-35 64.500000000000014 1.1749999523162844 1.6160821318626406 0.011756666935980322 1.0000000180025095e-35 6.1499998569488534
decision_type=2 2 2 2 2 2 2 2 2 2
left_child=2 7 3 4 -1 -5 9 8 -2 -4
right_child=1 -3 6 5 -6 -7 -8 -9 -10 -11
leaf_value=0.00079972759798014291 0.018727981514807524 -0.010673381012940499 -0.0033660246297588584 -0.00057684295746120802 -0.00065686249816636311 0.00064502841844474507 -0.022797953977082085 0.013343471321099611 0.035638348202866522 -0.023863942108241828
leaf_weight=6199 55 78 51 5259 3929 1903 58 83 55 51
leaf_count=6199 55 78 51 5259 3929 1903 58 83 55 51
internal_value=-6.26375e-05 0.00808118 -0.000189112 -7.28745e-05 0.000817536 -0.00133203 -0.01275 0.014456 0.0190909 -0.00647059
internal_weight=17721 271 17450 17290 10128 7162 160 193 110 102
internal_count=17721 271 17450 17290 10128 7162 160 193 110 102
is_linear=0
shrinkage=0.03


Tree=50
num_leaves=14
num_cat=0
split_feature=11 33 7 20 20 27 20 33 34 14 7 18 4
split_gain=20.1712 21.1676 27.3979 21.167 16.1921 14.4616 18.422 13.0526 12.9788 11.7019 10.3697 3.38713 3.05358
threshold=0.21428572386503222 0.3461094349622727 0.4435714334249497 0.83250001072883617 0.59450000524520885 0.56038483977317821 0.69400000572204601 0.41231869161129003 0.014305391348898413 0.81174489855766307 0.39071428775787359 69.674999237060561 0.48999999463558203
decision_type=2 2 2 2 2 2 2 2 2 2 2 2 2
left_child=4 9 8 -4 12 7 -7 -6 -3 10 -2 -11 -1
right_child=1 2 3 -5 5 6 -8 -9 -10 11 -12 -13 -14
leaf_value=0.005921562785392743 -0.00023169509365439476 -0.00027476755144062627 -0.00079258809358103788 0.00056108675095796305 -9.0324507210122574e-05 -0.0032249192608010172 -0.00013769760367143889 -0.0016626616648070247 -0.0016205491695549406 0.0019295795568579053 0.0018335441321524902 0.0030289157881578546 0.0024176064448961083
leaf_weight=56 187 1159 2060 6986 429 329 4475 788 671 50 430 51 50
leaf_count=56 187 1159 2060 6986 429 329 4475 788 671 50 430 51 50
internal_value=-4.23227e-05 0.000693462 0.000364104 0.00104134 -0.00143463 -0.00163926 -0.000899251 -0.00456039 -0.00298361 0.00568245 0.0041329 0.0151485 0.0101887
internal_weight=17721 11594 10876 9046 6127 6021 4804 1217 1830 718 617 101 106
internal_count=17721 11594 10876 9046 6127 6021 4804 1217 1830 718 617 101 106
is_linear=0
shrinkage=0.03


Tree=51
num_leaves=15
num_cat=0
split_feature=26 3 13 35 36 26 35 33 17 17 10 5 30 35
split_gain=19.7371 22.5417 30.3572 44.5155 22.3485 22.0763 21.4585 17.1461 14.9177 13.8934 11.9154 11.6186 10.6528 8.12927
threshold=0.034657223150134094 1.1749999523162844 -0.60785761475563038 0.97562995553016674 0.0040725355502218017 0.037919048219919212 0.49226060509681707 0.3386287540197373 22.505000114440922 22.125000000000004 0.60086899995803844 3.8500000238418584 0.096192639321088805 0.48226188123226171
decision_type=2 2 2 2 2 2 2 2 2 2 2 2 2 2
left_child=6 5 3 -3 -4 9 10 -7 12 -2 13 -10 -8 -1
right_child=1 2 4 -5 -6 7 8 -9 11 -11 -12 -13 -14 -15
leaf_value=0.00020220955508446522 -0.00051339072288835612 0.0011640022566853647 0.0065900171197307462 -0.010424759687757329 0.0014345097858990189 0.001076153489352871 -0.0013260044651729247 -0.00033844488420373597 -0.00091468005497155581 0.0011564640335583376 -0.0044948473346706737 0.0063410521170171926 -0.0028546413174218637 0.0034065248678340084
leaf_weight=928 515 726 390 336 2273 396 350 8230 1220 1481 57 51 632 136
leaf_count=928 515 726 390 336 2273 396 350 8230 1220 1481 57 51 632 136
internal_value=-6.94092e-05 0.000416115 0.00242416 -0.00186441 0.00413443 -0.000288081 -0.00213397 -0.000945977 -0.00382157 0.00255511 0.00125781 -0.00167585 -0.00659878 0.00197368
internal_weight=17721 14347 3725 1062 2663 10622 3374 8626 2253 1996 1121 1271 982 1064
internal_count=17721 14347 3725 1062 2663 10622 3374 8626 2253 1996 1121 1271 982 1064
is_linear=0
shrinkage=0.03


Tree=52
num_leaves=12
num_cat=0
split_feature=11 36 36 38 20 27 20 34 33 16 4
split_gain=19.6941 19.9421 18.3943 21.0278 16.1648 15.0544 17.5853 13.6758 12.4972 7.62275 3.05358
threshold=0.21428572386503222 0.014050519093871118 0.012477901764214041 0.47832585871219641 0.59450000524520885 0.56038483977317821 0.69400000572204601 0.029375399462878708 0.41231869161129003 1.1434500217437746 0.48999999463558203
decision_type=2 2 2 2 2 2 2 2 2 2 2
left_child=4 2 3 -2 10 8 -7 -4 -6 -3 -1
right_child=1 9 7 -5 5 6 -8 -9 -10 -11 -12
leaf_value=0.0057540692483570724 -0.00010091963692409355 -0.0038888656517158085 0.0014245252026625426 0.00080600008424302366 -9.3681058646352843e-05 -0.0030495578699028278 -0.00014408516751532023 0.0033954101412601826 -0.0015876803371209734 -0.00075598970181126404 0.0024799320000771
leaf_weight=56 7487 89 471 3423 429 329 4475 69 788 55 50
leaf_count=56 7487 89 471 3423 429 329 4475 69 788 55 50
internal_value=-4.90943e-05 0.000677937 0.000817467 0.000549954 -0.00142484 -0.0016293 -0.000874271 0.00622222 -0.0046097 -0.0104167 0.0101887
internal_weight=17721 11594 11450 10910 6127 6021 4804 540 1217 144 106
internal_count=17721 11594 11450 10910 6127 6021 4804 540 1217 144 106
is_linear=0
shrinkage=0.03


Tree=53
num_leaves=14
num_cat=0
split_feature=11 33 7 34 20 27 20 37 33 14 7 4 18
split_gain=18.4008 20.1569 25.719 20.6703 16.0559 14.4668 16.7681 12.6032 11.9062 10.6702 10.0306 3.05358 2.70066
threshold=0.21428572386503222 0.3461094349622727 0.4435714334249497 0.0061440516728907832 0.59450000524520885 0.56038483977317821 0.69400000572204601 0.98367986083030712 0.41231869161129003 0.81174489855766307 0.39071428775787359 0.48999999463558203 69.674999237060561
decision_type=2 2 2 2 2 2 2 2 2 2 2 2 2
left_child=4 9 7 -4 11 8 -7 -3 -6 10 -2 -1 -11
right_child=1 2 3 -5 5 6 -8 -9 -10 12 -12 -13 -14
leaf_value=0.0055814471709063609 -0.00025641057274379027 -0.00083534573430650951 0.0010979589213868503 5.7614636019667835e-05 -9.0870626886962251e-05 -0.002958071133805743 -0.00013976261248986065 0.0040677449392343707 -0.0015400499270073441 0.001828831358761798 0.0017550255990963191 0.0024055340400747872 0.0028815837073052422
leaf_weight=56 187 1753 1971 7075 429 329 4475 77 788 50 430 50 51
leaf_count=56 187 1753 1971 7075 429 329 4475 77 788 50 430 50 51
internal_value=-5.58659e-05 0.000646886 0.000325487 0.000981649 -0.00138567 -0.00158944 -0.000849292 -0.00291803 -0.00451109 0.00551532 0.00403566 0.0101887 0.0145545
internal_weight=17721 11594 10876 9046 6127 6021 4804 1830 1217 718 617 106 101
internal_count=17721 11594 10876 9046 6127 6021 4804 1830 1217 718 617 106 101
is_linear=0
shrinkage=0.03


Tree=54
num_leaves=16
num_cat=0
split_feature=14 15 34 38 35 9 32 8 11 20 13 8 36 38 36
split_gain=18.3773 32.3616 25.8901 19.3542 17.0464 24.4065 16.0991 15.1644 15.5409 13.8514 11.6841 11.518 10.8655 10.4667 7.33587
threshold=0.81174489855766307 66.500000000000014 0.012857499066740276 0.57823783159255993 1.5273656249046328 2.9946428537368779 0.018998838961124424 1.0300000309944155 1.0000000180025095e-35 0.89049997925758373 -0.60785761475563038 0.89428570866584789 0.011065258178859951 0.22062750160694125 0.0065561856608837852
decision_type=2 2 2 2 2 2 2 2 2 2 2 2 2 2 2
left_child=3 6 13 4 5 -1 14 11 -9 -8 -6 -5 -4 -3 -2
right_child=1 2 12 7 10 -7 9 8 -10 -11 -12 -13 -14 -15 -16
leaf_value=-0.00023544519216718584 0.00032294752270581832 -0.0015154618062876717 -0.0018242987875890602 0.00028819466052433046 -0.015655679593528954 0.0057192173626574297 0.00055873638807012681 -0.0047772399351778448 0.0043570344810137263 0.0040097787297410153 -0.0036696276433468315 -0.0027817011176444243 0.00055050157593130146 0.0015622187771137321 -0.0024802956932962385
leaf_weight=12628 183 160 470 1043 152 284 257 60 699 607 281 125 145 572 55
leaf_count=12628 183 160 470 1043 152 284 257 60 699 607 281 125 145 572 55
internal_value=-7.2795e-05 0.00233973 -0.00077951 -0.000459665 -0.000865493 -0.000669145 0.00615245 0.0023508 0.00565217 0.00805556 -0.00672055 0.000205479 -0.00531707 0.00303279 -0.000756303
internal_weight=17721 2449 1347 15272 13345 12912 1102 1927 759 864 433 1168 615 732 238
internal_count=17721 2449 1347 15272 13345 12912 1102 1927 759 864 433 1168 615 732 238
is_linear=0
shrinkage=0.03


Tree=55
num_leaves=13
num_cat=0
split_feature=19 38 0 15 8 16 11 5 15 3 14 6
split_gain=19.4051 20.6577 20.1547 27.9948 14.2005 14.0843 12.5232 14.0906 10.3933 8.42686 5.64532 4.58333
threshold=1.7800000309944155 0.7833610773086549 2.5000000000000004 64.500000000000014 1.9821428656578066 1.1290000081062319 0.6428571641445161 3.6499999761581425 64.500000000000014 0.3900000005960465 -0.56174489110708226 1.0000000180025095e-35
decision_type=2 2 2 2 2 2 2 2 2 2 2 2
left_child=1 2 5 -4 8 -1 10 -8 9 -2 -3 -10
right_child=4 6 3 -5 -6 -7 7 -9 11 -11 -12 -13
leaf_value=-0.0022986827607934229 0.0029507243009474706 0.0061985549004810042 0.00060013767331979721 -0.00038098690699928084 -0.019222054128812966 -0.00036113403703863847 0.0026564054519691289 0.042829104102757046 -0.0042425681882313736 -0.00051612262855340197 -0.0011664406010367639 -0.0020977820958134161
leaf_weight=199 56 59 7023 4676 57 4653 244 56 110 354 168 66
leaf_count=199 56 59 7023 4676 57 4653 244 56 110 354 168 66
internal_value=-6.26375e-05 0.000129992 -5.619e-05 0.000618002 -0.00517885 -0.00168178 0.00597723 0.01 -0.0037884 -0.00117073 0.000660793 -0.00988636
internal_weight=17721 17078 16551 11699 643 4852 527 300 586 410 227 176
internal_count=17721 17078 16551 11699 643 4852 527 300 586 410 227 176
is_linear=0
shrinkage=0.03


Tree=56
num_leaves=15
num_cat=0
split_feature=14 15 34 2 20 31 35 32 20 37 35 38 36 10
split_gain=18.5446 31.0353 23.6189 17.4232 18.4862 23.4169 23.0122 17.0334 13.8514 12.1937 12.1532 10.2152 9.99758 7.47788
threshold=0.81174489855766307 66.500000000000014 0.012857499066740276 0.3900000005960465 0.85150000452995311 0.73488351702690136 0.43939040601253515 0.018998838961124424 0.89049997925758373 1.0436103940010073 0.51018348336219799 0.22062750160694125 0.011065258178859951 0.24256406724452975
decision_type=2 2 2 2 2 2 2 2 2 2 2 2 2 2
left_child=3 7 11 9 6 -6 -5 13 -9 10 -1 -3 -4 -2
right_child=1 2 12 4 5 -7 -8 8 -10 -11 -12 -13 -14 -15
leaf_value=-0.00033051391837519208 0.00076785094658200228 -0.0014585683448890632 -0.0017519371969898522 0.00091752416216224421 3.1361846813059838e-06 0.0019149971627191373 -0.0015531772255891129 0.00052397016622842904 0.0038871785168248015 0.0046209189091809292 -0.0019783501080135489 0.0015717437254999388 0.00054541613586334072 -0.0018171489742795602
leaf_weight=1905 73 160 470 695 8119 1501 2417 257 607 75 560 572 145 165
leaf_count=1905 73 160 470 695 8119 1501 2417 257 607 75 560 572 145 165
internal_value=-5.92517e-05 0.00236423 -0.000690423 -0.000447878 4.71254e-06 0.000654886 -0.00200514 0.006098 0.00805556 -0.00271654 -0.00307911 0.00295082 -0.00502439 -0.0010084
internal_weight=17721 2449 1347 15272 12732 9620 3112 1102 864 2540 2465 732 615 238
internal_count=17721 2449 1347 15272 12732 9620 3112 1102 864 2540 2465 732 615 238
is_linear=0
shrinkage=0.03


Tree=57
num_leaves=11
num_cat=0
split_feature=1 2 37 13 15 3 35 11 26 3
split_gain=18.1509 25.8032 25.0435 18.9251 43.7365 19.4153 11.7009 5.93764 4.14151 4.07843
threshold=4.9500000476837167 7.4500000476837167 4.6871931552886972 1.0000000180025095e-35 64.500000000000014 1.1749999523162844 1.6160821318626406 0.78571429848670971 0.058685725554823882 3.6499999761581425
decision_type=2 2 2 2 2 2 2 2 2 2
left_child=2 7 3 4 -1 -5 9 8 -2 -4
right_child=1 -3 6 5 -6 -7 -8 -9 -10 -11
leaf_value=0.00073755881245787423 0.0066135944174928749 -0.0098873379711635883 -0.00072602448877122209 -0.00053363253656179199 -0.00054808310077635904 0.00056837868553358923 -0.021988004641819374 0.031657537088715035 0.018719445080222011 -0.019457077656264553
leaf_weight=6199 73 78 52 5259 3929 1903 58 53 67 50
leaf_count=6199 73 78 52 5259 3929 1903 58 53 67 50
internal_value=-6.60234e-05 0.00763838 -0.000185673 -7.63447e-05 0.000758294 -0.00125663 -0.012 0.0135233 0.0102857 -0.00588235
internal_weight=17721 271 17450 17290 10128 7162 160 193 140 102
internal_count=17721 271 17450 17290 10128 7162 160 193 140 102
is_linear=0
shrinkage=0.03


Tree=58
num_leaves=13
num_cat=0
split_feature=19 2 20 14 35 11 33 3 8 15 37 35
split_gain=18.0648 18.741 27.408 27.7635 25.6475 25.1715 18.3794 16.1378 14.5737 9.12559 10.1391 8.28358
threshold=1.7800000309944155 0.84499999880790722 0.81549999117851268 -0.56174489110708226 0.42890904843807226 0.78571429848670971 0.60426822304725658 2.0499999523162846 1.9821428656578066 60.500000000000007 0.49188494682312017 0.57084041833877575
decision_type=2 2 2 2 2 2 2 2 2 2 2 2
left_child=1 4 3 -3 7 -4 -6 -1 9 11 -11 -2
right_child=8 2 5 -5 6 -7 -8 -9 -10 10 -12 -13
leaf_value=0.00025009267405385368 -0.00043463295184497205 0.0026286937315651805 0.00088990731483728125 -0.0021870076844305681 -0.00089840055027482228 0.0056978586758364147 0.00017155554546502703 -0.0050022508508610567 -0.01861584854874691 0.00028954684866288986 -0.0033296386118852237 0.0023941806801919992
leaf_weight=4733 119 465 4882 1263 3694 336 1654 51 57 88 255 124
leaf_count=4733 119 465 4882 1263 3694 336 1654 51 57 88 255 124
internal_value=-5.58659e-05 0.000129992 0.00133026 -0.00194444 -0.000692854 0.00241472 -0.00212042 0.00090301 -0.00499222 -0.00358362 -0.00673469 0.000864198
internal_weight=17721 17078 6946 1728 10132 5218 5348 4784 643 586 343 243
internal_count=17721 17078 6946 1728 10132 5218 5348 4784 643 586 343 243
is_linear=0
shrinkage=0.03


Tree=59
num_leaves=16
num_cat=0
split_feature=14 15 34 2 37 14 15 20 8 32 36 20 38 36 36
split_gain=17.4487 28.2928 22.4774 17.1148 22.5192 20.7642 24.0691 21.9008 16.4077 16.0054 14.4432 12.8267 10.2152 9.43906 8.00168
threshold=0.81174489855766307 66.500000000000014 0.012857499066740276 0.57499998807907116 0.40910699963569647 -0.56174489110708226 63.500000000000007 0.81949999928474437 0.43464285135269171 0.018998838961124424 0.012477901764214041 0.91449999809265148 0.22062750160694125 0.011065258178859951 0.0062091255094856032
decision_type=2 2 2 2 2 2 2 2 2 2 2 2 2 2 2
left_child=3 9 12 4 10 6 -5 -7 -6 14 -1 -11 -3 -4 -2
right_child=1 2 13 5 8 7 -8 -9 -10 11 -12 -13 -14 -15 -16
leaf_value=-1.2521581835775712e-05 0.00027639760162131565 -0.0013874661264469536 -0.0016822579854904839 0.00032542491380475609 -0.0028397304991485866 -0.0017902142804934839 0.0028471629035643391 5.8540008854753748e-05 -0.00065074974216256182 0.00073422133238940004 0.0016228675294256876 0.0037696199386667109 0.0015526111311206564 0.00052168706573157812 -0.0022512526098920917
leaf_weight=2201 170 160 470 2398 427 1424 768 5310 2626 297 118 567 572 145 68
leaf_count=2201 170 160 470 2398 427 1424 768 5310 2626 297 118 567 572 145 68
internal_value=-3.5551e-05 0.00231523 -0.000601336 -0.00041252 -0.00177587 0.000327273 0.00233102 -0.000614791 -0.00346872 0.00588022 0.000452781 0.00777778 0.00295082 -0.00482927 -0.0010084
internal_weight=17721 2449 1347 15272 5372 9900 3166 6734 3053 1102 2319 864 732 615 238
internal_count=17721 2449 1347 15272 5372 9900 3166 6734 3053 1102 2319 864 732 615 238
is_linear=0
shrinkage=0.03


Tree=60
num_leaves=11
num_cat=0
split_feature=1 37 2 2 37 20 35 11 3 37
split_gain=17.0607 25.1165 25.0245 17.7424 27.7628 21.7723 11.7009 6.37717 4.07843 3.91466
threshold=4.9500000476837167 4.6871931552886972 7.4500000476837167 0.5900000035762788 0.41471675038337713 0.85050001740455639 1.6160821318626406 0.78571429848670971 3.6499999761581425 4.6871931552886972
decision_type=2 2 2 2 2 2 2 2 2 2
left_child=1 3 7 4 -1 -5 8 9 -3 -2
right_child=2 6 -4 5 -6 -7 -8 -9 -10 -11
leaf_value=0.0001453653790909151 0.01650871188081952 -0.00073269717381884629 -0.0096610005951600856 -0.00075025230058780635 -0.0008362991083223334 0.00050933986149022381 -0.021335403299469712 0.030535119015512844 -0.018905822019861629 0.0072235166126462923
leaf_weight=2838 62 52 78 2908 3378 8166 58 53 50 78
leaf_count=2838 62 52 78 2908 3378 8166 58 53 50 78
internal_value=-5.24801e-05 -0.000168481 0.00741697 -5.89936e-05 -0.0013417 0.000661008 -0.012 0.0132124 -0.00588235 0.00985714
internal_weight=17721 17450 271 17290 6216 11074 160 193 102 140
internal_count=17721 17450 271 17290 6216 11074 160 193 102 140
is_linear=0
shrinkage=0.03


Tree=61
num_leaves=14
num_cat=0
split_feature=38 10 1 30 20 36 9 8 20 8 11 8 2
split_gain=17.3169 19.5139 23.6329 22.6696 18.3367 31.0823 18.832 18.7312 17.3161 12.2162 11.4928 8.48382 6.83422
threshold=0.28393860161304479 2.4144439697265629 4.9500000476837167 0.096192639321088805 0.67550000548362743 0.012477901764214041 1.4053571820259096 0.44821427762508398 0.6174999773502351 6.4214284420013437 0.78571429848670971 0.46357142925262457 3.0499999523162846
decision_type=2 2 2 2 2 2 2 2 2 2 2 2 2
left_child=4 2 3 -2 8 6 -6 -7 -1 12 -4 -10 -3
right_child=1 9 10 -5 5 7 -8 -9 11 -11 -12 -13 -14
leaf_value=0.0065329120231503264 0.00063081047117471913 -0.007951933508400363 0.010176988759183313 -0.00013705542462079073 -0.00080224841043662163 0.0036151259384780213 0.0013197635809148059 0.001207058447446758 -0.0034203861035445428 0.0019259831102901145 0.034702290763300302 -0.0031190355637958195 -0.025285210394860487
leaf_weight=63 5157 51 98 5650 4182 56 1067 757 78 58 59 378 67
leaf_count=63 5157 51 98 5650 4182 56 1067 757 78 58 59 378 67
internal_value=-1.52362e-05 0.000705566 0.000864648 0.000696771 -0.00123537 -0.000772022 -0.00161745 0.00468635 -0.0066474 -0.00920455 0.0124204 -0.00868421 -0.0147458
internal_weight=17721 11140 10964 10807 6581 6062 5249 813 519 176 157 456 118
internal_count=17721 11140 10964 10807 6581 6062 5249 813 519 176 157 456 118
is_linear=0
shrinkage=0.03


Tree=62
num_leaves=11
num_cat=0
split_feature=1 2 37 2 37 15 35 11 32 37
split_gain=16.9835 25.0245 23.6203 17.0649 24.7241 18.8721 12.5308 6.37717 4.59584 3.91466
threshold=4.9500000476837167 7.4500000476837167 4.6871931552886972 0.5900000035762788 0.41471675038337713 64.500000000000014 1.6160821318626406 0.78571429848670971 0.036576900631189353 4.6871931552886972
decision_type=2 2 2 2 2 2 2 2 2 2
left_child=2 7 3 4 -1 -5 8 9 -4 -2
right_child=1 -3 6 5 -6 -7 -8 -9 -10 -11
leaf_value=0.00014297174472573487 0.015872829419163733 -0.009419856777673357 -0.021538115572827813 0.00051671551287224224 -0.00082133099365139933 -0.00044522475829476832 -0.020314007213193402 0.028577996722148453 0.000601657992940053 0.006879927687265296
leaf_weight=2838 62 78 52 7684 3378 3390 58 53 50 78
leaf_count=2838 62 78 52 7684 3378 3390 58 53 50 78
internal_value=-3.5551e-05 0.00741697 -0.000151289 -4.51128e-05 -0.00130309 0.000661008 -0.011625 0.0132124 -0.00529412 0.00985714
internal_weight=17721 271 17450 17290 6216 11074 160 193 102 140
internal_count=17721 271 17450 17290 6216 11074 160 193 102 140
is_linear=0
shrinkage=0.03


Tree=63
num_leaves=13
num_cat=0
split_feature=19 38 0 15 15 5 37 16 13 8 27 34
split_gain=18.1641 20.1187 16.8037 22.5276 14.9362 13.322 13.2614 11.4132 6.70053 6.27173 5.61449 4.86663
threshold=1.7800000309944155 0.79712194204330455 2.5000000000000004 64.500000000000014 60.500000000000007 4.4500000476837167 0.49188494682312017 1.1290000081062319 -0.87837970256805409 1.6964285969734194 0.56038483977317821 0.01129572791978717
decision_type=2 2 2 2 2 2 2 2 2 2 2 2
left_child=1 2 7 -4 10 8 -6 -1 -3 -8 -2 -12
right_child=4 5 3 -5 6 -7 9 -9 -10 -11 11 -13
leaf_value=-0.0019623378141520771 -0.00063558562267235468 -0.0054895103994450963 0.00053998613127829922 -0.00036692380588704856 0.00029129819905097308 0.032803882138736848 -0.003008630724014054 -0.00031299333834023491 0.0025235886853087835 -0.019179076186769013 -0.0004836977816695371 0.002306194109867256
leaf_weight=201 57 52 7048 4696 88 65 239 4674 342 50 84 125
leaf_count=201 57 52 7048 4696 88 65 239 4674 342 50 84 125
internal_value=-4.23227e-05 0.000144045 -2.70774e-05 0.000587534 -0.00499222 0.00633987 -0.00883289 -0.00150769 0.00426396 -0.0119377 0.000451128 0.00272727
internal_weight=17721 17078 16619 11744 643 459 377 4875 394 289 266 209
internal_count=17721 17078 16619 11744 643 459 377 4875 394 289 266 209
is_linear=0
shrinkage=0.03


Tree=64
num_leaves=16
num_cat=0
split_feature=27 34 20 35 11 20 27 18 10 9 37 4 35 5 36
split_gain=16.4592 33.7315 24.9827 21.3482 19.9429 16.8007 39.9591 22.9944 20.2567 19.7998 16.3397 16.0989 15.8869 7.69617 7.4871
threshold=0.56038483977317821 0.0037851262604817752 0.83149999380111705 1.5273656249046328 0.78571429848670971 0.78550001978874218 0.49020150303840643 69.905002593994155 0.49933992326259619 0.37053571641445165 4.6871931552886972 0.5900000035762788 0.40399101376533514 1.9499999880790713 0.0062091255094856032
decision_type=2 2 2 2 2 2 2 2 2 2 2 2 2 2 2
left_child=5 4 12 -4 10 7 9 8 -1 -7 -2 -8 -3 -6 -9
right_child=1 2 3 -5 13 6 11 14 -10 -11 -12 -13 -14 -15 -16
leaf_value=-0.0021576699215832976 0.001353624428184149 0.00077693169202515454 0.00035173387888481986 -0.005717185357344964 0.0032405416750570779 0.0020995807218767023 -0.0062700027752967246 0.0089112179574650941 0.0036361344879756617 -0.00038618469215342494 -0.016648317800174946 -0.003939946200760539 -0.0016753485723948068 0.031819765674574736 0.0046840690353475052
leaf_weight=277 890 375 8433 567 84 208 154 116 207 3789 56 260 2121 73 111
leaf_count=277 890 375 8433 567 84 208 154 116 207 3789 56 260 2121 73 111
internal_value=-1.8622e-05 0.000564331 8.35073e-05 0.00082 0.0055757 -0.00145256 -0.00214237 0.002827 -0.000867769 -0.00122342 0.00393235 -0.0110145 -0.00257212 0.0154777 0.0107048
internal_weight=17721 12599 11496 9000 1103 5122 4411 711 484 3997 946 414 2496 157 227
internal_count=17721 12599 11496 9000 1103 5122 4411 711 484 3997 946 414 2496 157 227
is_linear=0
shrinkage=0.03


Tree=65
num_leaves=10
num_cat=0
split_feature=38 10 9 35 35 5 17 13 2
split_gain=17.0559 19.1437 16.5561 39.147 21.5521 16.284 7.35093 6.87295 7.69404
threshold=0.79712194204330455 2.9779762029647832 1.4053571820259096 1.0132819116115572 0.49351923167705541 4.3500001430511483 22.805000305175785 -0.87837970256805409 0.89499998092651378
decision_type=2 2 2 2 2 2 2 2 2
left_child=1 2 4 -4 -1 7 -3 -2 -9
right_child=5 6 3 -5 -6 -7 -8 8 -10
leaf_value=0.00011355248156539307 -0.0063384442679568238 -0.021633531809122569 0.0034710492861726927 -0.0013594425652062566 -0.00059683730500942399 0.031809774317041746 -0.0024230045048181945 -0.00012351840730176651 0.0044366438039402517
leaf_weight=8069 54 57 1473 1413 6140 67 86 157 205
leaf_count=8069 54 57 1473 1413 6140 67 86 157 205
internal_value=-3.21652e-05 -0.000187957 -9.65195e-05 0.00197505 -0.000517278 0.00552795 -0.0111189 0.00331731 0.00480663
internal_weight=17721 17238 17095 2886 14209 483 143 416 362
internal_count=17721 17238 17095 2886 14209 483 143 416 362
is_linear=0
shrinkage=0.03


Tree=66
num_leaves=10
num_cat=0
split_feature=1 37 2 10 9 35 13 34 32
split_gain=16.9989 23.6062 22.4118 15.4721 19.8188 12.5308 5.71698 7.80765 4.59584
threshold=4.9500000476837167 4.6871931552886972 7.4500000476837167 3.6207566261291508 1.3905357122421267 1.6160821318626406 -1.0000000180025095e-35 0.011756666935980322 0.036576900631189353
decision_type=2 2 2 2 2 2 2 2 2
left_child=1 3 6 4 -1 8 -2 -8 -3
right_child=2 5 -4 -5 -6 -7 7 -9 -10
leaf_value=-0.00011138019873691128 0.011214578589108608 -0.02071876352925104 -0.0092549887773822892 -0.015976466628661708 0.0016703253055696851 -0.019492534313965231 0.029910879474826242 0.010073124696993936 0.00071588101646155296
leaf_weight=14461 67 52 78 58 2771 58 71 55 50
leaf_count=14461 67 52 78 58 2771 58 71 55 50
internal_value=-3.89369e-05 -0.000154728 0.00741697 -4.8583e-05 3.48189e-06 -0.011625 0.0129016 0.0166667 -0.00529412
internal_weight=17721 17450 271 17290 17232 160 193 126 102
internal_count=17721 17450 271 17290 17232 160 193 126 102
is_linear=0
shrinkage=0.03


Tree=67
num_leaves=12
num_cat=0
split_feature=38 20 36 36 8 4 10 7 20 15 8
split_gain=15.9903 17.7435 30.0255 18.9829 18.8967 17.5901 24.5706 19.0161 14.8982 8.43856 7.55735
threshold=0.28393860161304479 0.67550000548362743 0.012477901764214041 0.012220317963510753 0.44821427762508398 7.2000000476837167 2.4144439697265629 0.48642857372760778 0.6174999773502351 61.500000000000007 0.46357142925262457
decision_type=2 2 2 2 2 2 2 2 2 2 2
left_child=1 8 3 -3 -4 6 7 -2 -1 -8 -10
right_child=5 2 4 -5 -6 -7 9 -9 10 -11 -12
leaf_value=0.0053352518958977128 -0.00022252314620154411 -0.00039921121641164431 0.003496358423771721 -0.0036939798687461172 0.0011708866360429606 0.038947206626152885 -0.002488692184620357 0.00049933378542969331 -0.0032164434391955235 -0.021647550893505986 -0.0029436246128397058
leaf_weight=63 3168 5023 56 226 757 51 79 7762 78 80 378
leaf_count=63 3168 5023 56 226 757 51 79 7762 78 80 378
internal_value=-3.5551e-05 -0.00120802 -0.000752227 -0.00158316 0.00461255 0.000657092 0.000576247 0.000746569 -0.00653179 -0.0111321 -0.00842105
internal_weight=17721 6581 6062 5249 813 11140 11089 10930 519 159 456
internal_count=17721 6581 6062 5249 813 11140 11089 10930 519 159 456
is_linear=0
shrinkage=0.03


Tree=68
num_leaves=14
num_cat=0
split_feature=38 20 36 8 36 10 33 33 20 8 15 4 15
split_gain=14.8943 17.1601 28.181 19.2299 18.0146 15.3911 20.1058 21.3821 14.6473 12.2416 11.8003 6.75362 6.31118
threshold=0.28393860161304479 0.67550000548362743 0.012477901764214041 0.44821427762508398 0.012220317963510753 2.4144439697265629 1.4416679143905642 0.99235436320304882 0.6174999773502351 6.4214284420013437 64.500000000000014 1.2699999809265139 61.500000000000007
decision_type=2 2 2 2 2 2 2 2 2 2 2 2 2
left_child=1 8 4 -4 -3 6 7 -2 -1 12 -8 -10 -7
right_child=5 2 3 -5 -6 9 10 -9 11 -11 -12 -13 -14
leaf_value=0.0051751943390207821 0.00022638008032731783 -0.00038723487991929501 0.0033914676710585698 0.001135760036961672 -0.0035831604726837335 -0.0046804737556456295 0.012939980631283481 -0.0033642151164129008 -0.0030324755772139483 0.0021740603595080772 -0.00082029435309098142 -0.0021012893089643802 -0.024360340755754755
leaf_weight=63 10231 5023 56 757 226 56 137 538 330 58 58 126 62
leaf_count=63 10231 5023 56 757 226 56 137 538 330 58 58 126 62
internal_value=-4.90943e-05 -0.00118067 -0.000732432 0.00446494 -0.00153744 0.00061939 0.000760671 0.000587798 -0.00641618 -0.00818182 0.0103077 -0.00828947 -0.0137288
internal_weight=17721 6581 6062 813 5249 11140 10964 10769 519 176 195 456 118
internal_count=17721 6581 6062 813 5249 11140 10964 10769 519 176 195 456 118
is_linear=0
shrinkage=0.03


Tree=69
num_leaves=16
num_cat=0
split_feature=27 34 20 13 1 20 27 18 15 10 35 31 4 38 35
split_gain=15.6092 28.3961 21.2779 21.6315 18.044 16.3255 36.0222 20.4741 18.5618 17.964 14.1073 13.6077 13.57 11.5542 8.60618
threshold=0.56038483977317821 0.0037851262604817752 0.83149999380111705 1.0000000180025095e-35 0.35999999940395361 0.78550001978874218 0.49020150303840643 69.905002593994155 67.500000000000014 0.49933992326259619 0.40399101376533514 0.38278190791606909 0.48999999463558203 0.29271756112575537 0.49612461030483251
decision_type=2 2 2 2 2 2 2 2 2 2 2 2 2 2 2
left_child=5 4 10 -4 11 7 8 9 -7 -1 -3 -2 -8 -6 -9
right_child=1 2 3 -5 13 6 12 14 -10 -11 -12 -13 -14 -15 -16
leaf_value=-0.0021147764083933639 0.0027375853676348612 0.00073178715680683501 0.00064171016559620979 -0.00034400434752416772 -0.00043296376154385621 -0.00038152599451029461 -0.0062654563090517833 0.0046343186832441185 0.00119103160836757 0.0033510377996114108 -0.0015732717889929959 -0.0020251430825369036 -0.0038506578143168982 0.0028387160478310488 0.0092673229339270396
leaf_weight=277 53 375 5403 3597 103 3696 138 140 301 207 2121 138 276 809 87
leaf_count=277 53 375 5403 3597 103 3696 138 140 301 207 2121 138 276 809 87
internal_value=-7.95666e-05 0.000488134 4.69729e-05 0.000726667 0.00508613 -0.00147599 -0.00215597 0.00274262 -0.00128346 -0.000743802 -0.00240385 -0.00329843 -0.0105797 0.00684211 0.0101762
internal_weight=17721 12599 11496 9000 1103 5122 4411 711 3997 484 2496 191 414 912 227
internal_count=17721 12599 11496 9000 1103 5122 4411 711 3997 484 2496 191 414 912 227
is_linear=0
shrinkage=0.03


Tree=70
num_leaves=14
num_cat=0
split_feature=11 35 18 37 8 15 15 10 31 20 19 2 38
split_gain=14.1652 30.7011 16.3523 20.8868 21.4874 14.6303 28.7371 13.5431 12.1188 13.8721 13.8103 8.85046 2.03505
threshold=0.78571429848670971 1.050996780395508 69.68500137329103 0.32461807131767279 0.33642856776714331 57.500000000000007 60.500000000000007 0.32501055300235754 0.49041444063186651 0.86950001120567333 1.325000047683716 0.52500000596046459 0.86102998256683361
decision_type=2 2 2 2 2 2 2 2 2 2 2 2 2
left_child=2 8 3 7 -5 11 -7 -1 9 -2 -10 -4 -3
right_child=1 12 5 4 -6 6 -8 -9 10 -11 -12 -13 -14
leaf_value=0.00072880447997513635 0.0013251896613185113 0.011142688757912522 -0.0008672094559523724 -0.00284488542089739 -0.0003851576993871077 0.0015002207823644454 -0.00016664701246084241 -0.0020265665438144445 -0.002791411639900431 -0.0018893213019047313 0.0022351403327764037 0.00024341647003432766 0.029994162666362637
leaf_weight=824 104 51 910 198 8992 2173 2063 87 62 158 574 1461 64
leaf_count=824 104 51 910 198 8992 2173 2063 87 62 158 574 1461 64
internal_value=-3.89369e-05 0.00340573 -0.000247785 -0.00100683 -0.00143634 0.000912668 0.00196884 0.00332602 0.00153675 -0.00389313 0.00377358 -0.000974272 0.018
internal_weight=17721 1013 16708 10101 9190 6607 4236 911 898 262 636 2371 115
internal_count=17721 1013 16708 10101 9190 6607 4236 911 898 262 636 2371 115
is_linear=0
shrinkage=0.03


Tree=71
num_leaves=11
num_cat=0
split_feature=1 37 2 36 9 20 10 18 37 7
split_gain=14.1614 21.4857 20.2716 18.3117 16.4645 42.7182 18.2457 6.65931 5.68213 5.44051
threshold=4.9500000476837167 4.376631736755372 7.4500000476837167 0.0090750842355191725 1.3905357122421267 0.96150001883506786 1.0251879096031191 67.74499893188478 5.0703568458557138 4.2642858028411874
decision_type=2 2 2 2 2 2 2 2 2 2
left_child=1 4 8 7 6 -6 -1 -3 9 -2
right_child=2 3 -4 -5 5 -7 -8 -9 -10 -11
leaf_value=-8.304531650304586e-05 0.010130010102250687 -0.030712625594904841 -0.0096025231304972952 0.001835421538236542 -0.0013243346874754762 0.0037919324609801902 -0.0037506128870322384 -0.012236791927537214 0.014021546526160786 0.018811180212347376
leaf_weight=14338 50 52 78 71 1311 1461 123 94 89 54
leaf_count=14338 50 52 78 71 1311 1461 123 94 89 54
internal_value=-5.24801e-05 -0.000158166 0.00675277 -0.00953917 -4.00395e-05 0.00207792 -0.000446027 -0.0156164 0.0119689 0.0167308
internal_weight=17721 17450 271 217 17233 2772 14461 146 193 104
internal_count=17721 17450 271 217 17233 2772 14461 146 193 104
is_linear=0
shrinkage=0.03


Tree=72
num_leaves=11
num_cat=0
split_feature=1 2 37 35 9 20 38 1 37 7
split_gain=14.1474 20.2716 19.4174 18.7197 18.0171 33.902 18.3521 13.6817 5.68213 5.44051
threshold=4.9500000476837167 7.4500000476837167 3.92517101764679 1.6935814023017886 1.4053571820259096 0.96150001883506786 0.28393860161304479 3.1499999761581425 5.0703568458557138 4.2642858028411874
decision_type=2 2 2 2 2 2 2 2 2 2
left_child=2 8 4 7 6 -6 -1 -4 9 -2
right_child=1 -3 3 -5 5 -7 -8 -9 -10 -11
leaf_value=-0.00059673262383994551 0.0098261097991831671 -0.0093144474365823779 -0.019370667689315193 -0.01724843545349386 -0.0011278119634653852 0.0036173963595161544 7.9824410602986697e-05 0.00064772371642875216 0.013600900130375963 0.018246844805976957
leaf_weight=5241 50 78 89 69 1229 1377 9281 164 89 54
leaf_count=5241 50 78 89 69 1229 1377 9281 164 89 54
internal_value=-4.90943e-05 0.00675277 -0.000154728 -0.00745342 -1.75152e-05 0.00227936 -0.000429693 -0.00367589 0.0119689 0.0167308
internal_weight=17721 271 17450 322 17128 2606 14522 253 193 104
internal_count=17721 271 17450 322 17128 2606 14522 253 193 104
is_linear=0
shrinkage=0.03


Tree=73
num_leaves=16
num_cat=0
split_feature=27 34 20 15 1 17 32 34 1 35 11 20 25 10 31
split_gain=13.8356 27.8446 20.3625 19.6432 16.5568 15.5044 22.2534 19.9225 17.0873 13.8556 11.7118 11.4384 16.8463 10.2256 6.39001
threshold=0.56038483977317821 0.0037851262604817752 0.83149999380111705 60.500000000000007 0.28500001132488256 23.095000267028812 0.001946791308000684 0.016132880467921499 0.5900000035762788 0.40399101376533514 0.78571429848670971 0.7775000035762788 0.5767168700695039 1.1692485809326174 0.46072162687778478
decision_type=2 2 2 2 2 2 2 2 2 2 2 2 2 2 2
left_child=5 4 9 -4 14 6 8 -8 -1 -3 -6 12 -7 -13 -2
right_child=1 2 3 -5 10 11 7 -9 -10 -11 -12 13 -14 -15 -16
leaf_value=-0.00013416949636398928 0.00075029244976677672 0.00068116942037121789 0.00076267969656032271 -0.00020120200371081569 0.0013452354726273459 -0.0030280646953879009 0.00030304001902820617 -0.0019577335164528021 -0.0035137407784358423 -0.0015510186697385707 0.0058743769435637763 -0.0010199367086441739 0.0048513113039592428 -0.0044268249538956701 -0.0028159335917558436
leaf_weight=82 50 375 4065 4935 834 62 2852 447 92 2121 153 1409 128 50 66
leaf_count=82 50 375 4065 4935 834 62 2852 447 92 2121 153 1409 128 50 66
internal_value=-5.58659e-05 0.000478609 4.17537e-05 0.000706667 0.00503173 -0.00137056 -0.000233228 0.000318278 -0.0106897 -0.00235577 0.00629179 -0.00376592 0.00315789 -0.00466758 -0.00568966
internal_weight=17721 12599 11496 9000 1103 5122 3473 3299 174 2496 987 1649 190 1459 116
internal_count=17721 12599 11496 9000 1103 5122 3473 3299 174 2496 987 1649 190 1459 116
is_linear=0
shrinkage=0.03


Tree=74
num_leaves=14
num_cat=0
split_feature=38 10 33 33 20 36 36 34 20 8 15 8 15
split_gain=13.9233 15.2783 20.2443 21.1375 14.4265 26.7074 18.0643 17.6097 13.6653 12.2416 9.74591 7.36072 6.31118
threshold=0.28393860161304479 2.4144439697265629 1.4416679143905642 0.99235436320304882 0.67550000548362743 0.012477901764214041 0.012220317963510753 0.029375399462878708 0.6174999773502351 6.4214284420013437 64.500000000000014 0.46357142925262457 61.500000000000007
decision_type=2 2 2 2 2 2 2 2 2 2 2 2 2
left_child=4 2 3 -2 8 6 -6 -7 -1 12 -4 -10 -3
right_child=1 9 10 -5 5 7 -8 -9 11 -11 -12 -13 -14
leaf_value=0.0040134812030439889 0.00021114137972678195 -0.0048255378390323501 0.011918005831290207 -0.0030286906045274295 -0.00038404217526252733 0.00073006189968655925 -0.0034799154079779783 0.0036353088085906322 -0.0028766620800010924 0.001893102634882221 -0.00049887837318529356 -0.0026533744715416937 -0.022950520692503064
leaf_weight=63 10231 56 137 538 5023 685 226 128 78 58 58 378 62
leaf_count=63 10231 56 137 538 5023 685 226 128 78 58 58 378 62
internal_value=-5.92517e-05 0.000587074 0.000727837 0.000554369 -0.00115332 -0.000742329 -0.001526 0.00431734 -0.00595376 -0.00818182 0.0103077 -0.00776316 -0.0137288
internal_weight=17721 11140 10964 10769 6581 6062 5249 813 519 176 195 456 118
internal_count=17721 11140 10964 10769 6581 6062 5249 813 519 176 195 456 118
is_linear=0
shrinkage=0.03


Tree=75
num_leaves=15
num_cat=0
split_feature=19 19 15 15 7 35 20 15 5 5 38 27 30 11
split_gain=13.5789 15.657 14.8262 21.711 13.8588 16.7161 15.7559 11.5667 10.7217 7.33145 7.08632 4.28754 5.41422 3.19155
threshold=1.7800000309944155 1.5799999833106997 57.500000000000007 60.500000000000007 0.87500000000000011 0.49351923167705541 0.86849999427795421 60.500000000000007 0.48999999463558203 0.29000000655651098 0.45675690472126013 0.56038483977317821 0.19562269747257235 0.35714286565780645
decision_type=2 2 2 2 2 2 2 2 2 2 2 2 2 2
left_child=1 4 9 -4 5 -1 -6 11 13 -3 -10 -2 -13 -9
right_child=7 2 3 -5 6 -7 -8 8 10 -11 -12 12 -14 -15
leaf_value=-9.2261892437968865e-05 -0.00047575066726157584 -0.0020378559218955854 0.0017378922975179371 0.00019114792393630793 -0.0010118664543972314 -0.0012246058071432322 0.0012991274000758864 -0.0010935818008473222 -0.003054738311479531 -0.00016693007445298371 -0.0052332861004676786 0.0020544991410067727 -0.00049425721988919096 0.0012324545950458663
leaf_weight=4266 57 207 1606 3932 1125 2050 2286 52 190 1606 85 133 76 50
leaf_count=4266 57 207 1606 3932 1125 2050 2286 52 190 1606 85 133 76 50
internal_value=-5.92517e-05 0.000101885 0.00114678 0.00191766 -0.000687776 -0.00151995 0.000853122 -0.00433904 -0.00771883 -0.00120794 -0.0108 0.000451128 0.00244019 0.000588235
internal_weight=17721 17078 7351 5538 9727 6316 3411 643 377 1813 275 266 209 102
internal_count=17721 17078 7351 5538 9727 6316 3411 643 377 1813 275 266 209 102
is_linear=0
shrinkage=0.03


Tree=76
num_leaves=14
num_cat=0
split_feature=11 35 18 37 8 29 10 2 31 20 15 29 38
split_gain=13.8745 28.786 14.9437 18.3166 20.3432 14.8735 12.9166 12.5076 12.0859 12.1019 8.98857 8.41005 1.58777
threshold=0.78571429848670971 1.050996780395508 69.68500137329103 0.32461807131767279 0.33642856776714331 0.47789001464843756 0.32501055300235754 0.50499999523162853 0.62315064668655407 0.94049999117851268 58.500000000000007 0.4068161696195603 0.86102998256683361
decision_type=2 2 2 2 2 2 2 2 2 2 2 2 2
left_child=2 8 3 6 -5 11 -1 -7 9 -2 -10 -4 -3
right_child=1 12 5 4 -6 7 -8 -9 10 -11 -12 -13 -14
leaf_value=0.0007239386880391436 0.0010741799140165664 0.010637908364430579 0.00053587283784698868 -0.0027399873968802276 -0.00036343181821538964 -0.00056593636871034086 -0.0019004889859993814 0.00048700225026277421 -0.00094835781058977189 -0.0020059736799187397 0.0024562700256145435 0.0021924198303921961 0.027915051487735008
leaf_weight=824 159 51 730 198 8992 1643 87 3858 135 186 418 376 64
leaf_count=824 159 51 730 198 8992 1643 87 3858 135 186 418 376 64
internal_value=-6.26375e-05 0.0033465 -0.000269332 -0.000994951 -0.00139717 0.000840018 0.00306257 0.000201781 0.00153675 -0.00286957 0.00428571 0.00401447 0.0174783
internal_weight=17721 1013 16708 10101 9190 6607 911 5501 898 345 553 1106 115
internal_count=17721 1013 16708 10101 9190 6607 911 5501 898 345 553 1106 115
is_linear=0
shrinkage=0.03


Tree=77
num_leaves=15
num_cat=0
split_feature=38 7 36 37 33 7 20 36 4 3 20 20 36 8
split_gain=13.0366 15.3763 26.3845 22.1574 21.8031 16.4968 15.3632 26.2687 23.1722 17.5683 14.4944 12.0846 9.15362 5.97489
threshold=0.28063574433326727 0.48642857372760778 0.0046500656753778466 0.26832713186740881 0.99235436320304882 1.1742857098579409 0.67550000548362743 0.010796828661113979 1.5500000119209292 2.5499999523162846 0.94249999523162853 0.6174999773502351 0.0013258787803351881 0.46357142925262457
decision_type=2 2 2 2 2 2 2 2 2 2 2 2 2 2
left_child=6 3 5 12 -4 -3 11 9 -9 -8 -5 -1 -2 -13
right_child=1 2 4 10 -6 -7 7 8 -10 -11 -12 13 -14 -15
leaf_value=0.0031106994999450057 0.0025274317418678238 0.00061571281132788143 0.00025029648593084727 5.1898631611243257e-05 -0.0034066097619067587 0.0059086602705223203 -0.0004651355602427446 4.9322038594173667e-05 0.004705462684348012 -0.0049508640913055353 -0.00070388953101570078 -0.0027070727551603288 0.0005928762892738309 -0.0025965559996129284
leaf_weight=61 82 1615 5171 1112 687 604 3773 1365 533 257 1622 78 387 374
leaf_count=61 82 1615 5171 1112 687 604 3773 1365 533 257 1622 78 387 374
internal_value=-8.29524e-05 0.000531915 0.00122942 -0.00122697 0.000174121 0.00401532 -0.00115976 -0.000728745 0.00218124 -0.00209926 -0.00226042 -0.00614035 0.00479744 -0.00783186
internal_weight=17721 11280 8077 3203 5858 2219 6441 5928 1898 4030 2734 513 469 452
internal_count=17721 11280 8077 3203 5858 2219 6441 5928 1898 4030 2734 513 469 452
is_linear=0
shrinkage=0.03


Tree=78
num_leaves=16
num_cat=0
split_feature=27 34 1 20 13 20 27 10 15 18 4 35 31 15 18
split_gain=13.4113 24.947 17.9913 16.4043 18.6976 14.8894 32.3275 21.1114 17.0924 14.8121 14.087 12.6308 11.9394 10.3825 8.31007
threshold=0.56038483977317821 0.0037851262604817752 0.35999999940395361 0.83149999380111705 1.0000000180025095e-35 0.78550001978874218 0.49020150303840643 0.49933992326259619 67.500000000000014 69.905002593994155 0.48999999463558203 0.40399101376533514 0.38278190791606909 60.500000000000007 72.325000762939467
decision_type=2 2 2 2 2 2 2 2 2 2 2 2 2 2 2
left_child=5 2 12 11 -5 7 8 9 -7 -1 -8 -3 -2 -4 -9
right_child=1 3 13 4 -6 6 10 14 -10 -11 -12 -13 -14 -15 -16
leaf_value=-0.0020092559813737506 0.0026776926605124284 0.00063389283355190528 0.0033767802746332586 0.00060425883414887084 -0.00032396382283529949 -0.00031698077619692403 -0.0058929708026726948 0.0041285889861123679 0.0011712933708905103 0.0036428896573041753 -0.0034886103349211937 -0.0014253982848131579 -0.0019067149435490701 0.0011038151721360875 0.011261263431633056
leaf_weight=277 53 375 357 5403 3597 3696 138 246 301 126 276 2121 138 555 62
leaf_count=277 53 375 357 5403 3597 3696 138 246 301 126 276 2121 138 555 62
internal_value=-7.61808e-05 0.000450036 0.00475975 3.65344e-05 0.000633333 -0.00137056 -0.00201995 0.00265823 -0.0011934 -0.00186104 -0.01 -0.00211538 -0.00361257 0.00651316 0.00857143
internal_weight=17721 12599 1103 11496 9000 5122 4411 711 3997 403 414 2496 191 912 308
internal_count=17721 12599 1103 11496 9000 5122 4411 711 3997 403 414 2496 191 912 308
is_linear=0
shrinkage=0.03


Tree=79
num_leaves=14
num_cat=0
split_feature=11 35 18 37 8 31 10 29 15 20 15 10 38
split_gain=13.007 27.1665 15.0406 16.6272 20.399 12.6805 12.4565 12.4403 12.1108 11.3052 8.37363 7.96961 2.15793
threshold=0.78571429848670971 1.050996780395508 69.68500137329103 0.32461807131767279 0.33642856776714331 0.62315064668655407 0.32501055300235754 0.47789001464843756 66.500000000000014 0.94049999117851268 55.500000000000007 0.21744014322757724 0.86102998256683361
decision_type=2 2 2 2 2 2 2 2 2 2 2 2 2
left_child=2 5 3 6 -5 9 -1 10 -9 -2 -4 -7 -3
right_child=1 12 7 4 -6 11 -8 8 -10 -11 -12 -13 -14
leaf_value=0.0007010684222827899 0.0010047676927873981 0.010293134453895271 -0.00054667567842136384 -0.0025960314946202922 -0.00034776348707382096 -0.0010095077213277159 -0.0018200108263262099 0.00022001403969739458 -0.0018091730301884369 -0.0019282649438051016 0.0011348850076037093 0.0025238289450274639 0.026867225679823206
leaf_weight=824 159 51 117 198 8992 76 87 5177 324 186 989 477 64
leaf_count=824 159 51 117 198 8992 76 87 5177 324 186 989 477 64
internal_value=-7.2795e-05 0.00322804 -0.000272923 -0.00100089 -0.00138411 0.00146993 0.00286498 0.000840018 0.000256317 -0.00304348 0.00374322 0.00428571 0.0169565
internal_weight=17721 1013 16708 10101 9190 898 911 6607 5501 345 1106 553 115
internal_count=17721 1013 16708 10101 9190 898 911 6607 5501 345 1106 553 115
is_linear=0
shrinkage=0.03


Tree=80
num_leaves=16
num_cat=0
split_feature=2 15 14 15 30 37 32 8 0 31 36 34 34 10 35
split_gain=13.183 22.0307 26.9843 30.1911 20.0455 19.8136 15.7048 15.35 15.3243 14.4344 13.0007 12.4055 11.4158 10.7829 9.48645
threshold=0.5900000035762788 64.500000000000014 0.81174489855766307 63.500000000000007 0.072953157126903548 0.41471675038337713 0.022409791126847271 0.42285713553428655 6.5000000000000009 0.48584502935409551 0.012477901764214041 0.012857499066740276 0.013790223747491838 0.21457840502262118 0.46890911459922796
decision_type=2 2 2 2 2 2 2 2 2 2 2 2 2 2 2
left_child=5 2 3 -2 6 10 -3 9 -6 -7 14 -9 -4 -12 -1
right_child=1 4 12 -5 8 7 -8 11 -10 -11 13 -13 -14 -15 -16
leaf_value=0.00012828007214492717 8.7167812918797816e-05 -0.00065746285559106343 0.0016404088589367541 0.0025915990168342961 -0.0017588825807322509 -0.0032607383071257623 0.0017137282038995258 -3.4454529901123617e-05 0.00096209980191205434 -0.00094349131784538843 0.0023476229732129631 -0.0012702027055108687 0.0037670872134500074 -0.00010313365691613334 -0.00087344348975749184
leaf_weight=2421 6490 767 377 768 1774 114 628 1632 378 262 81 1384 309 55 281
leaf_count=2421 6490 767 377 768 1774 114 628 1632 378 262 81 1384 309 55 281
internal_value=-8.29524e-05 0.000519537 0.00139728 0.000859741 -0.00144629 -0.00119422 0.00135484 -0.00274175 -0.00326208 -0.00845745 0.000655391 -0.00202918 0.00708455 0.00970588 0.000199852
internal_weight=17721 11491 7944 7258 3547 6230 1395 3392 2152 376 2838 3016 686 136 2702
internal_count=17721 11491 7944 7258 3547 6230 1395 3392 2152 376 2838 3016 686 136 2702
is_linear=0
shrinkage=0.03


Tree=81
num_leaves=9
num_cat=0
split_feature=1 2 2 10 33 37 15 7
split_gain=12.4312 19.0397 16.9859 13.8971 15.263 5.37751 6.62745 3.82228
threshold=4.9500000476837167 7.8500001430511483 6.3500001430511483 3.6207566261291508 1.4416679143905642 5.0703568458557138 62.500000000000007 4.2642858028411874
decision_type=2 2 2 2 2 2 2 2
left_child=2 5 3 4 -1 7 -7 -2
right_child=1 -3 -4 -5 -6 6 -8 -9
leaf_value=-4.7694346864696723e-05 0.0098237011208823447 -0.0094290314173059546 -0.025345359786482474 -0.01488345575657799 0.0038622189158370249 0.022109332311343231 -0.0030073710355055256 0.016961022750007656
leaf_weight=17009 50 65 63 64 314 51 51 54
leaf_count=17009 50 65 63 64 314 51 51 54
internal_value=-6.60234e-05 0.00630996 -0.000165043 -0.000108702 -5.71495e-05 0.0107767 0.00588235 0.0155769
internal_weight=17721 271 17450 17387 17323 206 102 104
internal_count=17721 271 17450 17387 17323 206 102 104
is_linear=0
shrinkage=0.03


Tree=82
num_leaves=15
num_cat=0
split_feature=18 19 13 4 35 15 15 31 33 34 33 38 20 34
split_gain=12.4299 18.7294 13.8352 31.2059 29.6627 13.4044 24.0309 16.1682 12.8823 12.295 9.51665 8.8343 6.50025 3.39711
threshold=69.68500137329103 1.7800000309944155 -0.60785761475563038 3.2500000000000004 0.92500078678131115 57.500000000000007 60.500000000000007 0.42513063549995428 1.4416679143905642 0.0061440516728907832 0.56767863035202037 0.30238173902034765 0.91650000214576732 0.017437067814171318
decision_type=2 2 2 2 2 2 2 2 2 2 2 2 2 2
left_child=1 2 4 -4 -1 8 9 -8 11 -7 12 -2 -3 -12
right_child=5 10 3 -5 -6 6 7 -9 -10 -11 13 -13 -14 -15
leaf_value=-0.00027739654648324783 -0.0011796058330573562 -0.0023535803163104003 -3.182998734014385e-05 0.01011297605377641 -0.0081280932409924754 0.0029042484340523539 0.00087299109404190593 -0.00068346299857617316 0.007269003903038509 0.0010301785785169426 -0.0074331256107140718 0.00010225038508954598 0.00054230248305088839 -0.0026022090742302347
leaf_weight=2783 1054 73 6984 287 339 528 381 1812 84 1759 75 1374 80 108
leaf_count=2783 1054 73 6984 287 339 528 381 1812 84 1759 75 1374 80 108
internal_value=-6.60234e-05 -0.000707428 -0.000482055 0.000235181 -0.00215247 0.000918192 0.00190179 -0.000341997 -0.000835987 0.00405334 -0.00767857 -0.00123558 -0.00215686 -0.0122951
internal_weight=17721 10729 10393 7271 3122 6992 4480 2193 2512 2287 336 2428 153 183
internal_count=17721 10729 10393 7271 3122 6992 4480 2193 2512 2287 336 2428 153 183
is_linear=0
shrinkage=0.03


Tree=83
num_leaves=16
num_cat=0
split_feature=27 34 7 20 13 17 32 34 1 35 31 20 25 10 18
split_gain=12.7299 23.0935 17.6532 15.5548 17.5976 14.7084 19.4835 18.9046 14.8024 12.2744 11.7903 11.0806 14.4018 10.4157 3.77896
threshold=0.56038483977317821 0.0037851262604817752 0.39857143163681036 0.83149999380111705 1.0000000180025095e-35 23.095000267028812 0.001946791308000684 0.016132880467921499 0.5900000035762788 0.40399101376533514 0.77976381778717052 0.7775000035762788 0.5767168700695039 1.1692485809326174 69.674999237060561
decision_type=2 2 2 2 2 2 2 2 2 2 2 2 2 2 2
left_child=5 2 14 9 -5 6 8 -8 -1 -3 -4 12 -7 -13 -2
right_child=1 3 10 4 -6 11 7 -9 -10 -11 -12 13 -14 -15 -16
leaf_value=-0.00015937232687860981 -0.002459911535280892 0.00059238132373866186 0.0020089757646128263 0.00058089501368337605 -0.00030555384511684344 -0.0028954035981882576 0.00027960966534366281 -0.001770461259887432 -0.0033427386769657075 -0.0013374466975380724 -0.00091262454178148373 -0.00097775066444542131 0.0045283367708040985 -0.0042563671988352777 -3.5898324854096301e-05
leaf_weight=82 62 375 922 5403 3597 62 2852 447 92 2121 68 1409 128 50 51
leaf_count=82 62 375 922 5403 3597 62 2852 447 92 2121 68 1409 128 50 51
internal_value=-6.26375e-05 0.000450036 0.00459655 5.21921e-05 0.000633333 -0.0013237 -0.000215952 0.000300091 -0.01 -0.00204327 0.00587879 -0.00365676 0.00315789 -0.00454421 -0.00663717
internal_weight=17721 12599 1103 11496 9000 5122 3473 3299 174 2496 990 1649 190 1459 113
internal_count=17721 12599 1103 11496 9000 5122 3473 3299 174 2496 990 1649 190 1459 113
is_linear=0
shrinkage=0.03


Tree=84
num_leaves=13
num_cat=0
split_feature=3 35 20 37 11 35 26 36 15 32 3 0
split_gain=13.1629 22.9199 26.1332 31.1931 22.6142 21.3803 20.9063 16.0988 15.8369 16.6183 11.257 11.0585
threshold=1.1749999523162844 0.34099149703979498 0.98350000381469738 1.9408659338951113 0.78571429848670971 0.49351923167705541 0.040196631103754051 0.0066239710431545981 60.500000000000007 0.039722135290503509 0.60500001907348644 3.5000000000000004
decision_type=2 2 2 2 2 2 2 2 2 2 2 2
left_child=5 -2 3 -3 -4 6 10 -8 11 -10 -1 -7
right_child=1 2 4 -5 -6 8 7 -9 9 -11 -12 -13
leaf_value=0.0003379671858544539 -0.0040026516427344883 0.00088586547587646519 0.001474252583461897 -0.0041071815976027005 0.011783971067396508 -0.00076407824973877747 -0.00029160714011426187 0.00090486003251829096 -0.00019230694506114712 -0.0015144962815708584 0.0016834404903216631 0.00090575687980199489
leaf_weight=2085 71 1387 2210 840 174 1094 4280 882 1213 1851 586 1048
leaf_count=2085 71 1387 2210 840 174 1094 4280 882 1213 1851 586 1048
internal_value=-8.29524e-05 0.0012815 0.00154196 -0.000794791 0.00372483 -0.000572897 0.000417465 -0.000697404 -0.002063 -0.00344648 0.00257207 -8.40336e-05
internal_weight=17721 4682 4611 2227 2384 13039 7833 5162 5206 3064 2671 2142
internal_count=17721 4682 4611 2227 2384 13039 7833 5162 5206 3064 2671 2142
is_linear=0
shrinkage=0.03


Tree=85
num_leaves=16
num_cat=0
split_feature=2 15 14 15 30 37 0 32 30 36 34 34 36 10 1
split_gain=12.73 18.8847 24.4439 28.2401 18.746 17.2266 15.1214 14.492 13.0063 15.1057 11.3694 11.2111 10.8652 11.2261 9.27037
threshold=0.5900000035762788 64.500000000000014 0.81174489855766307 63.500000000000007 0.072953157126903548 0.41471675038337713 6.5000000000000009 0.022409791126847271 0.11780798807740213 0.00077275143121369194 0.005864776438102127 0.013790223747491838 0.012477901764214041 0.21457840502262118 0.88499999046325695
decision_type=2 2 2 2 2 2 2 2 2 2 2 2 2 2 2
left_child=5 2 3 -2 7 12 -6 -3 9 -7 -10 -4 14 -14 -1
right_child=1 4 11 -5 6 8 -8 -9 10 -11 -12 -13 13 -15 -16
leaf_value=7.6390158201163208e-05 7.4138925902772815e-05 -0.00065811758034322676 0.0016029601638480216 0.0024944153311335744 -0.0016647425124628888 -0.0021317382180700336 0.0010618652040509577 0.0016235804704143565 -0.0025926445540713373 -9.701678081290776e-05 -0.0010409270721381831 0.0035805972554101445 0.0022423743594309625 -0.00011563310280454754 -0.0023127401855046071
leaf_weight=2612 6490 767 377 768 1774 170 378 628 50 2070 1102 309 81 55 90
leaf_count=2612 6490 767 377 768 1774 170 378 628 50 2070 1102 309 81 55 90
internal_value=-8.29524e-05 0.000509094 0.00132175 0.000810141 -0.00131097 -0.00117496 -0.00306691 0.00139785 -0.00261792 -0.00128571 -0.00520833 0.00673469 0.000549683 0.00882353 0.000133235
internal_weight=17721 11491 7944 7258 3547 6230 2152 1395 3392 2240 1152 686 2838 136 2702
internal_count=17721 11491 7944 7258 3547 6230 2152 1395 3392 2240 1152 686 2838 136 2702
is_linear=0
shrinkage=0.03


Tree=86
num_leaves=12
num_cat=0
split_feature=19 38 5 20 7 36 37 13 37 2 37
split_gain=12.4204 13.8441 17.5282 16.9048 16.5082 21.108 17.2329 15.4541 9.21535 8.90541 8.22112
threshold=1.7800000309944155 0.28393860161304479 0.97500002384185802 0.68750000000000011 0.48642857372760778 0.0046500656753778466 0.26832713186740881 1.0000000180025095e-35 2.1896330118179326 1.4950000047683718 0.51444745063781749
decision_type=2 2 2 2 2 2 2 2 2 2 2
left_child=1 2 7 -4 6 -6 -3 -1 9 10 -2
right_child=8 4 3 -5 5 -7 -8 -9 -10 -11 -12
leaf_value=-0.00023169645745378203 0.00016532147288772874 0.0010290371720958226 -0.0018254211079809389 0.00087740937826653203 0.0013491812128278342 0.00016740099259126632 -0.00037916276636792734 -0.0011641931923688962 -0.018199592107615025 0.0030078441784754137 -0.0023923228888647337
leaf_weight=2451 156 455 387 2190 2122 5514 2618 1341 61 87 339
leaf_count=2451 156 455 387 2190 2122 5514 2618 1341 61 87 339
internal_value=-5.92517e-05 9.48589e-05 -0.00101272 0.000896391 0.000753572 0.00150079 -0.00110316 -0.00231013 -0.00415241 -0.00298969 -0.00454545
internal_weight=17721 17078 6369 2577 10709 7636 3073 3792 643 582 495
internal_count=17721 17078 6369 2577 10709 7636 3073 3792 643 582 495
is_linear=0
shrinkage=0.03


Tree=87
num_leaves=8
num_cat=0
split_feature=1 2 2 10 33 13 34
split_gain=11.9086 17.0537 16.9392 13.9591 15.9179 5.26932 4.88688
threshold=5.0499999523162851 6.3500001430511483 7.4500000476837167 3.6207566261291508 1.4416679143905642 -1.0000000180025095e-35 0.011756666935980322
decision_type=2 2 2 2 2 2 2
left_child=1 3 5 4 -1 -2 -7
right_child=2 -3 -4 -5 -6 6 -8
leaf_value=-3.644189015984703e-05 0.0069297771540069901 -0.024622078527156265 -0.0086915909135044777 -0.014410599331720822 0.0037106534251959596 0.024610502806740375 0.0098667549270993454
leaf_weight=17017 63 63 78 64 316 68 52
leaf_count=17017 63 63 78 64 316 68 52
internal_value=-3.89369e-05 -0.000134021 0.00632184 -7.75996e-05 -2.5962e-05 0.0113115 0.015
internal_weight=17721 17460 261 17397 17333 183 120
internal_count=17721 17460 261 17397 17333 183 120
is_linear=0
shrinkage=0.03


Tree=88
num_leaves=6
num_cat=0
split_feature=4 2 1 10 37
split_gain=11.91 17.3305 16.1943 14.6051 6.9159
threshold=7.5499999523162851 7.4500000476837167 5.0499999523162851 3.6207566261291508 5.0703568458557138
decision_type=2 2 2 2 2
left_child=1 2 3 -1 -4
right_child=-2 -3 4 -5 -6
leaf_value=-1.0618802599266438e-05 0.032238350835297511 -0.029478440862183323 0.01275069988806039 -0.013114686171216777 0.0013393512624467669
leaf_weight=17353 53 87 94 65 69
leaf_count=17353 53 87 94 65 69
internal_value=-4.90943e-05 -9.16912e-05 -2.55958e-05 -0.000113676 0.0093865
internal_weight=17721 17668 17581 17418 163
internal_count=17721 17668 17581 17418 163
is_linear=0
shrinkage=0.03


Tree=89
num_leaves=6
num_cat=0
split_feature=4 2 1 0 13
split_gain=11.9044 17.3393 13.7492 11.4454 8.20125
threshold=7.5499999523162851 7.4500000476837167 5.0499999523162851 2.5000000000000004 -1.0000000180025095e-35
decision_type=2 2 2 2 2
left_child=1 2 3 -1 -4
right_child=-2 -3 4 -5 -6
leaf_value=-0.00031974348664813709 0.031271200310238584 -0.028594087636317822 -1.8334882961479337e-05 0.00010344327713993367 0.012730407865141086
leaf_weight=5117 53 87 57 12301 106
leaf_count=5117 53 87 57 12301 106
internal_value=-4.57085e-05 -8.82952e-05 -2.2183e-05 -0.000103341 0.00865031
internal_weight=17721 17668 17581 17418 163
internal_count=17721 17668 17581 17418 163
is_linear=0
shrinkage=0.03


Tree=90
num_leaves=7
num_cat=0
split_feature=4 37 1 36 3 16
split_gain=11.876 16.9319 18.7709 14.0261 12.2653 7.6596
threshold=7.5499999523162851 5.0703568458557138 5.0499999523162851 0.0093353795818984526 1.1749999523162844 1.5207499861717226
decision_type=2 2 2 2 2 2
left_child=1 2 4 5 -1 -3
right_child=-2 3 -4 -5 -6 -7
leaf_value=-0.00011298399004623748 0.030333064300931429 -0.0250763076684688 0.011986266655464345 0.0025731183452380392 0.00071271060891319772 -0.0064292343548832615
leaf_weight=13028 53 101 94 69 4320 56
leaf_count=13028 53 101 94 69 4320 56
internal_value=-2.87794e-05 -7.13154e-05 3.43997e-05 -0.00823009 -3.80447e-05 -0.0131847
internal_weight=17721 17668 17442 226 17348 157
internal_count=17721 17668 17442 226 17348 157
is_linear=0
shrinkage=0.03


Tree=91
num_leaves=15
num_cat=0
split_feature=38 11 27 20 10 20 36 38 2 26 10 36 8 13
split_gain=11.851 18.2959 14.0813 19.7852 24.7672 18.5512 19.0722 13.26 11.8249 16.1046 13.8006 10.6544 10.3906 3.71014
threshold=0.45954021811485296 1.0000000180025095e-35 0.56038483977317821 0.78349998593330394 1.0251879096031191 0.67550000548362743 0.012477901764214041 0.25152911245822912 0.47499999403953558 0.030451830476522449 0.61957535147666942 0.0037851262604817752 0.48499999940395361 1.0000000180025095e-35
decision_type=2 2 2 2 2 2 2 2 2 2 2 2 2 2
left_child=2 11 3 12 -5 7 -7 -4 10 -10 -3 -2 -1 -13
right_child=1 8 5 4 -6 6 -8 -9 9 -11 -12 13 -14 -15
leaf_value=-0.0011097939630302174 0.0005963504437645886 -0.00023118390507039852 -0.0024467749457465072 -0.00054729033007254446 -0.0042361202776372044 7.3617376304191014e-06 0.0015966921431934558 0.00033513626139045571 -0.0018537146975995643 0.0011786824525766245 0.0078538182367910731 -0.002330316593224269 0.0055318705382957885 -0.0027070679746793737
leaf_weight=83 59 1019 415 3070 141 8157 872 265 281 2874 65 100 228 92
leaf_count=83 59 1019 415 3070 141 8157 872 265 281 2874 65 100 228 92
internal_value=-3.5551e-05 0.00129621 -0.000487491 -0.00211244 -0.00281221 0.000101967 0.000461845 -0.00467647 0.00176221 0.00269097 -0.000940959 -0.00657371 0.00511254 -0.01
internal_weight=17721 4490 13231 3522 3211 9709 9029 680 4239 3155 1084 251 311 192
internal_count=17721 4490 13231 3522 3211 9709 9029 680 4239 3155 1084 251 311 192
is_linear=0
shrinkage=0.03


Tree=92
num_leaves=12
num_cat=0
split_feature=38 33 10 4 10 7 20 3 15 38 26
split_gain=11.3901 14.7978 19.6924 14.2139 19.2867 15.4013 13.9638 10.5395 10.2744 5.34686 2.01031
threshold=0.28063574433326727 1.5071119666099551 1.1982809305191042 7.2000000476837167 2.4144439697265629 0.48642857372760778 0.67550000548362743 3.0499999523162846 61.500000000000007 0.21037272363901141 0.03899818845093251
decision_type=2 2 2 2 2 2 2 2 2 2 2
left_child=1 2 6 4 5 -2 -1 10 -6 -4 -3
right_child=3 7 9 -5 8 -7 -8 -9 -10 -11 -12
leaf_value=-0.0019172383584658377 -0.00021145653283380705 0.0022103453768238788 -0.0084383572512071355 0.032911629437414679 -0.0030508848292525163 0.00042408365681559363 -0.0001904733773521836 0.012352840467894094 -0.018398267364693518 -0.0036333465205943454 -0.0015686390878420855
leaf_weight=502 3203 59 77 52 80 7864 5590 87 81 76 50
leaf_count=502 3203 59 77 52 80 7864 5590 87 81 76 50
internal_value=-6.94092e-05 -0.00107592 -0.00133066 0.000505319 0.000432846 0.000582814 -0.00106369 0.00704082 -0.00987578 -0.0119608 0.000825688
internal_weight=17721 6441 6245 11280 11228 11067 6092 196 161 153 109
internal_count=17721 6441 6245 11280 11228 11067 6092 196 161 153 109
is_linear=0
shrinkage=0.03


Tree=93
num_leaves=13
num_cat=0
split_feature=3 35 20 37 35 36 26 15 25 36 16 37
split_gain=10.7347 22.6084 24.3212 22.6154 20.9164 20.665 18.2147 14.572 15.7745 14.4352 10.7081 9.89484
threshold=1.1749999523162844 0.34099149703979498 0.86050000786781322 1.9834612011909487 0.49351923167705541 0.011157446075230839 0.040196631103754051 60.500000000000007 0.54366037249565136 0.0066239710431545981 1.129350006580353 1.3165107369422915
decision_type=2 2 2 2 2 2 2 2 2 2 2 2
left_child=4 -2 3 -3 6 -4 10 11 -9 -8 -1 -6
right_child=1 2 5 -5 7 -7 9 8 -10 -11 -12 -13
leaf_value=0.0021346053638980687 -0.0036965139803128415 0.00067613024902865527 0.0008306150262059977 -0.0038369146827076212 -0.00019478402534384016 0.0036257787311603502 -0.00027246889357287769 0.0003827065300532653 -0.0014118821227102542 0.00087010983094078296 0.00043396475431421293 0.005612999576169171
leaf_weight=233 71 927 2332 690 2007 662 4280 544 2520 882 2438 135
leaf_count=233 71 927 2332 690 2007 662 4280 544 2520 882 2438 135
internal_value=-6.60234e-05 0.00116617 0.00142485 -0.00153989 -0.000508475 0.00302605 0.000471084 -0.00198233 -0.0033094 -0.000569547 0.00248222 -8.40336e-05
internal_weight=17721 4682 4611 1617 13039 2994 7833 5206 3064 5162 2671 2142
internal_count=17721 4682 4611 1617 13039 2994 7833 5206 3064 5162 2671 2142
is_linear=0
shrinkage=0.03


Tree=94
num_leaves=12
num_cat=0
split_feature=38 33 10 4 10 7 20 3 15 38 26
split_gain=10.8596 14.6623 18.4036 14.2139 19.2867 15.074 12.1124 10.5395 10.2744 6.3268 2.01031
threshold=0.28063574433326727 1.5071119666099551 1.1982809305191042 7.2000000476837167 2.4144439697265629 0.48642857372760778 0.67550000548362743 3.0499999523162846 61.500000000000007 0.22828517854213717 0.03899818845093251
decision_type=2 2 2 2 2 2 2 2 2 2 2
left_child=1 2 6 4 5 -2 -1 10 -6 -4 -3
right_child=3 7 9 -5 8 -7 -8 -9 -10 -11 -12
leaf_value=-0.0018324411286630639 -0.00019748874645992049 0.0020352616535843525 -0.0079779065590476327 0.031899362103506058 -0.0030560125034105688 0.0004049377504159624 -0.00018319882994607267 0.011873481891922461 -0.017803962880071408 -0.0026859751321188651 -0.0016303532771416334
leaf_weight=502 3203 59 102 52 80 7864 5590 87 81 51 50
leaf_count=502 3203 59 102 52 80 7864 5590 87 81 51 50
internal_value=-5.58659e-05 -0.00103866 -0.00129223 0.000505319 0.000432846 0.000582814 -0.00103414 0.00704082 -0.00987578 -0.0115686 0.000825688
internal_weight=17721 6441 6245 11280 11228 11067 6092 196 161 153 109
internal_count=17721 6441 6245 11280 11228 11067 6092 196 161 153 109
is_linear=0
shrinkage=0.03


Tree=95
num_leaves=14
num_cat=0
split_feature=19 7 15 35 36 33 0 11 15 3 33 31 34
split_gain=10.7223 12.3988 22.8239 19.8929 19.4781 17.2175 14.9798 13.2313 9.64151 10.5445 8.55042 5.96681 1.83828
threshold=1.7800000309944155 0.93214285373687755 64.500000000000014 0.49351923167705541 0.0068490179255604753 0.99235436320304882 6.5000000000000009 0.92857143282890331 64.500000000000014 0.3900000005960465 0.42751051485538488 0.58058691024780285 0.012141687329858543
decision_type=2 2 2 2 2 2 2 2 2 2 2 2 2
left_child=1 3 5 4 -1 -3 -4 -5 9 -2 -11 -10 -13
right_child=8 2 6 7 -6 -7 -8 -9 11 10 -12 12 -14
leaf_value=-4.7377946014168278e-05 0.0030608625699319702 0.0016474955733493072 -0.0016739309678454768 -0.00078555839621264841 0.0010631360903674933 -0.00078954334147968565 0.002445926171331411 0.0040911235074749626 -0.0019684964862758622 -0.0024534620436354481 -0.00024941818315232897 -0.0071872401103154314 -0.00337359821468757
leaf_weight=6390 56 3105 1315 3611 1195 1041 323 98 78 59 335 58 57
leaf_count=6390 56 3105 1315 3611 1195 1041 323 98 78 59 335 58 57
internal_value=-6.94092e-05 7.37791e-05 0.00120332 -0.000504693 0.000375742 0.00238784 -0.00179487 -0.0023052 -0.00387247 -0.00146667 -0.00319797 -0.00948187 -0.0138261
internal_weight=17721 17078 5784 11294 7585 4146 1638 3709 643 450 394 193 115
internal_count=17721 17078 5784 11294 7585 4146 1638 3709 643 450 394 193 115
is_linear=0
shrinkage=0.03


Tree=96
num_leaves=13
num_cat=0
split_feature=38 4 10 7 5 20 36 34 17 35 15 8
split_gain=10.7064 13.4213 18.2111 14.0462 13.3739 13.9317 16.2877 12.5278 18.8529 17.5913 10.408 8.92086
threshold=0.28393860161304479 7.2000000476837167 2.4144439697265629 0.48642857372760778 0.83500000834465038 0.73649999499320995 0.012477901764214041 0.016132880467921499 22.994999885559086 0.41212874650955206 61.500000000000007 0.44321428239345556
decision_type=2 2 2 2 2 2 2 2 2 2 2 2
left_child=4 2 3 -2 7 11 -7 8 -1 -9 -4 -6
right_child=1 -3 10 -5 5 6 -8 9 -10 -11 -12 -13
leaf_value=0.00039761506973545551 -0.00018667277429307974 0.031950271323015082 -0.0034716754259054147 0.00040530345585818039 -0.0019254242577719041 0.00010858782845420492 0.0023515226424609 -0.0038451943681192999 -0.00095870275510659582 -0.0010183759449601533 -0.017533495119608767 -0.0013394316355527923
leaf_weight=1139 3168 51 79 7762 54 2136 461 152 1021 1139 80 479
leaf_count=1139 3168 51 79 7762 54 2136 461 152 1021 1139 80 479
internal_value=-3.89369e-05 0.000527828 0.00045721 0.000603843 -0.000998329 0.000421725 0.00132846 -0.00228629 -0.000888889 -0.00462432 -0.00962264 -0.00399625
internal_weight=17721 11140 11089 10930 6581 3130 2597 3451 2160 1291 159 533
internal_count=17721 11140 11089 10930 6581 3130 2597 3451 2160 1291 159 533
is_linear=0
shrinkage=0.03


Tree=97
num_leaves=15
num_cat=0
split_feature=27 20 3 35 20 37 4 20 27 10 9 17 10 20
split_gain=10.4797 19.7019 22.3316 21.8053 21.4498 18.7517 17.0294 13.5363 29.4605 19.4895 17.6694 15.6585 13.0172 12.9569
threshold=0.56038483977317821 0.8555000126361848 1.1749999523162844 1.5273656249046328 0.86050000786781322 2.0497922897338872 2.3500000238418584 0.78550001978874218 0.49020150303840643 0.84621003270149242 0.37053571641445165 21.994999885559086 0.25618712604045873 0.6290000081062318
decision_type=2 2 2 2 2 2 2 2 2 2 2 2 2 2
left_child=7 5 4 -4 -3 13 -7 9 10 11 -9 -1 -10 -2
right_child=1 2 3 -5 -6 6 -8 8 12 -11 -12 -13 -14 -15
leaf_value=0.010218554363051104 -0.0012893058196700841 0.0039651629604426078 0.0025298237242406792 -0.0017721968315649933 -3.963931904409044e-06 -0.0065941596473540831 -0.00066944383424943237 0.0019950869579286124 0.0012875198118051511 0.014487262198514837 -0.00032472827784584647 -0.00028689936647183738 -0.0050878023460135847 9.4298502900869437e-05
leaf_weight=58 332 134 1951 673 6799 326 313 208 52 97 3789 556 362 2071
leaf_count=58 332 134 1951 673 6799 326 313 208 52 97 3789 556 362 2071
internal_value=-3.89369e-05 0.000426224 0.00109553 0.00345274 0.000203375 -0.00167653 -0.00624413 -0.00118313 -0.00180231 0.00265823 -0.00101326 0.000684039 -0.00942029 -0.000461923
internal_weight=17721 12599 9557 2624 6933 3042 639 5122 4411 711 3997 614 414 2403
internal_count=17721 12599 9557 2624 6933 3042 639 5122 4411 711 3997 614 414 2403
is_linear=0
shrinkage=0.03


Tree=98
num_leaves=16
num_cat=0
split_feature=27 20 8 32 37 35 4 17 32 34 1 33 20 25 10
split_gain=10.5991 17.9944 21.2945 22.6414 18.6287 16.863 16.3956 13.9028 17.1549 15.859 12.6815 10.9067 10.4969 12.1488 10.293
threshold=0.56038483977317821 0.8555000126361848 1.0364285707473757 0.056511178612709052 2.0497922897338872 0.49864706397056585 2.3500000238418584 23.095000267028812 0.001946791308000684 0.016132880467921499 0.5900000035762788 0.42174685001373297 0.7775000035762788 0.5767168700695039 0.86254441738128673
decision_type=2 2 2 2 2 2 2 2 2 2 2 2 2 2 2
left_child=7 4 5 -4 11 -3 -6 8 10 -10 -1 -2 13 -9 -14
right_child=1 2 3 -5 6 -7 -8 12 9 -11 -12 -13 14 -15 -16
leaf_value=-0.00015615897519119664 0.0011619017899334918 0.00031923838524659928 0.0034482348770745381 0.00031745577609950087 -0.0063963348579334596 -0.00053796797631702905 -0.00064936051922194927 -0.0028294779089442393 0.00026856685045649107 -0.0016295672633453223 -0.0032955950173501952 -0.0003813404206067888 -0.00089980726449955721 0.0043020717549955879 -0.0034278498970961185
leaf_weight=82 397 3899 1448 1561 326 2649 313 62 2852 447 92 2006 1357 128 102
leaf_count=82 397 3899 1448 1561 326 2649 313 62 2852 447 92 2006 1357 128 102
internal_value=-5.58659e-05 0.000411937 0.00105159 0.00314058 -0.00159763 9.1631e-05 -0.00615023 -0.00120656 -0.000129571 0.000354653 -0.00931034 -0.000387016 -0.00347483 0.00315789 -0.00433859
internal_weight=17721 12599 9557 3009 3042 6548 639 5122 3473 3299 174 2403 1649 190 1459
internal_count=17721 12599 9557 3009 3042 6548 639 5122 3473 3299 174 2403 1649 190 1459
is_linear=0
shrinkage=0.03


Tree=99
num_leaves=15
num_cat=0
split_feature=14 15 34 32 20 25 38 7 33 8 37 33 36 36
split_gain=11.2131 18.8723 18.0113 16.5543 11.8543 10.4347 10.1883 12.5142 14.0106 12.4045 12.2168 10.3082 8.11299 5.11866
threshold=0.81174489855766307 66.500000000000014 0.012857499066740276 0.018998838961124424 0.88449999690055858 0.56259027123451244 0.28393860161304479 0.48642857372760778 0.38072425127029424 0.31071428954601293 0.26832713186740881 1.5071119666099551 0.011065258178859951 0.0014234894770197572
decision_type=2 2 2 2 2 2 2 2 2 2 2 2 2 2
left_child=6 3 5 13 -5 -3 9 10 -9 -1 -8 -11 -4 -2
right_child=1 2 12 4 -6 -7 7 8 -10 11 -12 -13 -14 -15
leaf_value=-0.0035827930444363538 -0.002178264734896844 0.0026614996139763818 -0.001458703936358654 0.00038194632834127651 0.0032242357621807597 0.00024796039586950323 0.0008813872712179606 0.0018315491694641814 0.00018984379379555948 -0.00040962578962372632 -0.00041829507674257687 0.0033300588732474972 0.00084368553850188712 -0.000160542940415241
leaf_weight=76 50 184 470 252 612 548 372 403 6582 5329 2344 166 145 188
leaf_count=76 50 184 470 252 612 548 372 403 6582 5329 2344 166 145 188
internal_value=-5.92517e-05 0.00182523 -0.000556793 0.00473684 0.00666667 0.00262295 -0.000361446 0.00022575 0.000897638 -0.00138395 -0.00150221 -0.00121747 -0.00434146 -0.00226891
internal_weight=17721 2449 1347 1102 864 732 15272 9701 6985 5571 2716 5495 615 238
internal_count=17721 2449 1347 1102 864 732 15272 9701 6985 5571 2716 5495 615 238
is_linear=0
shrinkage=0.03


Tree=100
num_leaves=15
num_cat=0
split_feature=26 35 27 7 32 34 8 20 17 5 1 6 7 38
split_gain=10.6395 14.8621 14.8331 19.3368 18.1147 17.7211 15.0166 18.3429 10.1003 10.8498 10.5 8.45461 10.3481 8.71182
threshold=0.034657223150134094 0.49226060509681707 0.56038483977317821 0.31642857193946844 0.04393295198678971 0.0037851262604817752 0.29428571462631231 0.92350000143051159 22.505000114440922 3.8500000238418584 0.68999999761581432 1.0000000180025095e-35 0.49642856419086462 0.55069449543952953
decision_type=2 2 2 2 2 2 2 2 2 2 2 2 2 2
left_child=1 11 6 4 -4 -5 -2 -8 10 -10 -3 13 -13 -1
right_child=2 8 3 5 -6 -7 7 -9 9 -11 -12 12 -14 -15
leaf_value=7.3655192510746871e-05 0.0022687133935653213 -0.0023243115005914458 -0.0030742544600452946 0.0015286499706240384 -0.00023867490085034227 0.00025678329032886361 0.00018490002333331393 -0.0007293091594306393 -0.00083361778300734336 0.0048384450542544579 -0.0013853063771152826 1.9863986299467685e-05 0.0015797816410818199 -0.0023150296288656572
leaf_weight=612 79 317 122 951 254 8791 1716 2434 1220 51 665 241 216 52
leaf_count=612 79 317 122 951 254 8791 1716 2434 1220 51 665 241 216 52
internal_value=-4.90943e-05 -0.00156491 0.000307381 0.000931014 -0.00574468 0.00118867 -0.00118468 -0.00143133 -0.00296937 -0.00120378 -0.00525458 0.00125781 0.00439825 -0.000903614
internal_weight=17721 3374 14347 10118 376 9742 4229 4150 2253 1271 982 1121 457 664
internal_count=17721 3374 14347 10118 376 9742 4229 4150 2253 1271 982 1121 457 664
is_linear=0
shrinkage=0.03


Tree=101
num_leaves=6
num_cat=0
split_feature=4 2 1 37 29
split_gain=10.1129 15.5536 11.8009 12.6377 3.24363
threshold=7.5499999523162851 7.4500000476837167 5.1499998569488534 5.0703568458557138 0.72101232409477245
decision_type=2 2 2 2 2
left_child=1 2 3 -1 -4
right_child=-2 -3 4 -5 -6
leaf_value=-1.115066096078223e-05 0.026381805907568452 -0.027288451718184364 0.012647762957446129 -0.014527348461192092 0.007569680554741413
leaf_weight=17368 53 87 74 75 64
leaf_count=17368 53 87 74 75 64
internal_value=-6.60234e-05 -0.000105275 -4.26597e-05 -0.000111793 0.00869565
internal_weight=17721 17668 17581 17443 138
internal_count=17721 17668 17581 17443 138
is_linear=0
shrinkage=0.03


Tree=102
num_leaves=13
num_cat=0
split_feature=11 4 37 9 13 36 36 38 38 35 15 11
split_gain=9.86157 14.5114 16.934 18.0837 11.6991 15.3416 12.6031 8.92537 11.9986 8.53813 6.76307 5.43229
threshold=0.21428572386503222 6.3999998569488534 5.0703568458557138 3.1000000238418584 1.0000000180025095e-35 0.012477901764214041 0.012025096453726293 0.44647191464900976 0.4043011218309403 0.51640444993972789 64.500000000000014 1.0000000180025095e-35
decision_type=2 2 2 2 2 2 2 2 2 2 2 2
left_child=4 2 3 -2 5 6 -1 8 -6 -7 -4 -9
right_child=1 -3 10 -5 7 9 -8 11 -10 -11 -12 -13
leaf_value=-1.4714545510685758e-05 6.3430857190486378e-05 0.020149774810936851 -0.0056924971155122919 0.0043266209369113304 -0.00069476611278988245 0.003582261381063062 -0.0033611515559186845 -0.0024784694854279019 0.0014327509844730981 0.0015127897143985588 -0.025798318217527448 -0.0012577859450066274
leaf_weight=3073 10900 55 89 477 1972 65 191 134 190 239 73 263
leaf_count=3073 10900 55 89 477 1972 65 191 134 190 239 73 263
internal_value=-6.94092e-05 0.000445058 0.000371783 0.000508922 -0.00104292 6.72646e-05 -0.000533088 -0.00259086 -0.00183164 0.00651316 -0.00925926 -0.00672544
internal_weight=17721 11594 11539 11377 6127 3568 3264 2559 2162 304 162 397
internal_count=17721 11594 11539 11377 6127 3568 3264 2559 2162 304 162 397
is_linear=0
shrinkage=0.03


Tree=103
num_leaves=15
num_cat=0
split_feature=26 27 7 20 32 8 20 35 8 11 6 7 38 27
split_gain=9.56262 13.5667 18.2228 17.3464 16.87 14.8853 16.9378 13.4 8.8946 9.67234 8.04106 9.72204 8.71182 5.46137
threshold=0.034657223150134094 0.56038483977317821 0.31642857193946844 0.8555000126361848 0.04393295198678971 0.29428571462631231 0.92350000143051159 0.49226060509681707 0.53714284300804149 1.0000000180025095e-35 1.0000000180025095e-35 0.49642856419086462 0.55069449543952953 0.63235479593276989
decision_type=2 2 2 2 2 2 2 2 2 2 2 2 2 2
left_child=7 5 4 -4 -3 -2 -7 10 13 -10 12 -12 -1 -9
right_child=1 2 3 -5 -6 6 -8 8 9 -11 11 -13 -14 -15
leaf_value=7.3209676359971133e-05 0.0021990835858714699 -0.0029835952321308266 -0.00033290118006188351 0.0006084970174215354 -0.00021807898903165838 0.00017873930899191612 -0.00070899829053461109 -2.4675818911642158e-05 -0.00221968179452872 -0.00062219131399263877 1.7699660823592527e-05 0.0015308197859624742 -0.002247147145886579 -0.0023508068724248056
leaf_weight=612 79 122 2279 7463 254 1716 2434 54 363 1706 241 216 52 130
leaf_count=612 79 122 2279 7463 254 1716 2434 54 363 1706 241 216 52 130
internal_value=-3.89369e-05 0.000299017 0.000895434 0.00114556 -0.00558511 -0.00112793 -0.00137349 -0.00147599 -0.00280959 -0.00224746 0.00120428 0.00426696 -0.000903614 -0.00913043
internal_weight=17721 14347 10118 9742 376 4229 4150 3374 2253 2069 1121 457 664 184
internal_count=17721 14347 10118 9742 376 4229 4150 3374 2253 2069 1121 457 664 184
is_linear=0
shrinkage=0.03


Tree=104
num_leaves=15
num_cat=0
split_feature=38 11 36 35 33 33 13 1 16 8 36 16 25 10
split_gain=9.86208 14.6095 13.3195 11.6884 16.6271 13.5939 12.9049 13.3744 12.1199 11.4765 20.5068 15.3644 4.03444 2.33951
threshold=0.45954021811485296 1.0000000180025095e-35 0.0037851262604817752 1.5273656249046328 1.3582696318626406 0.99235436320304882 -0.60785761475563038 3.1499999761581425 1.7675999999046328 1.1607142686843874 0.008042037487030031 1.1297500133514407 0.62299880385398876 1.4433722496032717
decision_type=2 2 2 2 2 2 2 2 2 2 2 2 2 2
left_child=3 2 -2 4 5 -1 13 -8 -6 11 -11 -3 -4 -5
right_child=1 9 12 6 8 -7 7 -9 -10 10 -12 -13 -14 -15
leaf_value=-6.6886147745013011e-05 0.00073799540026144256 0.001531685537553955 -0.0018540330692099162 -0.017734272298136247 0.0080350747413575827 -0.0026594607061346818 -0.0079000942034986865 0.0034656095062483424 -0.0011323525201816212 0.0033841326387375535 -0.0014639924505046847 -1.2417942565555711e-06 -0.0027243394378634799 -0.011383763557283546
leaf_weight=12119 59 204 122 50 177 463 124 134 106 945 306 2784 70 58
leaf_count=12119 59 204 122 50 177 463 124 134 106 945 306 2784 70 58
internal_value=-3.89369e-05 0.00117595 -0.00585657 -0.000451213 -0.000300816 -0.000462566 -0.0057377 -0.00209302 0.00689046 0.00159236 0.0040048 0.000582329 -0.0096875 -0.0144444
internal_weight=17721 4490 251 13231 12865 12582 366 258 283 4239 1251 2988 192 108
internal_count=17721 4490 251 13231 12865 12582 366 258 283 4239 1251 2988 192 108
is_linear=0
shrinkage=0.03


Tree=105
num_leaves=16
num_cat=0
split_feature=9 35 13 4 13 15 37 27 17 30 15 37 2 3 4
split_gain=9.79192 27.4833 38.3501 23.2819 12.3893 12.9316 18.5208 13.5354 12.116 11.2627 10.9794 9.71573 18.3306 13.9898 8.34033
threshold=1.4053571820259096 1.0132819116115572 -0.60785761475563038 2.3500000238418584 1.0000000180025095e-35 64.500000000000014 0.3601487278938294 0.56038483977317821 22.44999980926514 0.096192639321088805 57.500000000000007 0.40112881362438207 0.37500000000000006 0.68999999761581432 1.5500000119209292
decision_type=2 2 2 2 2 2 2 2 2 2 2 2 2 2 2
left_child=4 8 9 -4 5 7 -7 -1 14 -3 -10 12 -6 -13 -2
right_child=1 2 3 -5 11 6 -8 -9 10 -11 -12 13 -14 -15 -16
leaf_value=-0.00019126581955170824 -0.0021694821626297317 0.00064168017452469097 -0.0019095485787892932 0.0030580937706283541 -0.00040073678002584774 0.0010261404654428208 -0.00063125799320345804 0.00071426911791989511 0.0009733327705732514 -0.0098094947539799238 0.0052908078494980351 -0.0011000926767930281 0.00060510594953258081 -0.00023211118641413238 0.0031210072293450034
leaf_weight=1680 145 92 409 848 717 358 3008 3585 343 353 697 1720 874 2588 304
leaf_count=1680 145 92 409 848 717 358 3008 3585 343 353 697 1720 874 2588 304
internal_value=-2.87794e-05 0.00147603 -0.00112808 0.00155131 -0.000359257 0.000364964 -0.00108734 0.00129345 0.00445265 -0.00869663 0.00623077 -0.00141888 0.000584538 -0.00215877 0.000334076
internal_weight=17721 3191 1702 1257 14530 8631 3366 5265 1489 445 1040 5899 1591 4308 449
internal_count=17721 3191 1702 1257 14530 8631 3366 5265 1489 445 1040 5899 1591 4308 449
is_linear=0
shrinkage=0.03


Tree=106
num_leaves=11
num_cat=0
split_feature=38 11 36 2 1 8 36 16 31 25
split_gain=9.64053 13.6869 12.8136 11.6644 13.0707 11.4765 18.1932 13.174 11.1829 4.4856
threshold=0.45954021811485296 1.0000000180025095e-35 0.0037851262604817752 7.5499999523162851 5.2500000000000009 1.1607142686843874 0.008042037487030031 1.1297500133514407 0.42513063549995428 0.62299880385398876
decision_type=2 2 2 2 2 2 2 2 2 2
left_child=3 2 -2 4 8 7 -7 -3 -1 -4
right_child=1 5 9 -5 -6 6 -8 -9 -10 -11
leaf_value=0.0003142815466524461 0.00072281887384602339 0.0015082474132796196 -0.0018014776146762198 -0.019470611988763081 0.010979519279548445 0.0032594846694910685 -0.0014373008548671307 4.3732273321131453e-06 -0.00026005726085033786 -0.0026226261967794676
leaf_weight=2283 59 204 122 59 59 945 306 2784 10830 70
leaf_count=2283 59 204 122 59 59 945 306 2784 10830 70
internal_value=-1.18503e-05 0.00118931 -0.00561753 -0.000419469 -0.000359854 0.00159236 0.0040048 0.000582329 -0.000423244 -0.009375
internal_weight=17721 4490 251 13231 13172 4239 1251 2988 13113 192
internal_count=17721 4490 251 13231 13172 4239 1251 2988 13113 192
is_linear=0
shrinkage=0.03


Tree=107
num_leaves=14
num_cat=0
split_feature=19 19 15 15 7 10 8 15 37 3 5 33 4
split_gain=10.0808 10.7918 11.2426 16.7259 11.2088 12.8796 12.7856 9.59373 13.2003 6.99631 6.23295 4.24466 4.17273
threshold=1.7800000309944155 1.5799999833106997 57.500000000000007 60.500000000000007 0.87500000000000011 0.65029317140579235 0.89428570866584789 60.500000000000007 0.49188494682312017 0.65500000119209301 0.29000000655651098 0.42751051485538488 0.48999999463558203
decision_type=2 2 2 2 2 2 2 2 2 2 2 2 2
left_child=1 4 10 -4 6 -6 -1 11 -9 -10 -3 -2 -13
right_child=7 2 3 -5 5 -7 -8 8 9 -11 -12 12 -14
leaf_value=-0.00020529301646762395 -0.0010152809918654504 -0.0017321515607131878 0.0014887354182987985 0.00015285182386558333 0.000771502677311569 -0.0013364581509169937 -0.0021527991615720161 0.00015011091957575168 -0.0036879623282386471 -0.0024923418804694945 -0.00012581533136476344 0.0020816600230136604 9.7063667045504636e-05
leaf_weight=6045 50 207 1606 3932 2303 1108 271 88 67 222 1606 51 165
leaf_count=6045 50 207 1606 3932 2303 1108 271 88 67 222 1606 51 165
internal_value=1.69291e-06 0.000140532 0.00100803 0.00167931 -0.000515061 0.000870712 -0.00126346 -0.00368585 -0.00676393 -0.00986159 -0.00104247 0.000676692 0.0025
internal_weight=17721 17078 7351 5538 9727 3411 6316 643 377 289 1813 266 216
internal_count=17721 17078 7351 5538 9727 3411 6316 643 377 289 1813 266 216
is_linear=0
shrinkage=0.03


Tree=108
num_leaves=13
num_cat=0
split_feature=19 7 35 35 35 20 26 15 3 33 31 38
split_gain=9.57703 10.6328 25.4588 17.9906 17.717 15.2027 14.4525 9.53543 10.0878 9.05215 5.40163 1.4806
threshold=1.7800000309944155 0.71285715699195873 0.33800113201141363 0.4192300438880921 0.5056690275669099 0.99549999833107006 0.047471338883042342 64.500000000000014 0.3900000005960465 0.42751051485538488 0.58058691024780285 0.44166314601898199
decision_type=2 2 2 2 2 2 2 2 2 2 2 2
left_child=1 4 -3 -4 6 -6 -1 8 -2 -10 -9 -12
right_child=7 2 3 -5 5 -7 -8 10 9 -11 11 -13
leaf_value=0.00028915532954101305 0.0029255436165694978 -0.0039851647533847784 0.0016118212710542453 0.00023601255074974972 -0.00014128600149550044 -0.0016657430022119547 -0.00024172692385189919 -0.0016140553687924105 -0.0022452859407277779 -0.0003237978733852978 -0.0057226085450218815 -0.0039148014508472266
leaf_weight=3608 56 78 651 7592 931 1011 3207 78 59 335 62 53
leaf_count=3608 56 78 651 7592 931 1011 3207 78 59 335 62 53
internal_value=1.69291e-06 0.000137018 0.000904939 0.00106636 -0.000592669 -0.00312049 0.00012766 -0.00359253 -0.0012 -0.0028934 -0.00917098 -0.0133043
internal_weight=17721 17078 8321 8243 8757 1942 6815 643 450 394 193 115
internal_count=17721 17078 8321 8243 8757 1942 6815 643 450 394 193 115
is_linear=0
shrinkage=0.03


Tree=109
num_leaves=14
num_cat=0
split_feature=19 7 15 35 35 8 14 36 15 3 33 31 38
split_gain=9.1038 10.4138 21.2623 16.7562 16.4054 15.4875 14.9234 13.7109 9.8571 9.86331 7.66507 5.40163 1.4806
threshold=1.7800000309944155 0.93214285373687755 64.500000000000014 1.6935814023017886 0.43603140115737921 0.57821428775787365 0.81174489855766307 0.0016648048185743394 64.500000000000014 0.3900000005960465 0.42751051485538488 0.58058691024780285 0.44166314601898199
decision_type=2 2 2 2 2 2 2 2 2 2 2 2 2
left_child=1 4 6 -4 5 -1 -3 -6 9 -2 -11 -10 -13
right_child=8 2 3 -5 7 -7 -8 -9 11 10 -12 12 -14
leaf_value=-3.2594658524437014e-05 0.0028377773080724123 0.00076228421247127279 -0.00059701898259246317 -0.016952450002334113 -0.0021846998843943746 0.0009482461179036902 0.0044819296592363139 -0.00033343470245001446 -0.0015656337077286379 -0.0021779273625059446 -0.00031408393718373892 -0.0055509302886712249 -0.0037973574073218094
leaf_weight=3912 56 3791 1583 55 353 1510 355 5519 78 59 335 62 53
leaf_count=3912 56 3791 1583 55 353 1510 355 5519 78 59 335 62 53
internal_value=5.07872e-06 0.000137018 0.0011722 -0.00172161 -0.000393129 0.000796754 0.00231548 -0.00149183 -0.00349922 -0.00106667 -0.00274112 -0.00917098 -0.0133043
internal_weight=17721 17078 5784 1638 11294 5422 4146 5872 643 450 394 193 115
internal_count=17721 17078 5784 1638 11294 5422 4146 5872 643 450 394 193 115
is_linear=0
shrinkage=0.03


Tree=110
num_leaves=6
num_cat=0
split_feature=4 2 1 9 29
split_gain=9.99806 15.7378 12.7924 13.1377 3.83901
threshold=7.5499999523162851 7.4500000476837167 5.1499998569488534 5.4446427822113046 0.72101232409477245
decision_type=2 2 2 2 2
left_child=1 2 3 -1 -4
right_child=-2 -3 4 -5 -6
leaf_value=3.5582004806978545e-06 0.024650377800169244 -0.024775001971245905 0.012134867587698718 -0.014209398446772086 0.0071026794774996793
leaf_weight=17370 53 87 74 73 64
leaf_count=17370 53 87 74 73 64
internal_value=8.46453e-06 -3.05637e-05 3.24214e-05 -3.95574e-05 0.00913043
internal_weight=17721 17668 17581 17443 138
internal_count=17721 17668 17581 17443 138
is_linear=0
shrinkage=0.03


Tree=111
num_leaves=8
num_cat=0
split_feature=2 1 0 38 25 26 7
split_gain=9.52767 18.1944 9.82889 15.0609 12.0575 8.8331 4.0633
threshold=7.5499999523162851 5.6499998569488534 2.5000000000000004 0.44647191464900976 0.65423011779785167 0.053973296657204635 5.8714284896850595
decision_type=2 2 2 2 2 2 2
left_child=1 2 4 -4 -1 -2 -3
right_child=5 6 3 -5 -6 -7 -8
leaf_value=-0.00035965882494226094 -0.030505529375463723 0.020783394049527098 -4.9589323782594902e-05 0.00064197702337073065 0.0016283745848253582 -0.0001737993144790978 0.010227412982192069
leaf_weight=4949 56 51 9218 3131 192 59 65
leaf_count=4949 56 51 9218 3131 192 59 65
internal_value=-1.69291e-06 5.45269e-05 -2.40137e-05 0.000434853 -0.00112624 -0.0086087 0.0118966
internal_weight=17721 17606 17490 12349 5141 115 116
internal_count=17721 17606 17490 12349 5141 115 116
is_linear=0
shrinkage=0.03


Tree=112
num_leaves=14
num_cat=0
split_feature=19 7 15 35 35 36 0 3 15 10 10 33 20
split_gain=8.94616 9.80678 20.3575 16.7562 16.1266 17.7609 15.8705 11.4082 8.80614 7.94962 7.61676 5.72333 4.32047
threshold=1.7800000309944155 0.93214285373687755 64.500000000000014 1.6935814023017886 0.49351923167705541 0.0068490179255604753 1.5000000000000002 0.40999999642372137 64.500000000000014 0.82458767294883739 0.49933992326259619 0.60171973705291759 0.90549999475479137
decision_type=2 2 2 2 2 2 2 2 2 2 2 2 2
left_child=1 4 6 -4 5 -1 -3 -6 9 10 -2 12 -10
right_child=8 2 3 -5 7 -7 -8 -9 11 -11 -12 -13 -14
leaf_value=-4.5690391384331768e-05 -0.0003636109370649913 -0.00053996210097396319 -0.00059305555075669946 -0.01704853853114599 -0.0014031486375865835 0.00095730359777624881 0.0016495466563937996 -0.00042016660241017028 -0.0032082760815728105 -0.0078171255879304208 0.0025321180328321297 -0.005789425689919565 0.00015530242934460743
leaf_weight=6390 316 864 1583 55 765 1195 3282 2944 53 51 83 80 60
leaf_count=6390 316 864 1583 55 765 1195 3282 2944 53 51 83 80 60
internal_value=-2.53936e-05 0.000105399 0.00110996 -0.00172161 -0.000409067 0.000383652 0.00222865 -0.0020302 -0.00349922 -0.0012 0.000225564 -0.0088601 -0.00451327
internal_weight=17721 17078 5784 1638 11294 7585 4146 3709 643 450 399 193 113
internal_count=17721 17078 5784 1638 11294 7585 4146 3709 643 450 399 193 113
is_linear=0
shrinkage=0.03


Tree=113
num_leaves=8
num_cat=0
split_feature=4 37 4 37 36 34 16
split_gain=10.0189 15.9572 14.1059 16.811 11.3439 10.034 8.19738
threshold=7.5499999523162851 5.0703568458557138 3.4400000572204594 2.4970508813858037 0.0093353795818984526 0.011756666935980322 1.5207499861717226
decision_type=2 2 2 2 2 2 2
left_child=1 2 3 -1 6 -4 -3
right_child=-2 4 5 -5 -6 -7 -8
leaf_value=2.1942244422483935e-05 0.023866594045906728 -0.021765396898694483 0.0093949827093499465 -0.0034095249635638807 0.0024191977127736536 0.0002253460672717128 -0.0041818782625206068
leaf_weight=16331 53 101 242 620 69 249 56
leaf_count=16331 53 101 242 620 69 249 56
internal_value=-5.07872e-06 -4.41476e-05 5.84795e-05 -8.67205e-05 -0.0079646 0.00507128 -0.0124204
internal_weight=17721 17668 17442 16951 226 491 157
internal_count=17721 17668 17442 16951 226 491 157
is_linear=0
shrinkage=0.03


Tree=114
num_leaves=7
num_cat=0
split_feature=2 1 10 33 26 7
split_gain=10.6939 16.6598 11.2077 10.447 7.78608 4.75348
threshold=7.5499999523162851 5.6499998569488534 3.6207566261291508 1.4416679143905642 0.053973296657204635 5.8714284896850595
decision_type=2 2 2 2 2 2
left_child=1 2 3 -1 -2 -3
right_child=4 5 -4 -5 -6 -7
leaf_value=-2.5658579818164158e-05 -0.029637728817992551 0.019895834413283488 -0.012398527054404657 0.0030511990887814892 -0.00048147551705993765 0.0095892547117539945
leaf_weight=17064 56 51 65 361 59 65
leaf_count=17064 56 51 65 361 59 65
internal_value=-1.18503e-05 4.7711e-05 -2.74443e-05 1.89383e-05 -0.00913043 0.0113793
internal_weight=17721 17606 17490 17425 115 116
internal_count=17721 17606 17490 17425 115 116
is_linear=0
shrinkage=0.03


Tree=115
num_leaves=8
num_cat=0
split_feature=2 1 0 38 25 26 7
split_gain=9.5052 13.7659 10.2496 13.6484 12.134 6.75441 3.10101
threshold=7.5499999523162851 5.6499998569488534 2.5000000000000004 0.44647191464900976 0.65423011779785167 0.053973296657204635 5.8714284896850595
decision_type=2 2 2 2 2 2 2
left_child=1 2 4 -4 -1 -2 -3
right_child=5 6 3 -5 -6 -7 -8
leaf_value=-0.00036264827687014115 -0.028748596953452773 0.019298959380884981 -3.8875952502587935e-05 0.00060788815810394606 0.0015720503919216938 -0.00046703125154813954 0.0093015770704013758
leaf_weight=4949 56 51 9218 3131 192 59 65
leaf_count=4949 56 51 9218 3131 192 59 65
internal_value=-1.18503e-05 4.43031e-05 -2.40137e-05 0.00044457 -0.00114958 -0.0086087 0.0103448
internal_weight=17721 17606 17490 12349 5141 115 116
internal_count=17721 17606 17490 12349 5141 115 116
is_linear=0
shrinkage=0.03


Tree=116
num_leaves=9
num_cat=0
split_feature=2 4 37 8 29 10 8 26
split_gain=9.48275 12.4897 16.7517 21.4738 19.4542 15.5484 10.6722 6.75441
threshold=7.5499999523162851 3.6499999761581425 2.4970508813858037 1.5310714840888979 0.6951735019683839 0.8034438192844392 3.45714282989502 0.053973296657204635
decision_type=2 2 2 2 2 2 2 2
left_child=1 2 3 -1 -4 -3 -7 -2
right_child=7 5 4 -5 -6 6 -8 -9
leaf_value=-5.3730587084633744e-05 -0.027886139044849195 0.0084849249472870106 0.0033768318618755009 0.0021282633843605278 -0.0052493737983450228 -0.0051615140210896299 0.0042226358131826581 -0.00045302031400169536
leaf_weight=14864 56 57 144 1500 604 83 354 59
leaf_count=14864 56 57 144 1500 604 83 354 59
internal_value=-2.20078e-05 3.40793e-05 -0.000101683 9.89978e-05 -0.00449198 0.00473684 0.00281465 -0.0086087
internal_weight=17721 17606 17112 16364 748 494 437 115
internal_count=17721 17606 17112 16364 748 494 437 115
is_linear=0
shrinkage=0.03


Tree=117
num_leaves=9
num_cat=0
split_feature=2 4 37 1 8 10 8 26
split_gain=9.45286 10.6961 15.0745 25.6961 15.8825 14.13 10.0754 6.75441
threshold=7.5499999523162851 3.6499999761581425 2.7917648553848271 2.9500000476837163 1.5310714840888979 0.8034438192844392 3.45714282989502 0.053973296657204635
decision_type=2 2 2 2 2 2 2 2
left_child=1 2 4 -4 -1 -3 -7 -2
right_child=7 5 3 -5 -6 6 -8 -9
leaf_value=-5.3763380516192184e-05 -0.027049554873503714 0.0082303771988683997 -0.011647866397940878 0.00021400193551984566 0.0017509057866204544 -0.0050066686004569408 0.0040959567387871794 -0.00043942970458164452
leaf_weight=14878 56 57 216 340 1678 83 354 59
leaf_count=14878 56 57 216 340 1678 83 354 59
internal_value=-3.5551e-05 2.04476e-05 -0.000105189 -0.00496403 5.7985e-05 0.00437247 0.00254005 -0.0086087
internal_weight=17721 17606 17112 556 16556 494 437 115
internal_count=17721 17606 17112 556 16556 494 437 115
is_linear=0
shrinkage=0.03


Tree=118
num_leaves=15
num_cat=0
split_feature=14 15 34 35 20 10 31 36 37 4 9 37 20 36
split_gain=8.85808 17.2163 17.1734 16.3635 14.141 10.8524 9.58398 9.2314 7.89504 13.1452 12.4793 18.8788 15.9495 9.59311
threshold=0.81174489855766307 66.500000000000014 0.012857499066740276 0.62244814634323131 0.78150001168251049 0.44193783402442938 0.77976381778717052 0.011065258178859951 4.6871931552886972 6.7500000000000009 3.308928489685059 2.7917648553848271 0.93950000405311596 0.0090750842355191725
decision_type=2 2 2 2 2 2 2 2 2 2 2 2 2 2
left_child=8 3 6 5 -5 -2 -3 -4 10 13 11 -1 -12 -10
right_child=1 2 7 4 -6 -7 -8 -9 9 -11 12 -13 -14 -15
leaf_value=-4.0421698661776936e-05 0.0008533727532363738 0.0011489288754749155 -0.0014369113092898185 -0.0012801860439746423 0.0044853744466046572 -0.0019579730053425545 -0.0020557911260121881 0.00080368340804652097 -0.013724369478678212 0.013276344652559882 -0.0016539870050684803 -0.0064973944776281038 0.0071009372075535445 0.00097847196879263343
leaf_weight=14234 607 619 470 90 319 86 113 145 172 75 150 277 292 72
leaf_count=14234 607 619 470 90 319 86 113 145 172 75 150 277 292 72
internal_value=-4.57085e-05 0.00162924 -0.00064588 0.00441016 0.0091687 0.00160173 0.00245902 -0.00434146 -0.000314301 -0.00498433 -0.000214673 -0.000365929 0.00475113 -0.00836066
internal_weight=17721 2449 1347 1102 409 693 732 615 15272 319 14953 14511 442 244
internal_count=17721 2449 1347 1102 409 693 732 615 15272 319 14953 14511 442 244
is_linear=0
shrinkage=0.03


Tree=119
num_leaves=15
num_cat=0
split_feature=0 15 37 17 30 27 8 25 9 10 10 11 35 12
split_gain=8.65887 14.5723 22.7389 21.7082 17.9967 16.9954 11.7496 11.5279 9.17388 9.44491 9.30316 8.09908 5.59455 4.11373
threshold=2.5000000000000004 64.500000000000014 0.36939777433872228 23.095000267028812 0.072953157126903548 0.56038483977317821 1.4892857074737551 0.65423011779785167 3.308928489685059 1.0251879096031191 1.394111752510071 0.35714286565780645 0.34140628576278692 0.30357143282890325
decision_type=2 2 2 2 2 2 2 2 2 2 2 2 2 2
left_child=7 3 12 6 -4 -5 -2 8 9 -1 -10 13 -3 -9
right_child=1 2 4 5 -6 -7 -8 11 10 -11 -12 -13 -14 -15
leaf_value=-0.00033892473283238516 0.00065784043383325559 0.0015088451669201897 0.00028645096485179638 -0.00077014067855029646 -0.0011785384745582202 0.00032717992056002288 0.0048231814069690428 0.0011573697819549751 0.0044476669295852008 -0.0040719120383318833 -8.6519920643692564e-05 0.0037000639291021884 0.00035769597790245177 -0.0015641497428890317
leaf_weight=4584 2594 192 1869 1183 2655 3175 510 55 114 142 154 95 347 52
leaf_count=4584 2594 192 1869 1183 2655 3175 510 55 114 142 154 95 347 52
internal_value=-5.58659e-05 0.000371257 -0.000871025 0.00121415 -0.00156499 -0.000151446 0.00313144 -0.00108545 -0.00136964 -0.00167584 0.00402985 0.00594059 0.00495362 0.000280374
internal_weight=17721 12525 5063 7462 4524 4358 3104 5196 4994 4726 268 202 539 107
internal_count=17721 12525 5063 7462 4524 4358 3104 5196 4994 4726 268 202 539 107
is_linear=0
shrinkage=0.03


Tree=120
num_leaves=13
num_cat=0
split_feature=37 8 9 31 36 33 36 9 10 17 36 25
split_gain=8.77798 16.2466 22.2403 16.2452 11.5372 11.2458 12.6627 12.4992 6.40019 9.00526 9.43477 4.88562
threshold=0.26832713186740881 0.42785714566707617 0.48160715401172643 0.51733684539794933 0.011553311720490457 0.36744228005409246 0.0016648048185743394 0.52214285731315624 0.34517872333526617 22.159999847412113 0.0036522672744467859 0.54366037249565136
decision_type=2 2 2 2 2 2 2 2 2 2 2 2
left_child=8 2 4 -4 -2 7 -7 -3 9 10 -1 -11
right_child=1 5 3 -5 -6 6 -8 -9 -10 11 -12 -13
leaf_value=0.0031157125610136141 -0.00031156477441440328 5.1283801612354292e-05 -0.00281986907637502 -0.00047206952220118299 0.0027597900545707609 -0.00084800384353943281 4.9017656515628782e-05 0.0028440709326413779 -0.0013190527348717065 0.0010828013257429302 0.00093988004181657725 0.00014577884598198832
leaf_weight=64 1327 455 180 154 87 884 13708 296 78 61 63 364
leaf_count=64 1327 455 180 154 87 884 13708 296 78 61 63 364
internal_value=-4.90943e-05 -0.000177286 -0.00291762 -0.00988024 -0.00127298 0.000134915 -4.93421e-05 0.00371505 0.00342857 0.00456522 0.0115748 0.00247059
internal_weight=17721 17091 1748 334 1414 15343 14592 751 630 552 127 425
internal_count=17721 17091 1748 334 1414 15343 14592 751 630 552 127 425
is_linear=0
shrinkage=0.03


Tree=121
num_leaves=7
num_cat=0
split_feature=2 1 10 0 26 25
split_gain=8.31629 10.0161 9.56536 9.32606 5.79602 3.34631
threshold=7.5499999523162851 5.6499998569488534 3.6207566261291508 2.5000000000000004 0.053973296657204635 0.62458553910255443
decision_type=2 2 2 2 2 2
left_child=1 2 3 -1 -2 -3
right_child=4 5 -4 -5 -6 -7
leaf_value=-0.00023611249799779948 -0.026147089029319375 0.0069515255200462457 -0.011458029910501943 0.00012440061245680843 -0.00054372998982682083 0.019618813502192411
leaf_weight=5111 56 54 65 12314 59 62
leaf_count=5111 56 54 65 12314 59 62
internal_value=-4.57085e-05 6.81586e-06 -5.1458e-05 -8.60832e-06 -0.00808696 0.0087931
internal_weight=17721 17606 17490 17425 115 116
internal_count=17721 17606 17490 17425 115 116
is_linear=0
shrinkage=0.03


Tree=122
num_leaves=10
num_cat=0
split_feature=38 8 16 5 10 20 4 2 7
split_gain=8.38092 11.4249 10.6924 10.6367 12.5437 11.0831 10.4051 18.0173 9.23639
threshold=0.28063574433326727 0.32249999046325689 1.1430000066757204 0.83500000834465038 1.0846231579780581 0.73649999499320995 7.2000000476837167 7.2500000000000009 0.48642857372760778
decision_type=2 2 2 2 2 2 2 2 2
left_child=1 2 -1 4 -3 -5 7 8 -2
right_child=6 3 -4 5 -6 -7 -8 -9 -10
leaf_value=-0.0037496789164364859 -0.00015110564585836487 -0.00041162326084908236 -0.00014569114178752946 -0.0015144603730467118 -0.0038531590896164242 0.00055364425318458056 0.025560801832545541 -0.024029239308236049 0.00034964076981335067
leaf_weight=54 3203 3205 59 507 99 2517 52 68 7957
leaf_count=54 3203 3205 59 507 99 2517 52 68 7957
internal_value=-3.5551e-05 -0.000898929 -0.010354 -0.000730088 -0.00190678 0.000555556 0.000457447 0.00039544 0.000489247
internal_weight=17721 6441 113 6328 3304 3024 11280 11228 11160
internal_count=17721 6441 113 6328 3304 3024 11280 11228 11160
is_linear=0
shrinkage=0.03


Tree=123
num_leaves=14
num_cat=0
split_feature=37 8 9 4 17 33 9 20 3 8 25 36 13
split_gain=8.18782 13.828 18.2357 14.6192 11.7148 11.0922 11.6915 10.4671 6.13016 6.10986 5.00189 9.55203 1.94304
threshold=0.26832713186740881 0.42785714566707617 0.48160715401172643 0.3900000005960465 22.575000762939457 0.37646961212158209 0.52892857789993297 0.57150000333786022 0.29000000655651098 0.34321428835392004 0.64088085293769848 0.0036522672744467859 1.0000000180025095e-35
decision_type=2 2 2 2 2 2 2 2 2 2 2 2 2
left_child=8 2 4 -4 -2 6 -3 -7 9 12 11 -10 -1
right_child=1 5 3 -5 -6 7 -8 -9 10 -11 -12 -13 -14
leaf_value=0.0026617021859209971 0.00055803789745529177 0.00010287102664689836 -0.0029252392110745286 -0.00078632159089800163 -0.00053104891629563052 0.01010508232152544 0.0027672830855895287 -2.878531898913527e-05 0.0016823381184878365 0.00013684890017877846 -0.0009586245342583944 -0.0003924453707964736 0.001308240689933272
leaf_weight=60 472 507 116 218 942 76 303 14457 165 87 93 173 52
leaf_count=60 472 507 116 218 942 76 303 14457 165 87 93 173 52
internal_value=-2.53936e-05 -0.000149201 -0.00267735 -0.00898204 -0.00118812 0.000138826 0.00355556 -5.16067e-05 0.00333333 0.00768844 0.00132251 0.00301775 0.0123214
internal_weight=17721 17091 1748 334 1414 15343 810 14533 630 199 431 338 112
internal_count=17721 17091 1748 334 1414 15343 810 14533 630 199 431 338 112
is_linear=0
shrinkage=0.03


Tree=124
num_leaves=9
num_cat=0
split_feature=31 18 38 15 1 13 35 27
split_gain=7.94453 8.50087 12.5229 12.4721 11.3046 16.3176 13.0423 9.63269
threshold=0.32772336900234228 67.31000137329103 0.42405799031257635 55.500000000000007 2.5499999523162846 -1.0000000180025095e-35 1.0900219082832339 0.56038483977317821
decision_type=2 2 2 2 2 2 2 2
left_child=-1 4 7 -4 6 -6 -2 -3
right_child=1 2 3 -5 5 -7 -8 -9
leaf_value=0.0025561986719036265 -0.00034204559310387582 -0.00051882175340990698 -0.0011719256742593117 0.00052300987265815142 -0.0059553407514874807 0.0088241620640959507 -0.0086903572059377297 4.9922064819171963e-05
leaf_weight=93 2595 2661 391 4159 61 87 95 7579
leaf_count=93 2595 2661 391 4159 61 87 95 7579
internal_value=-3.5551e-05 -8.16882e-05 0.000206897 0.00151648 -0.00158562 0.00648649 -0.00202974 -0.000375
internal_weight=17721 17628 14790 4550 2838 148 2690 10240
internal_count=17721 17628 14790 4550 2838 148 2690 10240
is_linear=0
shrinkage=0.03


Tree=125
num_leaves=13
num_cat=0
split_feature=37 8 9 27 30 20 15 17 37 2 36 38
split_gain=8.33706 12.8668 13.9638 10.7195 17.1788 14.5406 5.92593 5.62602 5.1702 4.13517 4.73172 4.19707
threshold=0.26832713186740881 0.33107143640518194 0.49964286386966711 0.56038483977317821 0.072953157126903548 0.92849999666214 63.500000000000007 23.474999427795414 0.23854189366102221 0.3900000005960465 0.0054146826732903728 0.42405799031257635
decision_type=2 2 2 2 2 2 2 2 2 2 2 2
left_child=6 2 7 5 -5 -3 9 -2 -8 10 -1 -11
right_child=1 3 -4 4 -6 -7 8 -9 -10 11 -12 -13
leaf_value=0.00010847133595398784 -0.00017172313749255075 0.00015038726548713448 -0.0037258785705491142 0.00057858898527348844 -0.00013164239016278545 -0.00065893560527888098 0.0021828232621201064 -0.002329723542502422 0.00069970623126874181 8.9368029535658901e-05 -0.0013490651977950421 0.0016887727007549437
leaf_weight=218 259 2136 69 3975 8100 2494 94 58 95 89 65 69
leaf_count=218 259 2136 69 3975 8100 2494 94 58 95 89 65 69
internal_value=-5.58659e-05 -0.000180797 -0.00559585 -5.5672e-05 0.000414907 -0.00128294 0.00333333 -0.00293375 0.00777778 0.00142857 -0.000742049 0.00531646
internal_weight=17721 17091 386 16705 12075 4630 630 317 189 441 283 158
internal_count=17721 17091 386 16705 12075 4630 630 317 189 441 283 158
is_linear=0
shrinkage=0.03


Tree=126
num_leaves=13
num_cat=0
split_feature=37 8 10 36 15 30 9 27 9 32 16 2
split_gain=8.268 21.0386 11.7502 11.8247 11.556 11.1468 15.7715 14.573 10.4785 7.36519 6.39056 5.24396
threshold=0.32461807131767279 0.33107143640518194 0.32501055300235754 0.006333850324153901 63.500000000000007 0.072953157126903548 0.54607141017913829 0.56038483977317821 0.49964286386966711 0.025012743659317497 1.1396000385284426 0.29000000655651098
decision_type=2 2 2 2 2 2 2 2 2 2 2 2
left_child=2 8 3 4 -1 7 -7 -3 10 -4 -2 -5
right_child=1 5 9 11 -6 6 -8 -9 -10 -11 -12 -13
leaf_value=-5.7886551480081092e-05 -0.0026488431845279117 -0.00027668921592228184 -0.0028084270028362482 0.00014217637436352628 0.0008875121834898685 -0.00073965713039282502 -6.5259510988060343e-05 0.00063146786962065189 -0.0036276700241120964 9.8202227913640522e-05 -0.0004190014571245465 0.0022964232608166917
leaf_weight=747 85 2462 99 75 343 1647 8023 3778 62 86 124 190
leaf_count=747 85 2462 99 75 343 1647 8023 3778 62 86 124 190
internal_value=-3.5551e-05 -0.000235461 0.00206494 0.00303321 0.00165138 -9.42803e-05 -0.000732161 0.000894231 -0.00852399 -0.00502703 -0.005311 0.00871698
internal_weight=17721 16181 1540 1355 1090 15910 9670 6240 271 185 209 265
internal_count=17721 16181 1540 1355 1090 15910 9670 6240 271 185 209 265
is_linear=0
shrinkage=0.03


Tree=127
num_leaves=15
num_cat=0
split_feature=14 20 38 4 10 30 37 1 33 37 10 25 15 16
split_gain=8.34739 16.831 15.9668 14.5992 14.4682 9.68346 7.5429 13.7134 11.3346 13.8017 11.4371 6.34289 4.00238 3.12683
threshold=0.81174489855766307 0.96650001406669628 0.42405799031257635 0.88999998569488536 0.87849771976470958 0.11780798807740213 5.0703568458557138 5.3500001430511483 1.4416679143905642 3.3878360986709599 2.4144439697265629 0.54366037249565136 63.500000000000007 1.1459000110626223
decision_type=2 2 2 2 2 2 2 2 2 2 2 2 2 2
left_child=6 4 3 -3 11 -4 8 13 9 -1 -10 -2 -9 -8
right_child=1 2 5 -5 -6 -7 7 12 10 -11 -12 -13 -14 -15
leaf_value=-5.0122808008724422e-05 0.0018849295648286568 -0.00029216064700746661 0.0034841709160898038 0.0023809497282300026 -0.0051901297579030701 7.5470581709717458e-05 -0.01884890263299345 0.0098788869128510065 0.0050615326147119364 -0.0057895158143417428 -0.0072466821558918211 -0.00029715814819228494 -0.010199007928228785 -0.0083439031094839737
leaf_weight=14399 121 586 263 417 80 105 56 80 273 265 81 877 60 58
leaf_count=14399 121 586 263 417 80 105 56 80 273 265 81 877 60 58
internal_value=-4.57085e-05 0.00158024 0.00378556 0.00182453 -0.00122449 0.00913043 -0.000306443 -0.00543307 -0.000219736 -0.000347791 0.00508475 -0.000240481 0.000857143 -0.0131579
internal_weight=17721 2449 1371 1003 1078 368 15272 254 15018 14664 354 998 140 114
internal_count=17721 2449 1371 1003 1078 368 15272 254 15018 14664 354 998 140 114
is_linear=0
shrinkage=0.03


Tree=128
num_leaves=14
num_cat=0
split_feature=37 8 9 31 17 33 36 11 12 25 35 29 34
split_gain=8.27057 12.9011 15.6168 15.0494 10.4637 9.58798 10.5586 8.26089 5.53897 6.83158 7.42397 3.45669 2.6102
threshold=0.26832713186740881 0.42785714566707617 0.48160715401172643 0.51733684539794933 22.575000762939457 0.35279914736747747 0.0016648048185743394 0.21428572386503222 0.26785714924335485 0.54701247811317455 0.35791234672069555 0.46544894576072698 0.016132880467921499
decision_type=2 2 2 2 2 2 2 2 2 2 2 2 2
left_child=8 2 4 -4 -2 7 -7 -3 11 -10 -11 -1 -13
right_child=1 5 3 -5 -6 6 -8 -9 9 10 -12 12 -14
leaf_value=0.00060192362460870306 0.00055028560678726233 -0.0012145166095633845 -0.0026569896218499095 -0.00040746964658666039 -0.00050481849140365364 -0.00076254034551062762 5.3497379625998192e-05 0.0014382209252270337 0.0013377161337403726 0.0014419533955878667 -0.00076303595035229872 -0.0012256600991373265 4.1626812855115809e-05
leaf_weight=88 472 102 180 154 942 904 13800 537 53 273 114 50 52
leaf_count=88 472 102 180 154 942 904 13800 537 53 273 114 50 52
internal_value=-4.23227e-05 -0.000166754 -0.0026087 -0.00844311 -0.00123055 0.000111451 -4.48857e-05 0.00370892 0.00333333 0.00518182 0.00379845 -0.000947368 -0.00470588
internal_weight=17721 17091 1748 334 1414 15343 14704 639 630 440 387 190 102
internal_count=17721 17091 1748 334 1414 15343 14704 639 630 440 387 190 102
is_linear=0
shrinkage=0.03


Tree=129
num_leaves=13
num_cat=0
split_feature=18 26 35 4 1 13 35 34 12 38 12 6
split_gain=7.96973 11.3382 13.7975 15.9462 11.0563 13.7308 11.7901 9.70898 9.36061 9.35375 9.02909 6.01667
threshold=67.31000137329103 0.030451830476522449 1.6935814023017886 2.3500000238418584 2.5499999523162846 -1.0000000180025095e-35 1.0900219082832339 0.0050323742907494315 0.12500000372529033 0.29928919672966009 0.19642857462167743 1.0000000180025095e-35
decision_type=2 2 2 2 2 2 2 2 2 2 2 2
left_child=4 7 3 -3 6 -6 8 9 -1 -2 -9 -4
right_child=1 2 11 -5 5 -7 -8 10 -10 -11 -12 -13
leaf_value=-0.0034795199455731735 -0.0011752413819595038 6.9175419433639595e-05 -0.0028076872995092786 0.0027706111277712902 -0.0055986929188668582 0.0085652430220590787 -0.0084238406698735908 0.0011904058387853377 -0.00021345644343564389 0.0026843007628587308 -0.0011796095292618126 -0.016396825677239886
leaf_weight=99 62 12249 90 1165 61 87 95 134 2521 65 1039 54
leaf_count=99 62 12249 90 1165 61 87 95 134 2521 65 1039 54
internal_value=-4.90943e-05 0.000230179 0.000486797 0.000585955 -0.00149843 0.00648649 -0.0019337 -0.00244615 -0.00155725 0.00543307 -0.00329923 -0.00875
internal_weight=17721 14858 13558 13414 2863 148 2715 1300 2620 127 1173 144
internal_count=17721 14858 13558 13414 2863 148 2715 1300 2620 127 1173 144
is_linear=0
shrinkage=0.03


Tree=130
num_leaves=14
num_cat=0
split_feature=38 20 36 36 34 0 4 37 16 31 14 38 8
split_gain=8.02312 10.3625 17.6982 14.6647 13.866 8.99433 11.7319 19.185 11.2108 12.7697 6.85821 5.9744 3.55777
threshold=0.28063574433326727 0.67550000548362743 0.012477901764214041 0.012220317963510753 0.029375399462878708 1.5000000000000002 6.7500000000000009 5.0703568458557138 1.1290000081062319 0.46072162687778478 -0.56174489110708226 0.19103351235389712 0.44821427762508398
decision_type=2 2 2 2 2 2 2 2 2 2 2 2 2
left_child=1 10 3 -3 -4 8 7 -7 -2 -10 11 -1 -12
right_child=5 2 4 -5 -6 6 -8 -9 9 -11 12 -13 -14
leaf_value=0.0011142017127796237 -0.0030899804021220162 -0.00024362655268503889 0.00081337229270571408 -0.0033647455798089831 0.0030898922152510248 0.00019623525418607159 0.021414219000133648 -0.012167733841378318 -0.0015330691346738081 0.00011485443176599785 -0.0015822485419805421 -0.00078016585642415456 -0.0025936158373322036
leaf_weight=111 69 4894 681 225 128 9490 52 159 314 1196 51 57 294
leaf_count=111 69 4894 681 225 128 9490 52 159 314 1196 51 57 294
internal_value=-3.5551e-05 -0.000880298 -0.000526316 -0.00117796 0.00359703 0.000446809 0.000788578 0.000711991 -0.00165294 -0.00111258 -0.00497076 0 -0.0073913
internal_weight=17721 6441 5928 5119 809 11280 9701 9649 1579 1510 513 168 345
internal_count=17721 6441 5928 5119 809 11280 9701 9649 1579 1510 513 168 345
is_linear=0
shrinkage=0.03


Tree=131
num_leaves=12
num_cat=0
split_feature=38 20 36 36 34 35 7 36 37 8 0
split_gain=8.08756 10.9636 17.6114 14.7107 13.866 8.7646 9.47543 16.4905 12.1535 7.75246 6.26379
threshold=0.28063574433326727 0.67550000548362743 0.012477901764214041 0.012220317963510753 0.029375399462878708 0.28965483605861669 0.48642857372760778 0.0046500656753778466 0.26832713186740881 0.44321428239345556 4.5000000000000009
decision_type=2 2 2 2 2 2 2 2 2 2 2
left_child=1 9 3 -3 -4 -2 8 -8 -7 -1 -11
right_child=5 2 4 -5 -6 6 7 -9 -10 10 -12
leaf_value=-0.0015347810857211264 0.0037129264141054436 -0.00023631775610448777 0.00078897112392454268 -0.0032638032124147134 0.0029971954487934944 0.00061085139687609637 0.00096979860958433647 2.4605089679369148e-05 -0.00034208974907888194 -4.8882916318913335e-05 -0.0032129678346451127
leaf_weight=75 94 4894 681 225 128 445 2183 5858 2700 259 179
leaf_count=75 94 4894 681 225 128 445 2183 5858 2700 259 179
internal_value=-3.21652e-05 -0.000880298 -0.000516194 -0.00116624 0.00359703 0.000452128 0.000375469 0.000921527 -0.00102067 -0.00508772 -0.00356164
internal_weight=17721 6441 5928 5119 809 11280 11186 8041 3145 513 438
internal_count=17721 6441 5928 5119 809 11280 11186 8041 3145 513 438
is_linear=0
shrinkage=0.03


Tree=132
num_leaves=14
num_cat=0
split_feature=36 36 34 36 18 20 5 4 38 4 16 37 4
split_gain=8.33724 28.2887 20.1381 15.7054 15.0604 12.623 12.7608 11.5999 11.5614 9.41174 8.37341 6.31469 1.43252
threshold=0.012477901764214041 0.012025096453726293 0.029375399462878708 0.011157446075230839 69.905002593994155 0.6290000081062318 0.5900000035762788 1.1899999976158144 0.28393860161304479 2.3500000238418584 1.1783500313758852 0.68403115868568432 1.5500000119209292
decision_type=2 2 2 2 2 2 2 2 2 2 2 2 2
left_child=1 3 5 8 9 11 -7 -5 -1 -3 -4 -2 -6
right_child=2 4 10 7 12 6 -8 -9 -10 -11 -12 -13 -14
leaf_value=-0.00045593462751214724 -0.00041699850439148281 -0.0028187322100370706 0.0038480949441194578 -9.9810659531518044e-05 -0.005126649047859911 -0.0010396998154047323 0.0014132635089982777 0.0028804021712623275 7.2096561054940241e-05 0.0033608259731833998 0.0014391731095883221 -0.0037530342514567445 -0.008232779039434715
leaf_weight=4511 122 308 65 467 64 179 756 662 10321 71 84 58 53
leaf_count=4511 122 308 65 467 64 179 756 662 10321 71 84 58 53
internal_value=-2.20078e-05 -0.000202346 0.00232595 1.69162e-05 -0.00725806 0.000941704 0.00234225 0.00342781 -0.000242718 -0.00435356 0.0126846 -0.00633333 -0.0166667
internal_weight=17721 16457 1264 15961 496 1115 935 1129 14832 379 149 180 117
internal_count=17721 16457 1264 15961 496 1115 935 1129 14832 379 149 180 117
is_linear=0
shrinkage=0.03


Tree=133
num_leaves=9
num_cat=0
split_feature=31 18 38 15 20 1 25 17
split_gain=7.94453 8.26354 10.6581 11.9637 10.2599 12.9322 10.1145 9.09591
threshold=0.32772336900234228 67.31000137329103 0.42405799031257635 55.500000000000007 0.64650002121925365 2.5499999523162846 0.54701247811317455 22.805000305175785
decision_type=2 2 2 2 2 2 2 2
left_child=-1 4 6 -4 7 -6 -3 -2
right_child=1 2 3 -5 5 -7 -8 -9
leaf_value=0.0024758867366057777 -0.0055692209861087239 0.00054493301670043102 -0.0011166121451281505 0.00049533593190616331 -0.0003761430721629018 0.0063097045133314383 -0.00021092840317579655 -0.00031728933885994456
leaf_weight=93 58 1401 391 4159 2565 140 8839 75
leaf_count=93 58 1401 391 4159 2565 140 8839 75
internal_value=-3.5551e-05 -8.16882e-05 0.00020284 0.00141099 -0.00156448 -0.00116451 -0.000333984 -0.00969925
internal_weight=17721 17628 14790 4550 2838 2705 10240 133
internal_count=17721 17628 14790 4550 2838 2705 10240 133
is_linear=0
shrinkage=0.03


Tree=134
num_leaves=14
num_cat=0
split_feature=36 36 34 18 36 3 20 5 38 4 18 37 4
split_gain=7.19889 27.2408 17.8161 15.4501 13.9389 11.3233 11.1392 12.0877 10.3795 9.11153 7.87678 6.84183 1.43252
threshold=0.012477901764214041 0.012025096453726293 0.029375399462878708 69.905002593994155 0.011157446075230839 3.0499999523162846 0.6290000081062318 0.5900000035762788 0.28393860161304479 2.3500000238418584 68.845001220703139 0.68403115868568432 1.5500000119209292
decision_type=2 2 2 2 2 2 2 2 2 2 2 2 2
left_child=1 4 6 9 8 -6 11 -8 -1 -3 -4 -2 -5
right_child=2 3 10 12 5 -7 7 -9 -10 -11 -12 -13 -14
leaf_value=-0.00044150638542041719 -0.00039656528312920252 -0.0027384363566669142 0.0037469605468597304 -0.004966521724328838 0.00089219810824608676 0.011443278776979694 -0.0010021809688473163 0.0013771934558236033 6.0744638113490175e-05 0.0031844862241912218 0.0014023257683959463 -0.0036341153718177691 -0.0079794678161563982
leaf_weight=4511 122 308 61 64 1012 117 179 756 10321 71 88 58 53
leaf_count=4511 122 308 61 64 1012 117 179 756 10321 71 88 58 53
internal_value=-4.57085e-05 -0.000213283 0.00213608 -0.0071371 1.87958e-06 0.00321523 0.000834081 0.00214973 -0.000242718 -0.00419525 0.0118792 -0.006 -0.0166667
internal_weight=17721 16457 1264 496 15961 1129 1115 935 14832 379 149 180 117
internal_count=17721 16457 1264 496 15961 1129 1115 935 14832 379 149 180 117
is_linear=0
shrinkage=0.03


Tree=135
num_leaves=15
num_cat=0
split_feature=14 20 38 10 4 30 8 37 36 20 33 17 20 9
split_gain=7.20904 16.9912 15.5188 14.207 13.0892 10.7376 6.89518 15.983 15.5836 11.5484 11.2457 7.68465 6.81733 3.92157
threshold=0.81174489855766307 0.96650001406669628 0.42405799031257635 0.87849771976470958 0.88999998569488536 0.11780798807740213 0.40749999880790716 0.23854189366102221 0.005864776438102127 0.58550000190734874 0.35279914736747747 22.664999961853031 0.67550000548362743 0.72535714507102977
decision_type=2 2 2 2 2 2 2 2 2 2 2 2 2 2
left_child=6 3 4 12 -3 -4 7 11 -9 13 -11 -1 -2 -8
right_child=1 2 5 -5 -6 -7 9 8 -10 10 -12 -13 -14 -15
leaf_value=0.001732865570088472 -0.0017483829369869647 -0.0003450831712802171 0.0033504950803871186 -0.0050430048624247135 0.0020363414342880882 6.8885611987563181e-05 0.0048240244617029047 -0.00088024259224768052 0.00056517909601760323 0.0011833285066247296 -0.00010001884584158718 0.00020628595986763544 0.00023287209427204545 0.015239200162366597
leaf_weight=80 147 586 263 80 417 105 51 1006 325 640 12980 139 851 51
leaf_count=80 147 586 263 80 417 105 51 1006 325 640 12980 139 851 51
internal_value=-2.87794e-05 0.00148224 0.00369803 -0.00133581 0.00176471 0.00896739 -0.000271084 -0.00216774 -0.00340346 -5.6843e-05 -0.000132159 0.00534247 -0.000360721 0.01
internal_weight=17721 2449 1371 1078 1003 368 15272 1550 1331 13722 13620 219 998 102
internal_count=17721 2449 1371 1078 1003 368 15272 1550 1331 13722 13620 219 998 102
is_linear=0
shrinkage=0.03


Tree=136
num_leaves=14
num_cat=0
split_feature=36 36 34 18 36 20 3 5 38 4 18 37 4
split_gain=7.65361 25.5368 17.4706 16.2446 13.3537 11.4928 11.4666 9.90697 9.81703 8.52571 7.87678 6.84183 1.43252
threshold=0.012477901764214041 0.012025096453726293 0.029375399462878708 69.905002593994155 0.011157446075230839 0.6290000081062318 2.8500000238418584 0.78999999165534984 0.28393860161304479 2.3500000238418584 68.845001220703139 0.68403115868568432 1.5500000119209292
decision_type=2 2 2 2 2 2 2 2 2 2 2 2 2
left_child=1 4 5 9 8 11 -6 -7 -1 -3 -4 -2 -5
right_child=2 3 10 12 6 7 -8 -9 -10 -11 -12 -13 -14
leaf_value=-0.00042526062848255707 -0.00035694229789289819 -0.0026532827005916596 0.0036375522958291859 -0.0048145255072237257 0.00076894706340843862 -0.00048461866841797394 0.0096352238544375173 0.0016056875197139875 6.1305862400303334e-05 0.0030919522028407327 0.0013669325256008952 -0.0035220913452879876 -0.0077370832162964587
leaf_weight=4511 122 308 61 64 981 350 148 585 10321 71 88 58 53
leaf_count=4511 122 308 61 64 981 350 148 585 10321 71 88 58 53
internal_value=-1.8622e-05 -0.000191408 0.00223101 -0.00689516 1.69162e-05 0.000941704 0.00316209 0.00227807 -0.000222492 -0.00387863 0.0118792 -0.006 -0.0166667
internal_weight=17721 16457 1264 496 15961 1115 1129 935 14832 379 149 180 117
internal_count=17721 16457 1264 496 15961 1115 1129 935 14832 379 149 180 117
is_linear=0
shrinkage=0.03


Tree=137
num_leaves=14
num_cat=0
split_feature=19 15 0 38 27 25 16 16 11 3 33 33 20
split_gain=7.4984 9.74984 8.112 12.6221 11.5599 11.0506 8.78042 8.70747 8.09908 7.74998 5.72333 5.4321 4.32047
threshold=1.7800000309944155 64.500000000000014 2.5000000000000004 0.44647191464900976 0.56038483977317821 0.65423011779785167 1.1290000081062319 1.7728499770164492 0.35714286565780645 0.3900000005960465 0.60171973705291759 0.42751051485538488 0.90549999475479137
decision_type=2 2 2 2 2 2 2 2 2 2 2 2 2
left_child=2 9 5 4 -4 6 -1 -5 -7 -2 12 -11 -3
right_child=1 10 3 7 -6 8 -8 -9 -10 11 -12 -13 -14
leaf_value=-0.0016082887622436539 0.00285507129518498 -0.0029967214689760021 -0.00051281625269836595 0.00048571403136987625 0.00016844175313461914 0.00016229000698197437 -0.0002217326420637227 0.0024429309133414674 0.0033458626649151501 -0.002148472765336864 -0.005190039815009817 -0.00021492611824948838 0.00017775156219741766
leaf_weight=206 56 53 2404 2849 6572 107 4606 239 95 59 80 335 60
leaf_count=206 56 53 2404 2849 6572 107 4606 239 95 59 80 335 60
internal_value=-3.89369e-05 -0.00321928 8.08057e-05 0.000502321 -6.68449e-05 -0.000933387 -0.00122195 0.00215674 0.00594059 -0.0008 -0.0088601 -0.00228426 -0.00451327
internal_weight=17721 643 17078 12064 8976 5014 4812 3088 202 450 193 394 113
internal_count=17721 643 17078 12064 8976 5014 4812 3088 202 450 193 394 113
is_linear=0
shrinkage=0.03


Tree=138
num_leaves=12
num_cat=0
split_feature=19 15 38 8 37 4 2 3 33 13 20
split_gain=7.62667 9.74984 7.79248 8.93402 9.25979 8.49643 12.6311 6.24128 5.72333 4.88573 4.32047
threshold=1.7800000309944155 64.500000000000014 0.28063574433326727 0.31071428954601293 0.32136431336402899 7.2000000476837167 7.2500000000000009 0.3900000005960465 0.60171973705291759 -0.60785761475563038 0.90549999475479137
decision_type=2 2 2 2 2 2 2 2 2 2 2
left_child=2 7 3 -1 -5 6 -4 -2 10 -9 -3
right_child=1 8 5 4 -6 -7 -8 9 -10 -11 -12
leaf_value=-0.0030098824628540903 0.0027694191563294307 -0.0029068198249067221 0.00012728853560104784 0.0011308821158963708 -0.00028993198737967791 0.023735593664726121 -0.02228425272428099 0.00067098319520316526 -0.0050343386205595224 -0.0008782136794871242 0.00017241901533149515
leaf_weight=88 56 53 10728 327 5820 52 63 84 80 310 60
leaf_count=88 56 53 10728 327 5820 52 63 84 80 310 60
internal_value=-1.18503e-05 -0.00321928 0.000108912 -0.000736167 -0.000600293 0.000594854 0.000536558 -0.0008 -0.0088601 -0.00213198 -0.00451327
internal_weight=17721 643 17078 6235 6147 10843 10791 450 193 394 113
internal_count=17721 643 17078 6235 6147 10843 10791 450 193 394 113
is_linear=0
shrinkage=0.03


Tree=139
num_leaves=16
num_cat=0
split_feature=11 13 36 7 37 28 31 34 9 9 38 38 33 9 18
split_gain=7.14782 10.2483 13.8024 9.8929 12.48 12.9925 11.1801 11.106 11.3928 9.67519 9.60118 9.93362 9.30059 7.22688 6.10792
threshold=0.21428572386503222 1.0000000180025095e-35 0.012477901764214041 0.4435714334249497 0.39863342046737676 0.023215079214423898 0.52480867505073558 0.014305391348898413 0.58589285612106334 0.48160715401172643 0.44647191464900976 0.4043011218309403 1.0730756521224978 0.74392858147621166 69.884998321533217
decision_type=2 2 2 2 2 2 2 2 2 2 2 2 2 2 2
left_child=1 2 12 7 5 -5 -6 8 -2 -9 11 -3 -1 -4 -12
right_child=3 10 13 4 6 -7 -8 9 -10 -11 14 -13 -14 -15 -16
leaf_value=7.3812654587271717e-06 -8.9842117079523551e-05 -0.00056954490634966725 3.8924731161996449e-05 -0.0013364607675438117 -0.00032167626477619485 0.00093272567578669323 0.00050244184280730448 -0.00045431202145918595 0.003507893937649218 -0.001715373074000551 -0.0012017519094371309 0.0013496365351736293 -0.0035195089263014481 0.002825121800335461 -0.0023629504458104211
leaf_weight=3057 1407 1972 118 50 3166 911 5300 454 89 217 298 190 207 186 99
leaf_count=3057 1407 1972 118 50 3166 911 5300 454 89 217 298 190 207 186 99
internal_value=-8.46453e-06 -0.000837278 0.000201794 0.000429533 0.000849687 0.00408949 0.000481928 -0.00139825 4.0107e-05 -0.00460507 -0.00228605 -0.00149861 -0.000367647 0.00631579 -0.00657431
internal_weight=17721 6127 3568 11594 9427 961 8466 2167 1496 671 2559 2162 3264 304 397
internal_count=17721 6127 3568 11594 9427 961 8466 2167 1496 671 2559 2162 3264 304 397
is_linear=0
shrinkage=0.03


Tree=140
num_leaves=16
num_cat=0
split_feature=26 35 26 16 15 3 0 30 6 15 9 3 12 11 37
split_gain=7.1656 12.877 11.2552 16.0208 14.1457 14.0491 16.7064 11.2954 8.58564 9.64308 8.99272 7.58034 7.39744 7.06835 6.53392
threshold=0.034657223150134094 0.49226060509681707 0.03899818845093251 1.129350006580353 64.500000000000014 1.2899999618530276 5.5000000000000009 0.058563711121678359 1.0000000180025095e-35 59.500000000000007 0.49303570389747625 0.3900000005960465 0.44642856717109686 1.0000000180025095e-35 0.67565980553627025
decision_type=2 2 2 2 2 2 2 2 2 2 2 2 2 2 2
left_child=1 8 3 14 -5 7 -7 -4 9 -1 -10 12 -3 -13 -2
right_child=2 11 5 4 -6 6 -8 -9 10 -11 -12 13 -14 -15 -16
leaf_value=0.00057295288718697097 0.0024312483914346555 -0.0026075193605703852 0.00013499753806138173 0.00083832610247441667 -0.00081695418316953309 0.00012438129177756951 0.0036121495312601425 -0.00042425723957713183 9.8367508769065819e-05 -0.00042399590907545986 0.0011942491706327272 -0.0016209527220440649 -0.00064686747973556331 -0.00049730397250332314 0.001645686562217267
leaf_weight=266 193 95 3401 2182 785 1893 637 5125 257 398 200 361 69 1728 131
leaf_count=266 193 95 3401 2182 785 1893 637 5125 257 398 200 361 69 1728 131
internal_value=-1.8622e-05 -0.0012626 0.000273925 0.00181404 0.00112235 -0.000184515 0.00177866 -0.000767065 0.00136485 -0.000813253 0.00452954 -0.00256991 -0.00878049 -0.00208234 0.00814815
internal_weight=17721 3374 14347 3291 2967 11056 2530 8526 1121 664 457 2253 164 2089 324
internal_count=17721 3374 14347 3291 2967 11056 2530 8526 1121 664 457 2253 164 2089 324
is_linear=0
shrinkage=0.03


Tree=141
num_leaves=12
num_cat=0
split_feature=37 8 9 36 15 36 34 5 4 9 7
split_gain=6.82091 10.2174 12.4782 10.6375 9.16947 8.66476 13.991 13.0478 8.11557 6.69745 5.85397
threshold=0.23854189366102221 0.40749999880790716 0.48160715401172643 0.0058918907307088384 63.500000000000007 0.0016159994993358853 0.0022342005977407102 1.0000000180025095e-35 0.48999999463558203 0.44660714268684393 0.38357143104076391
decision_type=2 2 2 2 2 2 2 2 2 2 2
left_child=4 2 3 -2 9 7 -7 -3 -4 10 -1
right_child=1 5 8 -5 -6 6 -8 -9 -10 -11 -12
leaf_value=6.8938575943933099e-05 -0.00033215335175837532 -0.0092592161701470482 -0.0029997320147671725 0.00087182411894719996 0.0020885276834536472 0.0027291134353758899 4.6120113173666218e-05 -0.00041668239160662986 -0.00072094221624415325 -0.0015596643157906071 0.0018113994433163663
leaf_weight=140 992 63 104 309 94 196 14529 1035 143 57 59
leaf_count=140 992 63 104 309 94 196 14529 1035 143 57 59
internal_value=-3.21652e-05 -0.00011571 -0.00244186 -0.00126826 0.00411429 0.000111862 0.000303565 -0.00245902 -0.00862348 0.00117187 0.00376884
internal_weight=17721 17371 1548 1301 350 15823 14725 1098 247 256 199
internal_count=17721 17371 1548 1301 350 15823 14725 1098 247 256 199
is_linear=0
shrinkage=0.03


Tree=142
num_leaves=12
num_cat=0
split_feature=14 20 38 10 4 30 20 5 37 15 9
split_gain=6.81173 15.7526 14.3926 14.3373 12.5415 9.89151 6.95543 6.45534 10.459 8.61193 7.78629
threshold=0.81174489855766307 0.96650001406669628 0.42405799031257635 0.87849771976470958 1.1349999904632571 0.11780798807740213 0.67550000548362743 6.0499999523162851 5.0703568458557138 63.500000000000007 3.308928489685059
decision_type=2 2 2 2 2 2 2 2 2 2 2
left_child=7 3 4 6 -3 -4 -2 8 10 -10 -1
right_child=1 2 5 -5 -6 -7 -8 -9 9 -11 -12
leaf_value=-8.5220884109426444e-05 -0.0016919847872368667 -7.3113547474850274e-05 0.0032793975065312647 -0.0050008277861705568 0.0029535872434982343 8.3641037933823855e-05 0.00021915302574079516 0.0123837157235436 -0.0017694176764127931 -0.01786791890170409 0.0018618692257764578
leaf_weight=14515 147 716 263 80 287 105 851 66 106 98 487
leaf_count=14515 147 716 263 80 287 105 851 66 106 98 487
internal_value=-3.5551e-05 0.00143324 0.00356674 -0.00128015 0.00170489 0.0086413 -0.000300601 -0.000271084 -0.000311719 -0.00705882 -0.000219971
internal_weight=17721 2449 1371 1078 1003 368 998 15272 15206 204 15002
internal_count=17721 2449 1371 1078 1003 368 998 15272 15206 204 15002
is_linear=0
shrinkage=0.03


Tree=143
num_leaves=16
num_cat=0
split_feature=26 35 26 16 3 0 15 30 16 35 19 12 34 33 37
split_gain=7.02016 11.5155 10.9469 14.4637 13.4262 15.7873 13.3649 10.6501 8.0287 7.87071 7.83212 7.44381 7.04651 6.47066 5.63147
threshold=0.034657223150134094 0.49226060509681707 0.03899818845093251 1.129350006580353 1.2899999618530276 5.5000000000000009 64.500000000000014 0.058563711121678359 1.7728499770164492 0.48226188123226171 1.7800000309944155 0.33928571641445165 0.0077220916282385596 0.49532216787338262 0.67565980553627025
decision_type=2 2 2 2 2 2 2 2 2 2 2 2 2 2 2
left_child=1 9 3 14 7 -6 -5 -4 10 12 -3 -10 -1 -11 -2
right_child=2 8 4 6 5 -7 -8 -9 11 13 -12 -13 -14 -15 -16
leaf_value=0.00038730557172119351 0.0023594839628196885 -0.00097625112633661839 0.00012724960460197741 0.00080609605945263657 0.00012182287615231518 0.0034737046643700518 -0.00076027761351218025 -0.00040781962742776092 -0.0014482353985101986 0.00050516235937784516 -0.0032612619710760743 0.0007916983696737884 -0.00034567301818964614 0.0038756179413199573 0.0015974889884788218
leaf_weight=535 193 1479 3401 2182 1893 637 785 5125 158 98 211 405 436 52 131
leaf_count=535 193 1479 3401 2182 1893 637 785 5125 158 98 211 405 436 52 131
internal_value=-4.90943e-05 -0.00128038 0.000240468 0.00175934 -0.00021165 0.00170751 0.00110212 -0.00078114 -0.00251664 0.00120428 -0.0035503 0.000586146 0.000216272 0.0076 0.00777778
internal_weight=17721 3374 14347 3291 11056 2530 2967 8526 2253 1121 1690 563 971 150 324
internal_count=17721 3374 14347 3291 11056 2530 2967 8526 2253 1121 1690 563 971 150 324
is_linear=0
shrinkage=0.03


Tree=144
num_leaves=15
num_cat=0
split_feature=19 15 36 11 0 38 15 25 15 9 11 34 1 34
split_gain=6.94141 8.17969 9.17438 8.84008 7.24767 12.5675 11.1503 10.0427 8.56189 7.96692 7.27136 4.13733 4.93509 2.52322
threshold=1.7800000309944155 60.500000000000007 0.0029608580516651277 1.0000000180025095e-35 2.5000000000000004 0.44647191464900976 64.500000000000014 0.65423011779785167 60.500000000000007 3.308928489685059 0.35714286565780645 0.01129572791978717 0.88499999046325695 0.006203702650964261
decision_type=2 2 2 2 2 2 2 2 2 2 2 2 2 2
left_child=4 11 -3 -4 7 6 -6 9 -7 -1 -9 13 -13 -2
right_child=1 2 3 -5 5 8 -8 10 -10 -11 -12 12 -14 -15
leaf_value=-0.00034478115313588001 0.00019267727193615725 0.00042016399258410419 -0.0037693714516440929 -0.0015599626242929086 0.0002325551615623376 0.0015572778767900598 -0.00044402250549704025 6.5412096229583438e-06 0.00025967251250213694 0.0020781817217221041 0.0031655267168963245 0.0028768942781170499 -2.1880940012270894e-05 -0.0020783908002182101
leaf_weight=4552 56 50 54 273 5504 1079 3472 107 2009 260 95 62 91 57
leaf_count=4552 56 50 54 273 5504 1079 3472 107 2009 260 95 62 91 57
internal_value=-6.60234e-05 -0.00312597 -0.00596817 -0.00779817 4.91861e-05 0.000447613 -0.000120321 -0.000909454 0.00209845 -0.00118454 0.00564356 0.000902256 0.00411765 -0.00345133
internal_weight=17721 643 377 327 17078 12064 8976 5014 3088 4812 202 266 153 113
internal_count=17721 643 377 327 17078 12064 8976 5014 3088 4812 202 266 153 113
is_linear=0
shrinkage=0.03


Tree=145
num_leaves=16
num_cat=0
split_feature=26 26 7 34 16 15 35 35 35 11 8 36 6 37 15
split_gain=7.23428 10.0939 13.1111 14.037 13.0694 13.0448 12.2344 9.46496 7.54826 7.42402 11.7784 7.59365 6.59901 5.83897 5.69745
threshold=0.034657223150134094 0.03899818845093251 0.98428571224212658 0.017437067814171318 1.129350006580353 64.500000000000014 0.28965483605861669 0.49226060509681707 0.48226188123226171 1.0000000180025095e-35 0.93392857909202587 0.0095522925257682818 1.0000000180025095e-35 0.67565980553627025 62.500000000000007
decision_type=2 2 2 2 2 2 2 2 2 2 2 2 2 2 2
left_child=7 4 6 -4 13 -6 -3 8 12 10 -9 -11 -1 -2 -10
right_child=1 2 3 -5 5 -7 -8 9 14 11 -12 -13 -14 -15 -16
leaf_value=-0.00022274842808405959 0.002302020119100009 0.0039717230304620764 -9.1043727323103019e-05 0.0019564530422944855 0.00076048423738912341 -0.00072893585893725498 -0.00025684975114985929 -0.0019636618433144471 0.0003789856077996282 -0.001136244472782502 -0.00040079125832114616 0.00018599709676303834 0.00045075251369551496 0.0015425876639775873 0.002475338036043375
leaf_weight=570 193 95 2161 1334 2182 785 7466 194 89 1130 199 730 401 131 61
leaf_count=570 193 95 2161 1334 2182 785 7466 194 89 1130 199 730 401 131 61
internal_value=-6.60234e-05 0.000227922 -0.000206223 0.0013133 0.00168642 0.00106168 -0.00090861 -0.00131595 0.000936664 -0.00243675 -0.00618321 -0.00164516 -3.0896e-05 0.00740741 0.0072
internal_weight=17721 14347 11056 3495 3291 2967 7561 3374 1121 2253 393 1860 971 324 150
internal_count=17721 14347 11056 3495 3291 2967 7561 3374 1121 2253 393 1860 971 324 150
is_linear=0
shrinkage=0.03


Tree=146
num_leaves=16
num_cat=0
split_feature=11 7 37 2 37 28 31 1 13 36 9 38 38 36 18
split_gain=7.052 10.9919 11.6348 23.3087 10.9492 12.5603 10.8456 10.1746 8.80809 10.2225 8.62951 8.49169 8.35993 8.1609 5.54662
threshold=0.21428572386503222 0.4435714334249497 0.41175752878189092 0.089999999850988402 0.39863342046737676 0.023215079214423898 0.52480867505073558 0.5900000035762788 1.0000000180025095e-35 0.012477901764214041 0.74392858147621166 0.44647191464900976 0.43253138661384588 0.012025096453726293 69.884998321533217
decision_type=2 2 2 2 2 2 2 2 2 2 2 2 2 2 2
left_child=8 2 7 -4 5 -3 -6 -2 9 13 -11 12 -10 -1 -13
right_child=1 4 3 -5 6 -7 -8 -9 11 10 -12 14 -14 -15 -16
leaf_value=-1.8633018223547758e-05 0.00015340560089680918 -0.0013096568397098322 0.0034197240502431467 -0.0013133797556686819 -0.00028211717796757858 0.00090973698353226785 0.00048503481836125053 -0.00088050113781039385 -0.00046879983354276015 -2.7965851779764466e-05 0.0027829640345152706 -0.0011171120782794604 0.0019516139447496098 -0.0028599955199570181 -0.0023142549950513655
leaf_weight=3073 1191 50 102 666 3166 911 5300 208 2110 118 186 298 52 191 99
leaf_count=3073 1191 50 102 666 3166 911 5300 208 2110 118 186 298 52 191 99
internal_value=-7.2795e-05 0.000362256 -0.00156437 -0.00453125 0.000805134 0.00383975 0.000460666 6.43317e-05 -0.000896034 6.72646e-05 0.00532895 -0.00223916 -0.00149861 -0.000422794 -0.00627204
internal_weight=17721 11594 2167 768 9427 961 8466 1399 6127 3568 304 2559 2162 3264 397
internal_count=17721 11594 2167 768 9427 961 8466 1399 6127 3568 304 2559 2162 3264 397
is_linear=0
shrinkage=0.03


Tree=147
num_leaves=15
num_cat=0
split_feature=14 20 10 9 17 38 38 10 26 16 37 29 9 20
split_gain=7.12939 15.1129 14.4682 14.4064 20.9981 8.8208 6.53953 10.5616 12.3283 11.1931 10.1355 19.8685 13.7013 6.17517
threshold=0.81174489855766307 0.96650001406669628 0.87849771976470958 1.4580357074737551 22.994999885559086 0.42405799031257635 0.57823783159255993 0.59187191724777233 0.055800786241889007 1.1297500133514407 3.3878360986709599 0.6951735019683839 3.308928489685059 0.67550000548362743
decision_type=2 2 2 2 2 2 2 2 2 2 2 2 2 2
left_child=6 2 13 5 -5 -3 10 9 -9 -8 12 -12 -1 -2
right_child=1 3 -4 4 -6 -7 7 8 -10 -11 11 -13 -14 -15
leaf_value=-0.00010777457340390217 -0.0016428128616601399 6.8558855874375972e-05 -0.0049070426263914035 0.0020216406215675391 0.00991264382400504 0.0016436807228423225 0.0023870618231644153 0.0015264936767615379 0.010067976907590389 -0.00014447543269826871 0.0076216739980161834 -0.0064999447380878874 0.0033462247190596739 0.00015175343137316342
leaf_weight=12682 147 821 80 147 95 308 121 362 167 1277 71 395 197 851
leaf_count=12682 147 821 80 147 95 308 121 362 167 1277 71 395 197 851
internal_value=-6.94092e-05 0.00143324 -0.00122449 0.00352298 0.0101653 0.0020992 -0.000310372 0.0013233 0.00493384 -4.29185e-05 -0.000546272 -0.0048927 -0.000389005 -0.000240481
internal_weight=17721 2449 1078 1371 242 1129 15272 1927 529 1398 13345 466 12879 998
internal_count=17721 2449 1078 1371 242 1129 15272 1927 529 1398 13345 466 12879 998
is_linear=0
shrinkage=0.03


Tree=148
num_leaves=16
num_cat=0
split_feature=26 35 27 7 17 7 32 20 20 2 3 10 7 2 32
split_gain=6.63938 9.61647 9.12874 15.4313 16.337 13.7763 13.9302 13.5448 13.0711 7.40457 7.6721 7.23379 7.1111 5.92378 5.14175
threshold=0.034657223150134094 0.49226060509681707 0.56038483977317821 0.31642857193946844 22.575000762939457 0.31642857193946844 0.04393295198678971 0.8555000126361848 0.7775000035762788 0.78999999165534984 0.48999999463558203 0.20393919199705127 1.6214285492897036 0.48999999463558203 0.074143465608358397
decision_type=2 2 2 2 2 2 2 2 2 2 2 2 2 2 2
left_child=1 11 3 4 -2 6 -4 -7 -5 10 -3 14 -11 -13 -1
right_child=2 9 5 8 -6 7 -8 -9 -10 12 -12 13 -14 -15 -16
leaf_value=-6.8906785791908031e-05 0.003386205440157576 -0.0021202823744816638 -0.0028593586063663007 0.0016779852548265293 -0.0001182299924245345 -0.00028056281235221212 -0.00012443481858799734 0.000500691761189108 -0.00049272309527110267 0.00013605036232325115 -0.00080490310876402734 -3.4660296301460266e-05 -0.0028763648798469195 0.0011817930571675487 -0.00071222952656518196
leaf_weight=237 126 153 122 405 176 2279 254 7463 3522 922 636 346 542 471 67
leaf_count=237 126 153 122 405 176 2279 254 7463 3522 922 636 346 542 471 67
internal_value=-8.29524e-05 -0.00128038 0.000198648 -0.000971861 0.00556291 0.000687883 -0.00494681 0.000905358 -0.00147441 -0.00241012 -0.00475285 0.000990187 -0.00114754 0.00246022 -0.00296053
internal_weight=17721 3374 14347 4229 302 10118 376 9742 3927 2253 789 1121 1464 817 304
internal_count=17721 3374 14347 4229 302 10118 376 9742 3927 2253 789 1121 1464 817 304
is_linear=0
shrinkage=0.03


Tree=149
num_leaves=12
num_cat=0
split_feature=37 8 36 37 9 15 38 36 10 9 2
split_gain=7.0003 10.2118 13.9988 23.0056 11.7785 9.16947 8.56294 10.1534 10.1305 6.69745 4.78512
threshold=0.23854189366102221 0.42785714566707617 0.0056858237367123374 0.45947603881359106 0.48160715401172643 63.500000000000007 0.50404340028762828 0.0050838910974562177 1.1982809305191042 0.44660714268684393 0.3900000005960465
decision_type=2 2 2 2 2 2 2 2 2 2 2
left_child=5 2 4 -4 -2 9 8 -8 -3 10 -1
right_child=1 6 3 -5 -6 -7 7 -9 -10 -11 -12
leaf_value=0.00011669613261794056 -0.00028981377556624505 -1.1639964934738456e-05 0.0012053923907878125 -0.00087812152546574366 -0.0016296047969715465 0.0020270104245213366 0.0013626508082219011 0.00016762893809957463 -0.0025223332567894654 -0.0015226835896897577 0.0016298581920098807
leaf_weight=132 1162 11929 373 167 246 94 900 2025 569 57 67
leaf_count=132 1162 11929 373 167 246 94 900 2025 569 57 67
internal_value=-8.63382e-05 -0.000170975 -0.00221766 0.00188889 -0.00379261 0.00411429 8.75316e-05 0.00154872 -0.000254441 0.00117187 0.00376884
internal_weight=17721 17371 1948 540 1408 350 15423 2925 12498 256 199
internal_count=17721 17371 1948 540 1408 350 15423 2925 12498 256 199
is_linear=0
shrinkage=0.03


end of trees

feature_importances:
Column_35=135
Column_20=134
Column_36=116
Column_15=105
Column_37=101
Column_38=94
Column_8=78
Column_34=78
Column_10=72
Column_33=69
Column_7=63
Column_2=61
Column_11=59
Column_4=53
Column_26=53
Column_3=50
Column_13=45
Column_9=44
Column_1=42
Column_27=39
Column_31=39
Column_5=35
Column_17=35
Column_30=34
Column_19=31
Column_0=30
Column_16=28
Column_14=27
Column_18=25
Column_25=24
Column_32=24
Column_29=15
Column_6=8
Column_12=6
Column_28=5

parameters:
[boosting: gbdt]
[objective: regression_l1]
[metric: l1]
[tree_learner: serial]
[device_type: cpu]
[data_sample_strategy: bagging]
[data: ]
[valid: ]
[num_iterations: 150]
[learning_rate: 0.03]
[num_leaves: 16]
[num_threads: 4]
[seed: 20260910]
[deterministic: 1]
[force_col_wise: 1]
[force_row_wise: 0]
[histogram_pool_size: -1]
[max_depth: 4]
[min_data_in_leaf: 50]
[min_sum_hessian_in_leaf: 0.001]
[bagging_fraction: 1]
[pos_bagging_fraction: 1]
[neg_bagging_fraction: 1]
[bagging_freq: 0]
[bagging_seed: 11424]
[bagging_by_query: 0]
[feature_fraction: 1]
[feature_fraction_bynode: 1]
[feature_fraction_seed: 17335]
[extra_trees: 0]
[extra_seed: 1225]
[early_stopping_round: 0]
[early_stopping_min_delta: 0]
[first_metric_only: 0]
[max_delta_step: 0]
[lambda_l1: 0]
[lambda_l2: 0]
[linear_lambda: 0]
[min_gain_to_split: 0]
[drop_rate: 0.1]
[max_drop: 50]
[skip_drop: 0.5]
[xgboost_dart_mode: 0]
[uniform_drop: 0]
[drop_seed: 7987]
[top_rate: 0.2]
[other_rate: 0.1]
[min_data_per_group: 100]
[max_cat_threshold: 32]
[cat_l2: 10]
[cat_smooth: 10]
[max_cat_to_onehot: 4]
[top_k: 20]
[monotone_constraints: ]
[monotone_constraints_method: basic]
[monotone_penalty: 0]
[feature_contri: ]
[forcedsplits_filename: ]
[refit_decay_rate: 0.9]
[cegb_tradeoff: 1]
[cegb_penalty_split: 0]
[cegb_penalty_feature_lazy: ]
[cegb_penalty_feature_coupled: ]
[path_smooth: 0]
[interaction_constraints: ]
[verbosity: -1]
[saved_feature_importance_type: 0]
[use_quantized_grad: 0]
[num_grad_quant_bins: 4]
[quant_train_renew_leaf: 0]
[stochastic_rounding: 1]
[linear_tree: 0]
[max_bin: 255]
[max_bin_by_feature: ]
[min_data_in_bin: 3]
[bin_construct_sample_cnt: 200000]
[data_random_seed: 5053]
[is_enable_sparse: 1]
[enable_bundle: 1]
[use_missing: 1]
[zero_as_missing: 0]
[feature_pre_filter: 1]
[pre_partition: 0]
[two_round: 0]
[header: 0]
[label_column: ]
[weight_column: ]
[group_column: ]
[ignore_column: ]
[categorical_feature: ]
[forcedbins_filename: ]
[precise_float_parser: 0]
[parser_config_file: ]
[objective_seed: 1448]
[num_class: 1]
[is_unbalance: 0]
[scale_pos_weight: 1]
[sigmoid: 1]
[boost_from_average: 1]
[reg_sqrt: 0]
[alpha: 0.9]
[fair_c: 1]
[poisson_max_delta_step: 0.7]
[tweedie_variance_power: 1.5]
[lambdarank_truncation_level: 30]
[lambdarank_norm: 1]
[label_gain: ]
[lambdarank_position_bias_regularization: 0]
[eval_at: ]
[multi_error_top_k: 1]
[auc_mu_weights: ]
[num_machines: 1]
[local_listen_port: 12400]
[time_out: 120]
[machine_list_filename: ]
[machines: ]
[gpu_platform_id: -1]
[gpu_device_id: -1]
[gpu_use_dp: 0]
[num_gpu: 1]

end of parameters

pandas_categorical:null
